identity,file,path,width,height,frame,sha1,dhash,split
cattle_0100,cattle_0100_DSCF3856.jpg,BeefCattle_Muzzle_Individualized/cattle_0100/cattle_0100_DSCF3856.jpg,2088,1768,3856,40ed7e86139245bfd6f97557439b6366216e095f,c6e471313706c6c7,train
cattle_0100,cattle_0100_DSCF3858.jpg,BeefCattle_Muzzle_Individualized/cattle_0100/cattle_0100_DSCF3858.jpg,2944,2352,3858,fd41351afe75b305ba610bfa364e58fc0d6a503d,e470717d76c7c7c7,train
cattle_0100,cattle_0100_DSCF3859.jpg,BeefCattle_Muzzle_Individualized/cattle_0100/cattle_0100_DSCF3859.jpg,2736,2120,3859,d4be005f0ee6b5ff5b55d9f8ad00d07694f74375,e67074757757d7c7,train
cattle_0100,cattle_0100_DSCF3860.jpg,BeefCattle_Muzzle_Individualized/cattle_0100/cattle_0100_DSCF3860.jpg,2728,2136,3860,dd019e8efdbe38e78ecd5417dca1cca579267e27,e6e474797d76c6ce,train
cattle_0100,cattle_0100_DSCF3861.jpg,BeefCattle_Muzzle_Individualized/cattle_0100/cattle_0100_DSCF3861.jpg,2576,2048,3861,a16a4cac8f24ba7b4d94479b7f4d47c477d6e7db,e6e4f071757ec6ce,train
cattle_0100,cattle_0100_DSCF3862.jpg,BeefCattle_Muzzle_Individualized/cattle_0100/cattle_0100_DSCF3862.jpg,2392,2000,3862,74420c8425365d59ae14fb702877ebb303fb60e3,c7e4f0797d9e8ece,train
cattle_0100,cattle_0100_DSCF3865.jpg,BeefCattle_Muzzle_Individualized/cattle_0100/cattle_0100_DSCF3865.jpg,1984,1592,3865,8b8231767d23df57369716538bfd14e6e43f73c3,cae0f07161c28ece,train
cattle_0100,cattle_0100_DSCF3866.jpg,BeefCattle_Muzzle_Individualized/cattle_0100/cattle_0100_DSCF3866.jpg,2312,1752,3866,39e5669c652fdfbda1a409222cf6ca48844d92c3,92c8e17161068ece,train
cattle_0200,cattle_0200_DJI_0115.jpg,BeefCattle_Muzzle_Individualized/cattle_0200/cattle_0200_DJI_0115.jpg,2496,1472,,fa422bae12dcdff561401b99fe74b4d9710d8b0f,283179d4ce96b0f0,dev
cattle_0200,cattle_0200_DJI_0116.jpg,BeefCattle_Muzzle_Individualized/cattle_0200/cattle_0200_DJI_0116.jpg,1840,1424,,0e3b0cb6a059ea81f41c34c76e31a1a4dab2a24d,787871d096b6f0f0,dev
cattle_0200,cattle_0200_DJI_0119.jpg,BeefCattle_Muzzle_Individualized/cattle_0200/cattle_0200_DJI_0119.jpg,2032,1504,,d56748e71aaa41ecc772d74a4c7b7f58e528d893,e1e8787017171290,dev
cattle_0200,cattle_0200_DSCF3868.jpg,BeefCattle_Muzzle_Individualized/cattle_0200/cattle_0200_DSCF3868.jpg,2104,1840,3868,e898b8519804e5700077b415d4e60316209de573,e1c8e8381b131bd0,dev
cattle_0200,cattle_0200_DSCF3870.jpg,BeefCattle_Muzzle_Individualized/cattle_0200/cattle_0200_DSCF3870.jpg,2024,1744,3870,16b0f32bd1733a459c6a548771ba461f466b9412,01c868785b331bd8,dev
cattle_0200,cattle_0200_DSCF3871.jpg,BeefCattle_Muzzle_Individualized/cattle_0200/cattle_0200_DSCF3871.jpg,2032,1712,3871,256993525399326de58de07a980f773683ef0371,c9e8786c1333dbf0,dev
cattle_0200,cattle_0200_DSCF3873.jpg,BeefCattle_Muzzle_Individualized/cattle_0200/cattle_0200_DSCF3873.jpg,2088,1656,3873,d540dd0a3485c3ef300cdd168d4cccf1d5b1711b,f1f0f0b44466a6e4,dev
cattle_0200,cattle_0200_DSCF3876.jpg,BeefCattle_Muzzle_Individualized/cattle_0200/cattle_0200_DSCF3876.jpg,1632,1352,3876,213e6372b3c184581bf69a7bfa7818f419428935,f3d8f0701633b2b0,dev
cattle_0200,cattle_0200_DSCF3877.jpg,BeefCattle_Muzzle_Individualized/cattle_0200/cattle_0200_DSCF3877.jpg,1528,1240,3877,055de5c0b13b008015e81be70e73674bd576d294,71e070703676b2f0,dev
cattle_0200,cattle_0200_DSCF3879.jpg,BeefCattle_Muzzle_Individualized/cattle_0200/cattle_0200_DSCF3879.jpg,2016,1632,3879,ef1ded530b8bbf79d3daaee6f4bf48a7c4796a0c,73d0f071b636b2f0,dev
cattle_0300,cattle_0300_DJI_0122.jpg,BeefCattle_Muzzle_Individualized/cattle_0300/cattle_0300_DJI_0122.jpg,2112,1840,,e5ae08ee19d3de102258c7a7d40f2dfff7557828,eef4787deec6f0e0,train
cattle_0300,cattle_0300_DJI_0123.jpg,BeefCattle_Muzzle_Individualized/cattle_0300/cattle_0300_DJI_0123.jpg,2288,1888,,d02afa60b26cd1d23356b7e1c11a6ca036007617,eefcf96deec6f0e0,train
cattle_0300,cattle_0300_DJI_0124.jpg,BeefCattle_Muzzle_Individualized/cattle_0300/cattle_0300_DJI_0124.jpg,2384,2296,,2726e658c3cab25d9d3c82dd395768db2dbc6642,f6fe7cf4e787f0e0,train
cattle_0300,cattle_0300_DJI_0125.jpg,BeefCattle_Muzzle_Individualized/cattle_0300/cattle_0300_DJI_0125.jpg,2336,2128,,e349d642d930aacdaf6ee94951987e4822a6551b,e4fcf8f8c89ef0e0,train
cattle_0300,cattle_0300_DJI_0128.jpg,BeefCattle_Muzzle_Individualized/cattle_0300/cattle_0300_DJI_0128.jpg,1920,1552,,78cf3a18059433defee371b1120c888375331132,fcf8f9eccee6f0e0,train
cattle_0300,cattle_0300_DSCF3880.jpg,BeefCattle_Muzzle_Individualized/cattle_0300/cattle_0300_DSCF3880.jpg,2216,1768,3880,b02620da3994fde48434936c5068e710a2c4292b,e6f6747c6687c7f0,train
cattle_0300,cattle_0300_DSCF3881.jpg,BeefCattle_Muzzle_Individualized/cattle_0300/cattle_0300_DSCF3881.jpg,2104,1624,3881,8e179e6be17fe7370e6cdb9cdd560d232474da2d,e6f470786c878ee8,train
cattle_0300,cattle_0300_DSCF3882.jpg,BeefCattle_Muzzle_Individualized/cattle_0300/cattle_0300_DSCF3882.jpg,2176,1664,3882,646cd315f5b81f7ac083a24b1b6a46a81ab7160c,eef47879e98e8ef0,train
cattle_0300,cattle_0300_DSCF3883.jpg,BeefCattle_Muzzle_Individualized/cattle_0300/cattle_0300_DSCF3883.jpg,1656,1432,3883,ef5bcb102de836cea61f4253e857978f46924618,ece8e9e4cfc6e0f8,train
cattle_0300,cattle_0300_DSCF3884.jpg,BeefCattle_Muzzle_Individualized/cattle_0300/cattle_0300_DSCF3884.jpg,1840,1432,3884,81a2ec352244de7dc2aa23bf1cd49840e31e3561,f47078ecced6f8ee,train
cattle_0300,cattle_0300_DSCF3885.jpg,BeefCattle_Muzzle_Individualized/cattle_0300/cattle_0300_DSCF3885.jpg,1424,1288,3885,580a2c08d64fb87d2d0f7f017383fa38e0493352,ece8e1e0cecec070,train
cattle_0300,cattle_0300_DSCF3886.jpg,BeefCattle_Muzzle_Individualized/cattle_0300/cattle_0300_DSCF3886.jpg,1496,1288,3886,51bbdbdd23b07a2460eb16dc728a107f62b917d6,e8e8e9e0cecec0e0,train
cattle_0300,cattle_0300_DSCF3887.jpg,BeefCattle_Muzzle_Individualized/cattle_0300/cattle_0300_DSCF3887.jpg,1480,1232,3887,592f25626e1c96dac6db278b5647d7342f7f5f57,e4e0e1e0cecec0c0,train
cattle_0300,cattle_0300_DSCF3888.jpg,BeefCattle_Muzzle_Individualized/cattle_0300/cattle_0300_DSCF3888.jpg,1696,1296,3888,b3a69884f2eb05445fc1359b118b249aed65bfd3,ece9e1e0eec6e0e0,train
cattle_0300,cattle_0300_DSCF3889.jpg,BeefCattle_Muzzle_Individualized/cattle_0300/cattle_0300_DSCF3889.jpg,1824,1464,3889,f176179bc9badaf3cf858f175e0618dd2c518501,ecf47879eccef0f0,train
cattle_0300,cattle_0300_DSCF3890.jpg,BeefCattle_Muzzle_Individualized/cattle_0300/cattle_0300_DSCF3890.jpg,1816,1488,3890,fe342ce86cd53fe8561a3e9c21a34c6b061cc03c,ece0f1d1d9bce0f8,train
cattle_0300,cattle_0300_DSCF3891.jpg,BeefCattle_Muzzle_Individualized/cattle_0300/cattle_0300_DSCF3891.jpg,1840,1488,3891,7b26b3b8e02700a4425eb881ace67da0937c382d,eef47865e6e6f6e8,train
cattle_0400,cattle_0400_DJI_0129.jpg,BeefCattle_Muzzle_Individualized/cattle_0400/cattle_0400_DJI_0129.jpg,2160,1808,,5b51d3c69c5056ac47c182f8d785b846d085b0c8,acf4f0e9ed2e2ee6,train
cattle_0400,cattle_0400_DSCF3892.jpg,BeefCattle_Muzzle_Individualized/cattle_0400/cattle_0400_DSCF3892.jpg,2000,1584,3892,ab829c609fc5025fe6e2b5d13e5097db82686d3e,f0787860478399dd,train
cattle_0400,cattle_0400_DSCF3893.jpg,BeefCattle_Muzzle_Individualized/cattle_0400/cattle_0400_DSCF3893.jpg,1976,1624,3893,32fffbfd320dd3ef1ca1a9654e5db0e31f4116dc,90c8e0690f8fb6b0,train
cattle_0400,cattle_0400_DSCF3894.jpg,BeefCattle_Muzzle_Individualized/cattle_0400/cattle_0400_DSCF3894.jpg,1824,1528,3894,62ac698ea9b020273e8069c97053b42a9755f06c,c8f8fc780d0e1630,train
cattle_0400,cattle_0400_DSCF3896.jpg,BeefCattle_Muzzle_Individualized/cattle_0400/cattle_0400_DSCF3896.jpg,2296,1840,3896,bb17cb67c4d7d1265aa5c0b0c31df5b9c143aa66,9ad0e8614d8f87b0,train
cattle_0400,cattle_0400_DSCF3897.jpg,BeefCattle_Muzzle_Individualized/cattle_0400/cattle_0400_DSCF3897.jpg,2360,1944,3897,af4374e893eeab948b19aa46ae819fb5b8b2d3cd,d0c8e064478f9390,train
cattle_0400,cattle_0400_DSCF3898.jpg,BeefCattle_Muzzle_Individualized/cattle_0400/cattle_0400_DSCF3898.jpg,2440,2024,3898,b565becc37412f11c1293a47ff72506cc94e2271,d0f8f8490d1e3632,train
cattle_0500,cattle_0500_DJI_0135.jpg,BeefCattle_Muzzle_Individualized/cattle_0500/cattle_0500_DJI_0135.jpg,3168,2320,,918bfd4f5d7e255926fe42175f8c89bea8e0b166,b8d070724fcfccc0,train
cattle_0500,cattle_0500_DJI_0136.jpg,BeefCattle_Muzzle_Individualized/cattle_0500/cattle_0500_DJI_0136.jpg,3240,2322,,975bdb6b0a5e941dbd98f5428c1a18a452550d96,bcf47070db8fcec8,train
cattle_0500,cattle_0500_DJI_0139.jpg,BeefCattle_Muzzle_Individualized/cattle_0500/cattle_0500_DJI_0139.jpg,3218,2162,,3c35aea07a4b800c2cd6f0da527d9306697176fc,f8fb7c71938e8ec8,train
cattle_0500,cattle_0500_DJI_0140.jpg,BeefCattle_Muzzle_Individualized/cattle_0500/cattle_0500_DJI_0140.jpg,2909,2283,,7da5f83aa5c34a0860fead37fe2d607ac54e62be,f8fb7e79938e9efb,train
cattle_0500,cattle_0500_DSCF3900.jpg,BeefCattle_Muzzle_Individualized/cattle_0500/cattle_0500_DSCF3900.jpg,3264,2256,3900,a6654b7f15cc490336ce0a6150c0300fad143069,90d0f07050868ec9,train
cattle_0500,cattle_0500_DSCF3901.jpg,BeefCattle_Muzzle_Individualized/cattle_0500/cattle_0500_DSCF3901.jpg,2496,1812,3901,29a09203f7153dc748afcf2336686fab28893d7d,90c0d07052c6ccc4,train
cattle_0500,cattle_0500_DSCF3902.jpg,BeefCattle_Muzzle_Individualized/cattle_0500/cattle_0500_DSCF3902.jpg,2400,1752,3902,69f9469a018126c97571a314e4b88c0bec85f1d8,d090d07033c3c4c4,train
cattle_0500,cattle_0500_DSCF3904.jpg,BeefCattle_Muzzle_Individualized/cattle_0500/cattle_0500_DSCF3904.jpg,2096,1560,3904,710e74bd6194213ad343e6e06d45c5a42619b5e6,90d4f47181868e98,train
cattle_0500,cattle_0500_DSCF3905.jpg,BeefCattle_Muzzle_Individualized/cattle_0500/cattle_0500_DSCF3905.jpg,2112,1480,3905,c05db089c6d2660182fc923b5669ed9ef854e045,90f4f07181868a98,train
cattle_0500,cattle_0500_DSCF3906.jpg,BeefCattle_Muzzle_Individualized/cattle_0500/cattle_0500_DSCF3906.jpg,2144,1504,3906,9fc0528997eedc8dd069489a20beb49103a53e7c,90f4f07185869e88,train
cattle_0500,cattle_0500_DSCF3909.jpg,BeefCattle_Muzzle_Individualized/cattle_0500/cattle_0500_DSCF3909.jpg,2472,1864,3909,3fe0eaeafc5e1000c79498e24d06a842c1fa40af,90d0f071818e8a88,train
cattle_0600,cattle_0600_DJI_0141.jpg,BeefCattle_Muzzle_Individualized/cattle_0600/cattle_0600_DJI_0141.jpg,2496,2000,,f520a6651580206274c8fb23be74d045da9296f7,967468680d090888,train
cattle_0600,cattle_0600_DJI_0142.jpg,BeefCattle_Muzzle_Individualized/cattle_0600/cattle_0600_DJI_0142.jpg,2624,1840,,ac093df5111e9bcf39341b75f1d893334c12c19f,d6e47c794e1b0b48,train
cattle_0600,cattle_0600_DJI_0143.jpg,BeefCattle_Muzzle_Individualized/cattle_0600/cattle_0600_DJI_0143.jpg,2736,2016,,7389e297140f21e304e331d10d59fcacb1d2094a,96e47c7dce1b2948,train
cattle_0600,cattle_0600_DJI_0145.jpg,BeefCattle_Muzzle_Individualized/cattle_0600/cattle_0600_DJI_0145.jpg,2944,2192,,000af8786ecf12018af4125f8242b95bd61bb1fd,16f47c69cf8b0908,train
cattle_0600,cattle_0600_DJI_0146.jpg,BeefCattle_Muzzle_Individualized/cattle_0600/cattle_0600_DJI_0146.jpg,2784,2096,,97810507f90d38ede957759f46e9a4ac0a451eaa,16d4f859cf8b0908,train
cattle_0600,cattle_0600_DJI_0147.jpg,BeefCattle_Muzzle_Individualized/cattle_0600/cattle_0600_DJI_0147.jpg,3104,2352,,a76a78d0dc8556dca1d17590ae453222a7c1e197,d6f46869cf090948,train
cattle_0600,cattle_0600_DSCF3910.jpg,BeefCattle_Muzzle_Individualized/cattle_0600/cattle_0600_DSCF3910.jpg,2408,1864,3910,623e099c35d0acc0239d46649a3cccc06c950500,96d479799f1b1b99,train
cattle_0600,cattle_0600_DSCF3911.jpg,BeefCattle_Muzzle_Individualized/cattle_0600/cattle_0600_DSCF3911.jpg,2344,1872,3911,94fa9794ccef3e7dfed35713e34c899192ff3753,56e4696dcd090840,train
cattle_0600,cattle_0600_DSCF3913.jpg,BeefCattle_Muzzle_Individualized/cattle_0600/cattle_0600_DSCF3913.jpg,2400,1792,3913,26707a6f9f01fa581ef7c8aedb72f634ad2d4bab,96c479499b1b09c8,train
cattle_0600,cattle_0600_DSCF3914.jpg,BeefCattle_Muzzle_Individualized/cattle_0600/cattle_0600_DSCF3914.jpg,2328,1768,3914,0872cf43779f1ec763f6eb901e9dff91323c5493,16c47969cb090948,train
cattle_0600,cattle_0600_DSCF3915.jpg,BeefCattle_Muzzle_Individualized/cattle_0600/cattle_0600_DSCF3915.jpg,2168,1576,3915,020beb4a849a77ea922c4e479a699063652f7e62,045179599b090949,train
cattle_0600,cattle_0600_DSCF3916.jpg,BeefCattle_Muzzle_Individualized/cattle_0600/cattle_0600_DSCF3916.jpg,2184,1664,3916,4c4a9622ba5f9c58dd90a66744931e3577618340,14c079699b0b0948,train
cattle_0600,cattle_0600_DSCF3917.jpg,BeefCattle_Muzzle_Individualized/cattle_0600/cattle_0600_DSCF3917.jpg,2088,1472,3917,1d52f6db85bcabb6012675be2a22cfff19f70f58,4868684c8d0c4c48,train
cattle_0600,cattle_0600_DSCF3918.jpg,BeefCattle_Muzzle_Individualized/cattle_0600/cattle_0600_DSCF3918.jpg,2320,1776,3918,06d314e2f8ea139c3b3572f8924f452cae5125d0,6cd879499b090988,train
cattle_0600,cattle_0600_DSCF3919.jpg,BeefCattle_Muzzle_Individualized/cattle_0600/cattle_0600_DSCF3919.jpg,2160,1608,3919,fe80011ac92ac1351c1e1123b113d9c10d686e61,6cd87969c9090948,train
cattle_0600,cattle_0600_DSCF3920.jpg,BeefCattle_Muzzle_Individualized/cattle_0600/cattle_0600_DSCF3920.jpg,2120,1640,3920,f5242b540960698d0596056c5b39136388fc19e8,4c486968c9090848,train
cattle_0600,cattle_0600_DSCF3921.jpg,BeefCattle_Muzzle_Individualized/cattle_0600/cattle_0600_DSCF3921.jpg,2136,1504,3921,b02bacd07d0a53423ef66691161e7d61b5a2e4dd,96c4e569cf8b0948,train
cattle_0600,cattle_0600_DSCF3922.jpg,BeefCattle_Muzzle_Individualized/cattle_0600/cattle_0600_DSCF3922.jpg,2208,1584,3922,44fc6eb5521ee2585cddf4a0f3ace648c0ab9932,96d6e4698f1b0b88,train
cattle_0600,cattle_0600_DSCF3923.jpg,BeefCattle_Muzzle_Individualized/cattle_0600/cattle_0600_DSCF3923.jpg,2240,1552,3923,102d07ed9711a1bf025e339b09d4d2ca41fa317b,96d46569cf8b0b08,train
cattle_0700,cattle_0700_DJI_0148.jpg,BeefCattle_Muzzle_Individualized/cattle_0700/cattle_0700_DJI_0148.jpg,2704,2144,,8fb5cb52b7291647ab15d65312dafb8e3dfe422f,acf8d8940e1e3070,test
cattle_0700,cattle_0700_DJI_0154.jpg,BeefCattle_Muzzle_Individualized/cattle_0700/cattle_0700_DJI_0154.jpg,2128,1504,,6a1c75d0d09769c6de0c1463c23a8063b7ca31e6,fcdcdc8c2c1e3e76,test
cattle_0700,cattle_0700_DJI_0155.jpg,BeefCattle_Muzzle_Individualized/cattle_0700/cattle_0700_DJI_0155.jpg,2032,1712,,1100940b988744145252f3f40c4cf7cfc3db3b2f,3880c0c1870e14b0,test
cattle_0700,cattle_0700_DSCF3924.jpg,BeefCattle_Muzzle_Individualized/cattle_0700/cattle_0700_DSCF3924.jpg,2304,1960,3924,489ecb8ffb72c1c297b12c4373a962d719396fca,726068685c8fd8f8,test
cattle_0700,cattle_0700_DSCF3925.jpg,BeefCattle_Muzzle_Individualized/cattle_0700/cattle_0700_DSCF3925.jpg,2224,1880,3925,c26876b872e72d42a71281429b6fbe3c7b814241,66607878d48ed8f8,test
cattle_0700,cattle_0700_DSCF3926.jpg,BeefCattle_Muzzle_Individualized/cattle_0700/cattle_0700_DSCF3926.jpg,2280,1744,3926,ab4596122c9eda107b4a626490407e1c7fb860ad,b8e8f0f1870e94f0,test
cattle_0700,cattle_0700_DSCF3927.jpg,BeefCattle_Muzzle_Individualized/cattle_0700/cattle_0700_DSCF3927.jpg,2016,1504,3927,d24fa129c72bb14cbbc9135587ce5306d7a96ace,bce8f0f1278eb4f0,test
cattle_0700,cattle_0700_DSCF3928.jpg,BeefCattle_Muzzle_Individualized/cattle_0700/cattle_0700_DSCF3928.jpg,2016,1536,3928,a813c533db7dc9a6b244d5bb97f8a084ed338d26,bce8f0f137a6b4f0,test
cattle_0700,cattle_0700_DSCF3929.jpg,BeefCattle_Muzzle_Individualized/cattle_0700/cattle_0700_DSCF3929.jpg,2072,1576,3929,4962c00c92eddeaacfae5b6e00d104f28b4e1c18,e4ecf0f1f786b4f0,test
cattle_0700,cattle_0700_DSCF3930.jpg,BeefCattle_Muzzle_Individualized/cattle_0700/cattle_0700_DSCF3930.jpg,2040,1504,3930,cd000f45bdc14376133ffad1a25e6b2e030d9a50,64e0f07173869af8,test
cattle_0700,cattle_0700_DSCF3931.jpg,BeefCattle_Muzzle_Individualized/cattle_0700/cattle_0700_DSCF3931.jpg,1960,1360,3931,0b2d482c5051fe576e7af2cd59a932fcd2e645ed,e4e0f071739282d8,test
cattle_0700,cattle_0700_DSCF3932.jpg,BeefCattle_Muzzle_Individualized/cattle_0700/cattle_0700_DSCF3932.jpg,2000,1488,3932,d7b652bc10dd4e3bb934c73709e288caf5264f9b,bcecf0f1b186b4f0,test
cattle_0700,cattle_0700_DSCF3933.jpg,BeefCattle_Muzzle_Individualized/cattle_0700/cattle_0700_DSCF3933.jpg,1776,1369,3933,b5dfb2b795f137cdf4cc83a206fff0eb1fe06885,f67878d8879ff8f8,test
cattle_0700,cattle_0700_DSCF3934.jpg,BeefCattle_Muzzle_Individualized/cattle_0700/cattle_0700_DSCF3934.jpg,1788,1344,3934,b9cdd28d140934fb03c4b4c7887c9263d8385121,e4787850879ef8f8,test
cattle_0700,cattle_0700_DSCF3935.jpg,BeefCattle_Muzzle_Individualized/cattle_0700/cattle_0700_DSCF3935.jpg,1836,1440,3935,ec789b2ec7ab15f4fed64665cfb3cbc724198a8a,64e07870d786d8f8,test
cattle_0700,cattle_0700_DSCF3936.jpg,BeefCattle_Muzzle_Individualized/cattle_0700/cattle_0700_DSCF3936.jpg,1860,1476,3936,fce5fadb6cc616a8c8bb7774bbef3d20284e8c63,ece4f0718786b2f0,test
cattle_0800,cattle_0800_DJI_0156.jpg,BeefCattle_Muzzle_Individualized/cattle_0800/cattle_0800_DJI_0156.jpg,3104,2704,,b5f50efa51bf79b0bf7e6f76b11016ed7df2b34e,e4f070e0ce8e9880,train
cattle_0800,cattle_0800_DJI_0157.jpg,BeefCattle_Muzzle_Individualized/cattle_0800/cattle_0800_DJI_0157.jpg,2976,2464,,10ae2bdb347512a4aa65b7e837ffd147b4f18b0b,e8f0f0e08a0a1290,train
cattle_0800,cattle_0800_DJI_0158.jpg,BeefCattle_Muzzle_Individualized/cattle_0800/cattle_0800_DJI_0158.jpg,2656,2128,,2e15620f87f4b4ab35445eff7125fd150f63ae93,f67878f086868e92,train
cattle_0800,cattle_0800_DJI_0160.jpg,BeefCattle_Muzzle_Individualized/cattle_0800/cattle_0800_DJI_0160.jpg,2784,2272,,051a60e74852e80ec673e7f38fd82e0914768bfe,f4f0f1e00e1e96b6,train
cattle_0800,cattle_0800_DJI_0161.jpg,BeefCattle_Muzzle_Individualized/cattle_0800/cattle_0800_DJI_0161.jpg,2784,2400,,f7d66cc8520295180855ca0707cb169feecf89d9,f67878f0c68f8a90,train
cattle_0800,cattle_0800_DJI_0162.jpg,BeefCattle_Muzzle_Individualized/cattle_0800/cattle_0800_DJI_0162.jpg,2976,2352,,43eb4d9b27be1130d56a32f9f8afdfb625884c70,f4f070f08e8e9eb2,train
cattle_0800,cattle_0800_DSCF3937.jpg,BeefCattle_Muzzle_Individualized/cattle_0800/cattle_0800_DSCF3937.jpg,2136,1632,3937,b9832e49b3bdcc76ca41863c7665ab94a949b5ff,e8f071f0c08eccc2,train
cattle_0800,cattle_0800_DSCF3938.jpg,BeefCattle_Muzzle_Individualized/cattle_0800/cattle_0800_DSCF3938.jpg,1936,1472,3938,ebb3243d1d51f319b83246a5f251c2110469ecc8,c8f0f1f0c08ac8c0,train
cattle_0800,cattle_0800_DSCF3939.jpg,BeefCattle_Muzzle_Individualized/cattle_0800/cattle_0800_DSCF3939.jpg,1928,1504,3939,b0d7c706c66db20080fbd0bbb0c950c9a2f73996,ecf871f1888e9cb4,train
cattle_0800,cattle_0800_DSCF3942.jpg,BeefCattle_Muzzle_Individualized/cattle_0800/cattle_0800_DSCF3942.jpg,1832,1296,3942,327f0d37548dae4be98021c3b71746a01563d43b,ccf0f170f0c6c2c0,train
cattle_0800,cattle_0800_DSCF3944.jpg,BeefCattle_Muzzle_Individualized/cattle_0800/cattle_0800_DSCF3944.jpg,1888,1376,3944,d6131bec4cd1cc0fb9dc9a484d9996b9ccf5ae28,c8f07070f2c6c2c0,train
cattle_0800,cattle_0800_DSCF3945.jpg,BeefCattle_Muzzle_Individualized/cattle_0800/cattle_0800_DSCF3945.jpg,1776,1344,3945,3de8c4b7ae4cc280b60e3503526812158f0dd0d3,e6f0f1f1808c9cf4,train
cattle_0800,cattle_0800_DSCF3946.jpg,BeefCattle_Muzzle_Individualized/cattle_0800/cattle_0800_DSCF3946.jpg,1680,1352,3946,d305e291889d4333301b95a27473c40c19766786,e6f8f8f0808e8eb6,train
cattle_0800,cattle_0800_DSCF3947.jpg,BeefCattle_Muzzle_Individualized/cattle_0800/cattle_0800_DSCF3947.jpg,1873,1512,3947,1a431ffd3fed96f4d72197981c7c3d02a4f54b7e,e6f070f1c08e86b6,train
cattle_0800,cattle_0800_DSCF3948.jpg,BeefCattle_Muzzle_Individualized/cattle_0800/cattle_0800_DSCF3948.jpg,1777,1432,3948,d43080a30f54a0195f82761ea0d209f7d5729acb,e4f070f0c286c6d0,train
cattle_0900,cattle_0900_DJI_0163.jpg,BeefCattle_Muzzle_Individualized/cattle_0900/cattle_0900_DJI_0163.jpg,2256,1920,,0ab8d0346955cf4ac55b1560e2e77ed4441439bb,2d216169383ca4f8,train
cattle_0900,cattle_0900_DJI_0164.jpg,BeefCattle_Muzzle_Individualized/cattle_0900/cattle_0900_DJI_0164.jpg,2240,1872,,95378a567151b5e6603f7f76e885c8b1e5a3d3db,29212129383c28f0,train
cattle_0900,cattle_0900_DJI_0165.jpg,BeefCattle_Muzzle_Individualized/cattle_0900/cattle_0900_DJI_0165.jpg,2304,1920,,81cc8aa39bd5c42c470b52d947e0262c068047c7,69212169383ca098,train
cattle_0900,cattle_0900_DJI_0166.jpg,BeefCattle_Muzzle_Individualized/cattle_0900/cattle_0900_DJI_0166.jpg,2160,1840,,213511c45c9906baf1ce6fe51ab851026ee05c4a,69216169381cb490,train
cattle_0900,cattle_0900_DSCF3950.jpg,BeefCattle_Muzzle_Individualized/cattle_0900/cattle_0900_DSCF3950.jpg,2592,2296,3950,8e578d28ac84bc95de6e89d1fbd99ac1ff44ef6f,98e0e1e1283c24e0,train
cattle_0900,cattle_0900_DSCF3951.jpg,BeefCattle_Muzzle_Individualized/cattle_0900/cattle_0900_DSCF3951.jpg,2632,2232,3951,1ff7f7bb316b54b3a4d5259e35efb4a8a631ad25,98e0e0e1281ca4e0,train
cattle_0900,cattle_0900_DSCF3952.jpg,BeefCattle_Muzzle_Individualized/cattle_0900/cattle_0900_DSCF3952.jpg,2992,2392,3952,84a0eb20044f23f6eca39b6431ccbe3b258da029,c8e0e0e0a88ca4e4,train
cattle_0900,cattle_0900_DSCF3953.jpg,BeefCattle_Muzzle_Individualized/cattle_0900/cattle_0900_DSCF3953.jpg,2072,1792,3953,02ed54c13f9677f771f3ff4b96a3a422f8a1d414,9cc0e1e0ec9c84c8,train
cattle_0900,cattle_0900_DSCF3954.jpg,BeefCattle_Muzzle_Individualized/cattle_0900/cattle_0900_DSCF3954.jpg,2136,1760,3954,799acff35d22618f6c9eb2ec750ebf9897c31246,9ce0e0e0e89c8ca0,train
cattle_0900,cattle_0900_DSCF3956.jpg,BeefCattle_Muzzle_Individualized/cattle_0900/cattle_0900_DSCF3956.jpg,2272,1808,3956,5efb27d6caec3523f9d064179bcb687b59f843f0,9ce0e060648e84c8,train
cattle_0900,cattle_0900_DSCF3957.jpg,BeefCattle_Muzzle_Individualized/cattle_0900/cattle_0900_DSCF3957.jpg,2176,1744,3957,32e2ee36c95d955a34a477006cb3d53238880a0b,8ce0e160648ed4cc,train
cattle_0900,cattle_0900_DSCF3958.jpg,BeefCattle_Muzzle_Individualized/cattle_0900/cattle_0900_DSCF3958.jpg,2120,1736,3958,92b9b56bf92c7fc998d74613843e758ec2c37886,9ce0e0e06c8c84cc,train
cattle_1000,cattle_1000_DJI_0170.jpg,BeefCattle_Muzzle_Individualized/cattle_1000/cattle_1000_DJI_0170.jpg,3152,2512,,f9105b1ba09a258a84f1f8cce1e2304b5b1c192b,f87071f2b3b9f8d8,train
cattle_1000,cattle_1000_DJI_0171.jpg,BeefCattle_Muzzle_Individualized/cattle_1000/cattle_1000_DJI_0171.jpg,3056,2384,,cedc87b4cb7f32109914a01d9a29c22903d65f2d,f070707032b3b2f8,train
cattle_1000,cattle_1000_DJI_0176.jpg,BeefCattle_Muzzle_Individualized/cattle_1000/cattle_1000_DJI_0176.jpg,2320,1968,,60bb3d1317be0dc6ac00d196950393b354c9cb46,f4e0e1e1e676b2b0,train
cattle_1000,cattle_1000_DJI_0177.jpg,BeefCattle_Muzzle_Individualized/cattle_1000/cattle_1000_DJI_0177.jpg,2384,2000,,080a8055b2beba2edfb7ad7ece7addf3e1235712,f8e1e1e1e633b0b0,train
cattle_1000,cattle_1000_DSCF3960.jpg,BeefCattle_Muzzle_Individualized/cattle_1000/cattle_1000_DSCF3960.jpg,2744,2184,3960,3a91881391640d724bfbe830c14630396b83b3d9,f8f8f0717333b2f0,train
cattle_1000,cattle_1000_DSCF3961.jpg,BeefCattle_Muzzle_Individualized/cattle_1000/cattle_1000_DSCF3961.jpg,2656,2112,3961,6154c48385af2f3a7a053d0d38d7c3327e9a223f,fcf0f0f1f2b6b2f0,train
cattle_1000,cattle_1000_DSCF3962.jpg,BeefCattle_Muzzle_Individualized/cattle_1000/cattle_1000_DSCF3962.jpg,2280,1776,3962,7d1579118c72c51a6ab19ca8d82df220c03bfe14,eee4e1e566f6f2f0,train
cattle_1000,cattle_1000_DSCF3963.jpg,BeefCattle_Muzzle_Individualized/cattle_1000/cattle_1000_DSCF3963.jpg,2488,1952,3963,baaed4a1d0f1ec1040c993402a3dde630dcdcf33,eef4f075e6f6f2f8,train
cattle_1000,cattle_1000_DSCF3965.jpg,BeefCattle_Muzzle_Individualized/cattle_1000/cattle_1000_DSCF3965.jpg,2744,2040,3965,52b3b9ab0db2cba11802cfb1a82710ff0d9fc3f0,fef8707136b6f2f8,train
cattle_1000,cattle_1000_DSCF3966.jpg,BeefCattle_Muzzle_Individualized/cattle_1000/cattle_1000_DSCF3966.jpg,2408,2104,3966,1537ad2067478e9714127a640681a8c06a86c3d9,b4f0e1e16466f2b8,train
cattle_1000,cattle_1000_DSCF3967.jpg,BeefCattle_Muzzle_Individualized/cattle_1000/cattle_1000_DSCF3967.jpg,2576,1960,3967,597cea7c90f41d7c7cc36cf237e2eae14ec7ad5b,fef4f07076b7f2f0,train
cattle_1000,cattle_1000_DSCF3968.jpg,BeefCattle_Muzzle_Individualized/cattle_1000/cattle_1000_DSCF3968.jpg,2552,1936,3968,96570261d1e77f7fe68700a8a62b571bdaf2a24c,f6f4707166b6f2f0,train
cattle_1100,cattle_1100_DJI_0181.jpg,BeefCattle_Muzzle_Individualized/cattle_1100/cattle_1100_DJI_0181.jpg,2096,1776,,7358c4c7b76691addb97d0a29ba85d9d5683484d,f2f0787074f6f0c0,dev
cattle_1100,cattle_1100_DJI_0185.jpg,BeefCattle_Muzzle_Individualized/cattle_1100/cattle_1100_DJI_0185.jpg,1600,1296,,23e12d770155255bce560470b1722189a1c52bf5,8670707070f6f0c6,dev
cattle_1100,cattle_1100_DSCF3971.jpg,BeefCattle_Muzzle_Individualized/cattle_1100/cattle_1100_DSCF3971.jpg,2216,1728,3971,05b0e805257cd0daa387e9afe71f7a6307722c08,a6e4e0f261ece4f0,dev
cattle_1100,cattle_1100_DSCF3972.jpg,BeefCattle_Muzzle_Individualized/cattle_1100/cattle_1100_DSCF3972.jpg,2160,1696,3972,1acce98bdf8b657c94be46deb84c1e93dc7f3fdc,a6e4e07161e4e4f4,dev
cattle_1100,cattle_1100_DSCF3973.jpg,BeefCattle_Muzzle_Individualized/cattle_1100/cattle_1100_DSCF3973.jpg,1952,1488,3973,18c7dc862d348595ee8c9e935ab0d8958067b817,c3f2707071f4f6f0,dev
cattle_1100,cattle_1100_DSCF3975.jpg,BeefCattle_Muzzle_Individualized/cattle_1100/cattle_1100_DSCF3975.jpg,1960,1504,3975,d517ab92deb28415559e24ca6e959951f9d6ea84,a2f0707171f6f4f0,dev
cattle_1100,cattle_1100_DSCF3976.jpg,BeefCattle_Muzzle_Individualized/cattle_1100/cattle_1100_DSCF3976.jpg,1816,1384,3976,b5e41ae66831db7cab58e4447cfb46e4adee9b24,82f2f07071f6f6f0,dev
cattle_1100,cattle_1100_DSCF3978.jpg,BeefCattle_Muzzle_Individualized/cattle_1100/cattle_1100_DSCF3978.jpg,2432,1904,3978,29de84005d9e0274a6d337e5658208ab5a33ebcd,aaf0f0f071f0f0f0,dev
cattle_1100,cattle_1100_DSCF3981.jpg,BeefCattle_Muzzle_Individualized/cattle_1100/cattle_1100_DSCF3981.jpg,2320,1824,3981,cef67ba3cb49d61ecd7195c59eba071b5376ed6f,82f070b071f0f0f0,dev
cattle_1100,cattle_1100_DSCF3982.jpg,BeefCattle_Muzzle_Individualized/cattle_1100/cattle_1100_DSCF3982.jpg,2196,1776,3982,0e2a2b5073cbd27b3809286d6e9709bb3cf9a56c,a2f0707071f0f0f0,dev
cattle_1200,cattle_1200_DJI_0188.jpg,BeefCattle_Muzzle_Individualized/cattle_1200/cattle_1200_DJI_0188.jpg,2624,1984,,dd4edfd639a490893d2e383759529dad54a23757,f370f8fdcfc7b302,dev
cattle_1200,cattle_1200_DJI_0190.jpg,BeefCattle_Muzzle_Individualized/cattle_1200/cattle_1200_DJI_0190.jpg,2832,2208,,9b39cc88faa2af171e876a5de57d1f3e10fa543d,fbf9f8fa6fefb393,dev
cattle_1200,cattle_1200_DSCF3984.jpg,BeefCattle_Muzzle_Individualized/cattle_1200/cattle_1200_DSCF3984.jpg,2344,1824,3984,bda26f143ca46672c3506f39a62b3e3fe225df02,e3f0f0f165cee282,dev
cattle_1200,cattle_1200_DSCF3985.jpg,BeefCattle_Muzzle_Individualized/cattle_1200/cattle_1200_DSCF3985.jpg,2224,1672,3985,7b772881db0104c7f2954a0246cad6b199c4c999,e2f0f0f165eec2c0,dev
cattle_1200,cattle_1200_DSCF3986.jpg,BeefCattle_Muzzle_Individualized/cattle_1200/cattle_1200_DSCF3986.jpg,2256,1696,3986,d5003800cd48a1b6c1135823baa3f259fdb10d77,e6e4e0f175cee2c0,dev
cattle_1200,cattle_1200_DSCF3987.jpg,BeefCattle_Muzzle_Individualized/cattle_1200/cattle_1200_DSCF3987.jpg,2312,1744,3987,b6af1cd63407d4b3c767e13a69f75f9a241440ad,e2e4e0f165cea282,dev
cattle_1200,cattle_1200_DSCF3988.jpg,BeefCattle_Muzzle_Individualized/cattle_1200/cattle_1200_DSCF3988.jpg,2288,1752,3988,2292dc4b5d3fee944900cfa077f4431ecb462288,e6f0f0f161cca0a0,dev
cattle_1200,cattle_1200_DSCF3989.jpg,BeefCattle_Muzzle_Individualized/cattle_1200/cattle_1200_DSCF3989.jpg,2232,1712,3989,cb93fa4c2611c100be95d31c2b8e36b07da99e48,e2f0f0f165cc8082,dev
cattle_1200,cattle_1200_DSCF3990.jpg,BeefCattle_Muzzle_Individualized/cattle_1200/cattle_1200_DSCF3990.jpg,1968,1408,3990,748f2daa02a52ecf1f5484a9f106583b0157fe3b,e2f0f07171cce0a0,dev
cattle_1200,cattle_1200_DSCF3991.jpg,BeefCattle_Muzzle_Individualized/cattle_1200/cattle_1200_DSCF3991.jpg,2072,1584,3991,020057f6b7cc10ee584cbaf281131be04a887d29,e2f4f0f16dcc9082,dev
cattle_1200,cattle_1200_DSCF3992.jpg,BeefCattle_Muzzle_Individualized/cattle_1200/cattle_1200_DSCF3992.jpg,1832,1328,3992,eebf164e87688ff94b7fc24d17c322ae6d3f48e1,e2f0f07171cec080,dev
cattle_1300,cattle_1300_DJI_0198.jpg,BeefCattle_Muzzle_Individualized/cattle_1300/cattle_1300_DJI_0198.jpg,2304,1920,,93ae2a482c8b69e190555349eaf25f66564eba50,81d4f0e8c8c8c8f8,train
cattle_1300,cattle_1300_DJI_0199.jpg,BeefCattle_Muzzle_Individualized/cattle_1300/cattle_1300_DJI_0199.jpg,2672,1952,,0153f7fb8df004cb6123b7835abbadbccb3e5f22,0888d0f0d080c0c0,train
cattle_1300,cattle_1300_DJI_0202.jpg,BeefCattle_Muzzle_Individualized/cattle_1300/cattle_1300_DJI_0202.jpg,2608,2336,,d740ec7c735503fa5869f63974ee7a88274c416c,dcf07cc888d8d8d0,train
cattle_1300,cattle_1300_DSCF3995.jpg,BeefCattle_Muzzle_Individualized/cattle_1300/cattle_1300_DSCF3995.jpg,2208,1640,3995,5f89e2cc41c54d2a71d828da2268ca8bd23c27da,80d0f0f0c8d0d0f0,train
cattle_1300,cattle_1300_DSCF3996.jpg,BeefCattle_Muzzle_Individualized/cattle_1300/cattle_1300_DSCF3996.jpg,1984,1632,3996,90bc74c14d4b5fbddddf0c7e03faccf88260e556,08c8e0f09090f0f0,train
cattle_1300,cattle_1300_DSCF3998.jpg,BeefCattle_Muzzle_Individualized/cattle_1300/cattle_1300_DSCF3998.jpg,2064,1704,3998,5d5d248f9862342aff6ae490dbdebd0ad1b7d9eb,04d8f8e8c8c8d0d0,train
cattle_1300,cattle_1300_DSCF3999.jpg,BeefCattle_Muzzle_Individualized/cattle_1300/cattle_1300_DSCF3999.jpg,2104,1648,3999,4b0dc792e9fbd254a1ac37745438c90ae3f74537,80c0f0f19090f0f0,train
cattle_1300,cattle_1300_DSCF4001.jpg,BeefCattle_Muzzle_Individualized/cattle_1300/cattle_1300_DSCF4001.jpg,1952,1600,4001,ffe938e01a8dc5c6148538cc476ee0e1f6123e9f,84c0f0f0d098d0f0,train
cattle_1300,cattle_1300_DSCF4002.jpg,BeefCattle_Muzzle_Individualized/cattle_1300/cattle_1300_DSCF4002.jpg,1944,1568,4002,031cad68ed7ddaa58de3822abc90204f77748ca5,00c0f0f0c090d0f0,train
cattle_1300,cattle_1300_DSCF4003.jpg,BeefCattle_Muzzle_Individualized/cattle_1300/cattle_1300_DSCF4003.jpg,1936,1480,4003,952e45618bdc3dd3d2483772b6c5a23ff213d3dd,80c070f1d0d0f0f0,train
cattle_1300,cattle_1300_DSCF4004.jpg,BeefCattle_Muzzle_Individualized/cattle_1300/cattle_1300_DSCF4004.jpg,1920,1456,4004,0a06b5eddd946199542b6b924c693e48883e9d83,80d070f0c8c0f0f0,train
cattle_1300,cattle_1300_DSCF4005.jpg,BeefCattle_Muzzle_Individualized/cattle_1300/cattle_1300_DSCF4005.jpg,1768,1392,4005,710baa14d5178f105f093bcaaebb7751cbebc8c9,00c0f0f0c8c0d0f0,train
cattle_1400,cattle_1400_DJI_0206.jpg,BeefCattle_Muzzle_Individualized/cattle_1400/cattle_1400_DJI_0206.jpg,1872,1552,,ee14b75e5273539c8fee2fb25a5415d935bd8512,80d0d1d090103000,train
cattle_1400,cattle_1400_DJI_0207.jpg,BeefCattle_Muzzle_Individualized/cattle_1400/cattle_1400_DJI_0207.jpg,2032,1696,,f8f9b4f128f5bb67aa72f042678a7d158ce2b89b,86e86868c8889880,train
cattle_1400,cattle_1400_DJI_0208.jpg,BeefCattle_Muzzle_Individualized/cattle_1400/cattle_1400_DJI_0208.jpg,2096,1824,,a8d1d1d45c3f484864b6caf3a584a026d6b0b97b,82c87070881830b0,train
cattle_1400,cattle_1400_DJI_0209.jpg,BeefCattle_Muzzle_Individualized/cattle_1400/cattle_1400_DJI_0209.jpg,2160,1728,,0c36fcc297fcbe1338b9bab74e4babdff9a6dc9a,ca6868c81b1830d6,train
cattle_1400,cattle_1400_DJI_0212.jpg,BeefCattle_Muzzle_Individualized/cattle_1400/cattle_1400_DJI_0212.jpg,1616,1424,,ba8db6e4fc46d2d8f40ef363c908bbc05c9dae16,c7e868688988b8f0,train
cattle_1400,cattle_1400_DSCF4006.jpg,BeefCattle_Muzzle_Individualized/cattle_1400/cattle_1400_DSCF4006.jpg,1680,1408,4006,811cafae68fa0ec783224c127ca5763d4e2a4071,c4e0e1c1e0ece4ec,train
cattle_1400,cattle_1400_DSCF4007.jpg,BeefCattle_Muzzle_Individualized/cattle_1400/cattle_1400_DSCF4007.jpg,1616,1328,4007,66115ec15a9fbf361741cc85f397f69be243b885,c4f0e1e1e4e6f2e6,train
cattle_1400,cattle_1400_DSCF4008.jpg,BeefCattle_Muzzle_Individualized/cattle_1400/cattle_1400_DSCF4008.jpg,2168,1728,4008,308813608718b6aad9892ae90a8b1596eaed3652,e6603064c4c4c8d0,train
cattle_1400,cattle_1400_DSCF4009.jpg,BeefCattle_Muzzle_Individualized/cattle_1400/cattle_1400_DSCF4009.jpg,1944,1648,4009,c39ed971dc2eb58cf13d8b212dd6ebe3ab77caa5,d760343064c4c0c0,train
cattle_1400,cattle_1400_DSCF4011.jpg,BeefCattle_Muzzle_Individualized/cattle_1400/cattle_1400_DSCF4011.jpg,1952,1544,4011,8d09436a7023c534923a28eb0d6fda4cc285f4d1,82c8e0e169c888c0,train
cattle_1400,cattle_1400_DSCF4013.jpg,BeefCattle_Muzzle_Individualized/cattle_1400/cattle_1400_DSCF4013.jpg,2344,1984,4013,417db3024255250368c4feb9d37f536cf05415a5,c2c0c06149888080,train
cattle_1400,cattle_1400_DSCF4014.jpg,BeefCattle_Muzzle_Individualized/cattle_1400/cattle_1400_DSCF4014.jpg,1752,1344,4014,f3e594c44b092b93e8360f6dfed0ce14bb937deb,82c8607169c8c8d0,train
cattle_1400,cattle_1400_DSCF4015.jpg,BeefCattle_Muzzle_Individualized/cattle_1400/cattle_1400_DSCF4015.jpg,1792,1432,4015,a4aceed1e29303c439fcd982fa7aafd9296157dc,93c06869608888d0,train
cattle_1500,cattle_1500_DSCF7159.jpg,BeefCattle_Muzzle_Individualized/cattle_1500/cattle_1500_DSCF7159.jpg,316,254,7159,26428ee06461cb2a20480cd14a0721ce1c216db1,4cccc0e071968e9e,test
cattle_1500,cattle_1500_DSCF7160.jpg,BeefCattle_Muzzle_Individualized/cattle_1500/cattle_1500_DSCF7160.jpg,309,239,7160,47318501575afb31e5b4f9f02f1651b4be9cb1d0,cec8e0e1511e0e9e,test
cattle_1500,cattle_1500_DSCF7161.jpg,BeefCattle_Muzzle_Individualized/cattle_1500/cattle_1500_DSCF7161.jpg,312,243,7161,157b0fabcb8f0126e05f53e67b2d4b860a012794,cec8e06051968e9e,test
cattle_1500,cattle_1500_DSCF7162.jpg,BeefCattle_Muzzle_Individualized/cattle_1500/cattle_1500_DSCF7162.jpg,312,247,7162,aedf812febad32cdd8bbda08579e7943c6a0a974,ccc8e0e071168e9e,test
cattle_1500,cattle_1500_DSCF7163.jpg,BeefCattle_Muzzle_Individualized/cattle_1500/cattle_1500_DSCF7163.jpg,319,247,7163,74fd5fc6220d2b37a7aa414d71a52e142ac9ef24,cec8e0e171968e8e,test
cattle_1600,cattle_1600_DSCF7261.jpg,BeefCattle_Muzzle_Individualized/cattle_1600/cattle_1600_DSCF7261.jpg,491,379,7261,cccfe7f8c7e9a03e4979572d7a766db75c036148,c8e8e0f131828e8c,test
cattle_1600,cattle_1600_DSCF7262.jpg,BeefCattle_Muzzle_Individualized/cattle_1600/cattle_1600_DSCF7262.jpg,490,375,7262,48ef3d168041b9205c644abe182450be12f5a64c,cae0e0f1338a8e8c,test
cattle_1600,cattle_1600_DSCF7264.jpg,BeefCattle_Muzzle_Individualized/cattle_1600/cattle_1600_DSCF7264.jpg,501,380,7264,6296ce6000d7d5f19cfac1810f8309d7d5f1d9ed,c8e8e07133868e8c,test
cattle_1600,cattle_1600_DSCF7268.jpg,BeefCattle_Muzzle_Individualized/cattle_1600/cattle_1600_DSCF7268.jpg,483,374,7268,585f48d32ac4873efd367d5b7c5bfe513a4594af,c8e0e0f137828ecc,test
cattle_1600,cattle_1600_DSCF7269.jpg,BeefCattle_Muzzle_Individualized/cattle_1600/cattle_1600_DSCF7269.jpg,486,380,7269,59fb9034a2e25bdd7501de420076fb0112e57de7,c8e0e061378a86c4,test
cattle_1600,cattle_1600_DSCF7270.jpg,BeefCattle_Muzzle_Individualized/cattle_1600/cattle_1600_DSCF7270.jpg,488,379,7270,e14bb2e2b105f3f59ee858002f099d96ff9768d7,cae0e071378286cc,test
cattle_1600,cattle_1600_DSCF7272.jpg,BeefCattle_Muzzle_Individualized/cattle_1600/cattle_1600_DSCF7272.jpg,500,367,7272,ef6f97d199c83be2801239c4afeddf090af6fc39,c8e4e0f0b0828ec0,test
cattle_1600,cattle_1600_DSCF7273.jpg,BeefCattle_Muzzle_Individualized/cattle_1600/cattle_1600_DSCF7273.jpg,500,367,7273,cde2dbe2cd334b7f66d8d22ccf1b582d1c6c8c71,e8ece0f071828e8e,test
cattle_1600,cattle_1600_DSCF7274.jpg,BeefCattle_Muzzle_Individualized/cattle_1600/cattle_1600_DSCF7274.jpg,496,368,7274,ad710aca307cdcb73d14a2f0fa2c1b2034a6dc95,c8e4e0f032828e86,test
cattle_1700,cattle_1700_DSCF7425.jpg,BeefCattle_Muzzle_Individualized/cattle_1700/cattle_1700_DSCF7425.jpg,169,135,7425,4fc6bff83ec2fbaa35ca85bed50816926e027a87,0fccf871d88cccc8,test
cattle_1700,cattle_1700_DSCF7426.jpg,BeefCattle_Muzzle_Individualized/cattle_1700/cattle_1700_DSCF7426.jpg,166,130,7426,dc25c8453047e5d3d9ed07ca8792094c126221aa,0eccf879c88ec8c8,test
cattle_1700,cattle_1700_DSCF7428.jpg,BeefCattle_Muzzle_Individualized/cattle_1700/cattle_1700_DSCF7428.jpg,170,131,7428,765b9593ea3575520fb2c1515d4c0dd3bde450ca,0fcce871f88c8cc8,test
cattle_1700,cattle_1700_DSCF7429.jpg,BeefCattle_Muzzle_Individualized/cattle_1700/cattle_1700_DSCF7429.jpg,172,130,7429,467e1cbbbfcd9167a5ead23d56c15e9be360d225,0ecce07178cec8c0,test
cattle_1700,cattle_1700_DSCF7430.jpg,BeefCattle_Muzzle_Individualized/cattle_1700/cattle_1700_DSCF7430.jpg,167,131,7430,1889f80dca50f7714cb74a818e755ae1df8cb636,0eccf071d98c88c8,test
cattle_1700,cattle_1700_DSCF7432.jpg,BeefCattle_Muzzle_Individualized/cattle_1700/cattle_1700_DSCF7432.jpg,166,132,7432,0c89d46ee1635ae84d8a96e4c7951590aa14033e,0f8ce871798c8cc8,test
cattle_1700,cattle_1700_DSCF7433.jpg,BeefCattle_Muzzle_Individualized/cattle_1700/cattle_1700_DSCF7433.jpg,176,130,7433,d13a8f87499a9d8ca671216f32411ff7b8b37c10,0f8ce871f0ceccc8,test
cattle_1700,cattle_1700_DSCF7434.jpg,BeefCattle_Muzzle_Individualized/cattle_1700/cattle_1700_DSCF7434.jpg,174,132,7434,ce62c8b1a2b6877c509beaa75a8c56eec4fa256f,0fcce071f8cec4c0,test
cattle_1700,cattle_1700_DSCF7435.jpg,BeefCattle_Muzzle_Individualized/cattle_1700/cattle_1700_DSCF7435.jpg,169,133,7435,d73e9562e5e6dff81528ee0df38093b93f0c114c,0eccf871d88ec8c0,test
cattle_1800,cattle_1800_DSCF7535.jpg,BeefCattle_Muzzle_Individualized/cattle_1800/cattle_1800_DSCF7535.jpg,808,602,7535,7914d22d927c9691d1d8ddeb92c6284570f56d43,28a2ccec6d8e8ade,dev
cattle_1800,cattle_1800_DSCF7536.jpg,BeefCattle_Muzzle_Individualized/cattle_1800/cattle_1800_DSCF7536.jpg,797,588,7536,aa1a9983a1560798aaad0c4619dfd92c7dba7e33,a2e2cce86f8acace,dev
cattle_1800,cattle_1800_DSCF7537.jpg,BeefCattle_Muzzle_Individualized/cattle_1800/cattle_1800_DSCF7537.jpg,1064,832,7537,2fb6cb5ed92462218678b616279f8e6e252eff10,b0c6ec6c1f8fdadc,dev
cattle_1800,cattle_1800_DSCF7539.jpg,BeefCattle_Muzzle_Individualized/cattle_1800/cattle_1800_DSCF7539.jpg,1072,792,7539,5a0cd8360a949400ea4001af56b6ba8526a12bb7,a0c0cc6c098adade,dev
cattle_1800,cattle_1800_DSCF7540.jpg,BeefCattle_Muzzle_Individualized/cattle_1800/cattle_1800_DSCF7540.jpg,1088,808,7540,d42b716c88acc721e5440bf22e67b9a5bc8e734c,a0e0ccec498adbde,dev
cattle_1800,cattle_1800_DSCF7541.jpg,BeefCattle_Muzzle_Individualized/cattle_1800/cattle_1800_DSCF7541.jpg,1088,800,7541,2755d6ceb90ab9ceb826fb23252878080cf7c62f,a8e0ccc8098edad6,dev
cattle_1800,cattle_1800_DSCF7542.jpg,BeefCattle_Muzzle_Individualized/cattle_1800/cattle_1800_DSCF7542.jpg,1088,800,7542,83392eca84e8596828400d4e33b8b43bbdc37e05,a0e0ccc8498edada,dev
cattle_1800,cattle_1800_DSCF7543.jpg,BeefCattle_Muzzle_Individualized/cattle_1800/cattle_1800_DSCF7543.jpg,1080,760,7543,051fa01e35d7dda02f9338608281bc75c4c552fb,a0c0ccd8499eded2,dev
cattle_1800,cattle_1800_DSCF7545.jpg,BeefCattle_Muzzle_Individualized/cattle_1800/cattle_1800_DSCF7545.jpg,1096,784,7545,7149bfe27b103faac585cf5218644704b5a1bbac,a8c4c8d8499edada,dev
cattle_1800,cattle_1800_DSCF7546.jpg,BeefCattle_Muzzle_Individualized/cattle_1800/cattle_1800_DSCF7546.jpg,1072,760,7546,55ac8a1d056146cb082b044fd7b210dd9da75de8,80a4c8d8499e9ad2,dev
cattle_1800,cattle_1800_DSCF7548.jpg,BeefCattle_Muzzle_Individualized/cattle_1800/cattle_1800_DSCF7548.jpg,1064,784,7548,92422286dd9ea7ebefd1b7439ae22e538f3c2421,80c0d8d8499edada,dev
cattle_1800,cattle_1800_DSCF7549.jpg,BeefCattle_Muzzle_Individualized/cattle_1800/cattle_1800_DSCF7549.jpg,1048,768,7549,41f0be3722b4e29df8e2ec46472194632f69f6ee,c0c4d8d81996dada,dev
cattle_1800,cattle_1800_DSCF7550.jpg,BeefCattle_Muzzle_Individualized/cattle_1800/cattle_1800_DSCF7550.jpg,1040,760,7550,6403f17672cf74edfe8170e016fd2dbd4b60e3b3,40c098d8199696d2,dev
cattle_1800,cattle_1800_DSCF7551.jpg,BeefCattle_Muzzle_Individualized/cattle_1800/cattle_1800_DSCF7551.jpg,1096,872,7551,ca5d0adb8d17af4358e72c1f162ba4487b542a5f,90c09810919696d2,dev
cattle_1800,cattle_1800_DSCF7552.jpg,BeefCattle_Muzzle_Individualized/cattle_1800/cattle_1800_DSCF7552.jpg,1072,840,7552,fb6002f3ad01943c6b957076320c2b4af0246374,10409830111796d2,dev
cattle_1800,cattle_1800_DSCF7553.jpg,BeefCattle_Muzzle_Individualized/cattle_1800/cattle_1800_DSCF7553.jpg,1160,880,7553,58eed2ab27f0a7670888dc7dc2cc6eb222df9f41,50c0d8c9498e9bc2,dev
cattle_1800,cattle_1800_DSCF7554.jpg,BeefCattle_Muzzle_Individualized/cattle_1800/cattle_1800_DSCF7554.jpg,1144,872,7554,43a4990acd56b6bc37073eb1ccb8c627123b37a1,50c0d8d9099e9bca,dev
cattle_1800,cattle_1800_DSCF7555.jpg,BeefCattle_Muzzle_Individualized/cattle_1800/cattle_1800_DSCF7555.jpg,1144,872,7555,0526304895a1c1008ce2aa9b3fcb8738a0abfe65,50c098d919969aca,dev
cattle_1800,cattle_1800_DSCF7556.jpg,BeefCattle_Muzzle_Individualized/cattle_1800/cattle_1800_DSCF7556.jpg,1136,848,7556,51d4bdce7386b8475ff564a0a91846748183b5f8,508098d9119692ca,dev
cattle_1900,cattle_1900_DSCF6804.jpg,BeefCattle_Muzzle_Individualized/cattle_1900/cattle_1900_DSCF6804.jpg,212,146,6804,f61ad13100fed08f1fa16eff2f569573517a18f3,f2e8e8c8692b8704,dev
cattle_1900,cattle_1900_DSCF6805.jpg,BeefCattle_Muzzle_Individualized/cattle_1900/cattle_1900_DSCF6805.jpg,214,152,6805,d1311f4f6e90e3bd3530be090fe22f248ede86f5,e3e8e8e869298f84,dev
cattle_1900,cattle_1900_DSCF6806.jpg,BeefCattle_Muzzle_Individualized/cattle_1900/cattle_1900_DSCF6806.jpg,369,246,6806,1a81932d171714cb0b49de096ddf82133628ee1e,e2e8e8e9692b86ce,dev
cattle_1900,cattle_1900_DSCF6807.jpg,BeefCattle_Muzzle_Individualized/cattle_1900/cattle_1900_DSCF6807.jpg,362,239,6807,3e5f48bececdbbde3012c7c8e2623531d2a84475,e2e8c8c9692b26ce,dev
cattle_1900,cattle_1900_DSCF6808.jpg,BeefCattle_Muzzle_Individualized/cattle_1900/cattle_1900_DSCF6808.jpg,367,231,6808,cdbeb890351761526c58f3ed6ed6f778337d327a,a2e8c8686929878e,dev
cattle_1900,cattle_1900_DSCF6809.jpg,BeefCattle_Muzzle_Individualized/cattle_1900/cattle_1900_DSCF6809.jpg,369,273,6809,72427c304d00b177fc7ef225ad986c5578f228f2,f2e8e8696b1f1a1b,dev
cattle_1900,cattle_1900_DSCF6811.jpg,BeefCattle_Muzzle_Individualized/cattle_1900/cattle_1900_DSCF6811.jpg,356,245,6811,ad83dd1882d1a6ade89f66379ab86d4beeb9f38a,e3e8c8e8692b1f8c,dev
cattle_2000,cattle_2000_DSCF8470.jpg,BeefCattle_Muzzle_Individualized/cattle_2000/cattle_2000_DSCF8470.jpg,289,242,8470,8709dc97f74f6ad44aec9db7a463ee47728043fe,8cd8d0e1518e8e8c,test
cattle_2000,cattle_2000_DSCF8471.jpg,BeefCattle_Muzzle_Individualized/cattle_2000/cattle_2000_DSCF8471.jpg,296,234,8471,48bbe96026bda52709a351c91543dd73439018ad,8cd8f061511c9c9c,test
cattle_2000,cattle_2000_DSCF8472.jpg,BeefCattle_Muzzle_Individualized/cattle_2000/cattle_2000_DSCF8472.jpg,306,234,8472,131a271e4434962ea46402a19114b919037b50ce,88ccf871518e8e9c,test
cattle_2000,cattle_2000_DSCF8473.jpg,BeefCattle_Muzzle_Individualized/cattle_2000/cattle_2000_DSCF8473.jpg,304,227,8473,e5b0821449a9f3275f71b345890f0093eafb22c7,88ccf871511c9e9c,test
cattle_2000,cattle_2000_DSCF8492.jpg,BeefCattle_Muzzle_Individualized/cattle_2000/cattle_2000_DSCF8492.jpg,315,230,8492,4445d3cd7aa27c38170ef915ffd88e42519e462e,c8cce961618c8c8c,test
cattle_2000,cattle_2000_DSCF8493.jpg,BeefCattle_Muzzle_Individualized/cattle_2000/cattle_2000_DSCF8493.jpg,306,220,8493,bab793c567d66e89e34fc607fc6a8bd2ec76cbae,c8cce461218686c4,test
cattle_2000,cattle_2000_DSCF8494.jpg,BeefCattle_Muzzle_Individualized/cattle_2000/cattle_2000_DSCF8494.jpg,302,223,8494,d1e5aa8b059a88cd4178e66b089982e9a180594d,cccce861258686c6,test
cattle_2000,cattle_2000_DSCF8495.jpg,BeefCattle_Muzzle_Individualized/cattle_2000/cattle_2000_DSCF8495.jpg,300,233,8495,b35d1759409b1eb7937442841ac688ab9dade428,dc9cc861618e86c6,test
cattle_2000,cattle_2000_DSCF8496.jpg,BeefCattle_Muzzle_Individualized/cattle_2000/cattle_2000_DSCF8496.jpg,297,225,8496,d441939ff04dbc3e3f7778f5a73f5fc742595d0b,ccccc861618686c6,test
cattle_2000,cattle_2000_DSCF8498.jpg,BeefCattle_Muzzle_Individualized/cattle_2000/cattle_2000_DSCF8498.jpg,296,228,8498,67203dcf07076e964ad05b1ba511f810329ed194,f8c8c961698686c6,test
cattle_2200,cattle_2200_DSCF8727.jpg,BeefCattle_Muzzle_Individualized/cattle_2200/cattle_2200_DSCF8727.jpg,864,810,8727,89ce419180ead3eb2f09875c61177bfcc1e1bbe1,10e0c0c1082cacfc,train
cattle_2200,cattle_2200_DSCF8729.jpg,BeefCattle_Muzzle_Individualized/cattle_2200/cattle_2200_DSCF8729.jpg,828,756,8729,6e7bc771c6a899463b33a00591b3067ff7551a6c,30e0c0c1092cacdc,train
cattle_2200,cattle_2200_DSCF8730.jpg,BeefCattle_Muzzle_Individualized/cattle_2200/cattle_2200_DSCF8730.jpg,846,792,8730,99a70629954dc30e0ad175ae2df0200b96e7c51b,9160c0c1082cacec,train
cattle_2200,cattle_2200_DSCF8731.jpg,BeefCattle_Muzzle_Individualized/cattle_2200/cattle_2200_DSCF8731.jpg,846,720,8731,497018acd21e38fe0325c6cf51ad9e28d0ba5fca,60c0c141080cacdc,train
cattle_2200,cattle_2200_DSCF8732.jpg,BeefCattle_Muzzle_Individualized/cattle_2200/cattle_2200_DSCF8732.jpg,810,738,8732,dde92fe449c0901900ea2afbbf3332ebeb483c72,20c0c000082cacdc,train
cattle_2220,cattle_2220_DSCF1700.jpg,BeefCattle_Muzzle_Individualized/cattle_2220/cattle_2220_DSCF1700.jpg,563,409,1700,e77e917e09a365b0e6efb6380971f9ae171080a4,87cefcf0d0040591,dev
cattle_2220,cattle_2220_DSCF1701.jpg,BeefCattle_Muzzle_Individualized/cattle_2220/cattle_2220_DSCF1701.jpg,555,417,1701,17117bcea36ff13ec4f9b5c74337d5528eac6a38,87cefcf894040599,dev
cattle_2220,cattle_2220_DSCF1702.jpg,BeefCattle_Muzzle_Individualized/cattle_2220/cattle_2220_DSCF1702.jpg,556,424,1702,772635d93007e4be3bf84870d477251a93f0303f,07cefcf0d4040599,dev
cattle_2220,cattle_2220_DSCF1703.jpg,BeefCattle_Muzzle_Individualized/cattle_2220/cattle_2220_DSCF1703.jpg,565,429,1703,101116770110b85be1ac3cc09e6a1efcd98f47b4,a5c6fcf0d4040599,dev
cattle_2220,cattle_2220_DSCF1704.jpg,BeefCattle_Muzzle_Individualized/cattle_2220/cattle_2220_DSCF1704.jpg,571,444,1704,9d18998afe975915a01757a147dc038da1fbd4dd,27cef4f0d084a599,dev
cattle_2220,cattle_2220_DSCF1705.jpg,BeefCattle_Muzzle_Individualized/cattle_2220/cattle_2220_DSCF1705.jpg,563,434,1705,790189de9010ecd65ff9c083a2c83074c34a224f,27c6f4f0d484a58d,dev
cattle_2300,cattle_2300_DSCF8861.jpg,BeefCattle_Muzzle_Individualized/cattle_2300/cattle_2300_DSCF8861.jpg,488,382,8861,e75de36deda4bef6115eed2af22d663759aeb1fc,9ee0e1410f0e2e8e,test
cattle_2300,cattle_2300_DSCF8862.jpg,BeefCattle_Muzzle_Individualized/cattle_2300/cattle_2300_DSCF8862.jpg,493,381,8862,e1c6ecd99fd7f81314791f3e4a6330fbb90c4e4b,9ee0e1410c1e2e8c,test
cattle_2300,cattle_2300_DSCF8865.jpg,BeefCattle_Muzzle_Individualized/cattle_2300/cattle_2300_DSCF8865.jpg,489,370,8865,ab1e233fc852f209dbf958927c1487085767a243,9ef0e1e1191e3e0c,test
cattle_2300,cattle_2300_DSCF8866.jpg,BeefCattle_Muzzle_Individualized/cattle_2300/cattle_2300_DSCF8866.jpg,490,380,8866,c7ad0bcc018b320cbc72292f3c6ce06acd489ed8,9ef0e1e11c1e2e0c,test
cattle_2300,cattle_2300_DSCF8868.jpg,BeefCattle_Muzzle_Individualized/cattle_2300/cattle_2300_DSCF8868.jpg,487,389,8868,850093848d45780ef8f31348427bc84660ffa188,9cf0e0e11d1e2e0c,test
cattle_2300,cattle_2300_DSCF8870.jpg,BeefCattle_Muzzle_Individualized/cattle_2300/cattle_2300_DSCF8870.jpg,493,387,8870,9c692612adcd6a2c2e32e2833cc66db782d8bf63,8cf0e0e1191e3e8c,test
cattle_2300,cattle_2300_DSCF8871.jpg,BeefCattle_Muzzle_Individualized/cattle_2300/cattle_2300_DSCF8871.jpg,500,368,8871,57a2dadbc1023d9ef65543417d7365bce5d4b463,9cd0e161091e1e2c,test
cattle_2300,cattle_2300_DSCF8872.jpg,BeefCattle_Muzzle_Individualized/cattle_2300/cattle_2300_DSCF8872.jpg,492,364,8872,ab9005ec0e68830cb8b14ba34dc5aac2ecb6de69,9ed0e061090e1e0c,test
cattle_2300,cattle_2300_DSCF8873.jpg,BeefCattle_Muzzle_Individualized/cattle_2300/cattle_2300_DSCF8873.jpg,501,372,8873,4c6957803d2748512ed72335efd0e97b95376753,9ef0e161091e2e0c,test
cattle_2300,cattle_2300_DSCF8874.jpg,BeefCattle_Muzzle_Individualized/cattle_2300/cattle_2300_DSCF8874.jpg,498,374,8874,f161f1b85514de1ff1dfb7bc83bcee78cd98e243,8ef0f061091e0e0c,test
cattle_2300,cattle_2300_DSCF8875.jpg,BeefCattle_Muzzle_Individualized/cattle_2300/cattle_2300_DSCF8875.jpg,504,374,8875,094e93ee6efb52022c063b6de68def368a95b2ec,8cd0e061091e1e0c,test
cattle_2300,cattle_2300_DSCF8877.jpg,BeefCattle_Muzzle_Individualized/cattle_2300/cattle_2300_DSCF8877.jpg,492,362,8877,2e6e6f8df20b5003fd0ded5b6ba22af8f74143e9,9cf0e1610f0e1eae,test
cattle_2300,cattle_2300_DSCF8879.jpg,BeefCattle_Muzzle_Individualized/cattle_2300/cattle_2300_DSCF8879.jpg,492,380,8879,7cc3981e51219e6f93648c6280f7ba0044a01cbd,9ed0e1610d0e1eae,test
cattle_2300,cattle_2300_DSCF8882.jpg,BeefCattle_Muzzle_Individualized/cattle_2300/cattle_2300_DSCF8882.jpg,513,382,8882,bdd98bf72bb3febec5f402746bc82ab3f817bc04,9cf0e1610e0e0eac,test
cattle_2320,cattle_2320_DSCF1673.jpg,BeefCattle_Muzzle_Individualized/cattle_2320/cattle_2320_DSCF1673.jpg,637,507,1673,c23bc1b5713ac988292320442ddf1984f1fcad0d,8eccf8f88c8e8ea8,test
cattle_2320,cattle_2320_DSCF1682.jpg,BeefCattle_Muzzle_Individualized/cattle_2320/cattle_2320_DSCF1682.jpg,634,514,1682,08c24698c8a4ebbc6a1b9c17bb473ff1b0e0176a,0eccf8f88c8e8e98,test
cattle_2320,cattle_2320_DSCF1685.jpg,BeefCattle_Muzzle_Individualized/cattle_2320/cattle_2320_DSCF1685.jpg,627,519,1685,dce307802fb5935c3fbf71139ba8d5552ed1392f,0eccf8f88c0e8aac,test
cattle_2400,cattle_2400_DSCF8887.jpg,BeefCattle_Muzzle_Individualized/cattle_2400/cattle_2400_DSCF8887.jpg,537,384,8887,9fe9e798c65c5b5676f834649baf6985032d6dca,8c88e8f1f191b0f0,train
cattle_2400,cattle_2400_DSCF8888.jpg,BeefCattle_Muzzle_Individualized/cattle_2400/cattle_2400_DSCF8888.jpg,548,400,8888,6c2af7e656457e19927ce2bca0e56015c61c4ecf,8ccce8f1b191d870,train
cattle_2400,cattle_2400_DSCF8889.jpg,BeefCattle_Muzzle_Individualized/cattle_2400/cattle_2400_DSCF8889.jpg,553,400,8889,d5e881205b7dd32fb5f0400cdf08dcd630dda8ba,8ecce8f0f191d070,train
cattle_2400,cattle_2400_DSCF8891.jpg,BeefCattle_Muzzle_Individualized/cattle_2400/cattle_2400_DSCF8891.jpg,539,390,8891,10f9a50436b81f1c6e054b69bfe74211249a3eb0,8e8ce8f0f19198f0,train
cattle_2400,cattle_2400_DSCF8893.jpg,BeefCattle_Muzzle_Individualized/cattle_2400/cattle_2400_DSCF8893.jpg,568,405,8893,7598b96ff7068b86b283626d94d9cee506433825,8ccce8f0f191d8f0,train
cattle_2400,cattle_2400_DSCF8896.jpg,BeefCattle_Muzzle_Individualized/cattle_2400/cattle_2400_DSCF8896.jpg,542,392,8896,2f8fb47d7c98061d03d201e009876b3c9453638e,8c8ce8f1b19190f0,train
cattle_2400,cattle_2400_DSCF8898.jpg,BeefCattle_Muzzle_Individualized/cattle_2400/cattle_2400_DSCF8898.jpg,547,398,8898,c7341c3349c7692e115c76f0424a8329435cc081,8e8ce8f0b191d0f0,train
cattle_2400,cattle_2400_DSCF8899.jpg,BeefCattle_Muzzle_Individualized/cattle_2400/cattle_2400_DSCF8899.jpg,544,387,8899,08e6ff5bfb19be27eca9408bee9160e8e075d1af,8ecce8f09191d870,train
cattle_2400,cattle_2400_DSCF8903.jpg,BeefCattle_Muzzle_Individualized/cattle_2400/cattle_2400_DSCF8903.jpg,527,384,8903,43c9c34cebe071f85f078361b231a26b12579729,8ecce8f0b091d8f0,train
cattle_2400,cattle_2400_DSCF8907.jpg,BeefCattle_Muzzle_Individualized/cattle_2400/cattle_2400_DSCF8907.jpg,555,380,8907,a6cc32a480b144157e420fd86e385380116d16be,8ccce8f0b191d2f0,train
cattle_2500,cattle_2500_DSCF8959.jpg,BeefCattle_Muzzle_Individualized/cattle_2500/cattle_2500_DSCF8959.jpg,928,639,8959,03a526182f70d03823f66b1de4daf92bd6d3bcbf,eef8f071739eb705,train
cattle_2500,cattle_2500_DSCF8960.jpg,BeefCattle_Muzzle_Individualized/cattle_2500/cattle_2500_DSCF8960.jpg,909,631,8960,1695ebbca0778d6a0cc59117c4069ba1e1f2050e,eef8f0f1fb9eb705,train
cattle_2500,cattle_2500_DSCF8961.jpg,BeefCattle_Muzzle_Individualized/cattle_2500/cattle_2500_DSCF8961.jpg,909,624,8961,437ba764395e135647d8e6ae8de72082b1c10c0f,eef8f8f1f39abf07,train
cattle_2500,cattle_2500_DSCF8963.jpg,BeefCattle_Muzzle_Individualized/cattle_2500/cattle_2500_DSCF8963.jpg,923,619,8963,ccfca4ae631d6700435b183efb388ae0050ab3ad,eed8f8f0719e9e27,train
cattle_2500,cattle_2500_DSCF8964.jpg,BeefCattle_Muzzle_Individualized/cattle_2500/cattle_2500_DSCF8964.jpg,921,621,8964,7cc4b4dcb9643f2b2ec4dc7280078b4437d8744a,eef8f8717b9a9f07,train
cattle_2500,cattle_2500_DSCF8966.jpg,BeefCattle_Muzzle_Individualized/cattle_2500/cattle_2500_DSCF8966.jpg,911,604,8966,033391dd92917b65475ece4c4be4a32dc9e8d5d4,eef8f071fb9abf07,train
cattle_2500,cattle_2500_DSCF8967.jpg,BeefCattle_Muzzle_Individualized/cattle_2500/cattle_2500_DSCF8967.jpg,919,606,8967,d578fa0296897a946dea1636745081f91cd82b22,eef8f0f1f19ebe27,train
cattle_2500,cattle_2500_DSCF8968.jpg,BeefCattle_Muzzle_Individualized/cattle_2500/cattle_2500_DSCF8968.jpg,928,624,8968,c8d598a40e464c2a85a97f41cc2e5bf02c33c36d,eef8f071719abf07,train
cattle_2500,cattle_2500_DSCF8973.jpg,BeefCattle_Muzzle_Individualized/cattle_2500/cattle_2500_DSCF8973.jpg,929,626,8973,e48f7789385c8378b31d290f9720780b220a41ee,eef8f878719e9e27,train
cattle_2500,cattle_2500_DSCF8974.jpg,BeefCattle_Muzzle_Individualized/cattle_2500/cattle_2500_DSCF8974.jpg,944,629,8974,02b6916edd145f76a3cf96453fe03784cc8ed8e5,eef8f0f1f19ebf05,train
cattle_2500,cattle_2500_DSCF8977.jpg,BeefCattle_Muzzle_Individualized/cattle_2500/cattle_2500_DSCF8977.jpg,937,652,8977,2bb714409f75dcea04dbe51185dbeed5c2dc35ec,eef8f8f1719ebf07,train
cattle_2500,cattle_2500_DSCF8979.jpg,BeefCattle_Muzzle_Individualized/cattle_2500/cattle_2500_DSCF8979.jpg,949,636,8979,06d2c1377890836c94d3652280eab4887a9f7676,aed8f8f1f19ebe05,train
cattle_2500,cattle_2500_DSCF8983.jpg,BeefCattle_Muzzle_Individualized/cattle_2500/cattle_2500_DSCF8983.jpg,949,636,8983,1669f6a88fa04e0a2c205244970a7b630a91f259,eef8f8717b9e1706,train
cattle_2500,cattle_2500_DSCF8984.jpg,BeefCattle_Muzzle_Individualized/cattle_2500/cattle_2500_DSCF8984.jpg,957,649,8984,5b076d6d51fdb09b82f6ec0f87b248df78fd3380,aef8f871719e9f07,train
cattle_2500,cattle_2500_DSCF8986.jpg,BeefCattle_Muzzle_Individualized/cattle_2500/cattle_2500_DSCF8986.jpg,928,657,8986,505630336ee9b16780a42d2232e2205deb7637d3,aef8f8f1f19e9707,train
cattle_2500,cattle_2500_DSCF8989.jpg,BeefCattle_Muzzle_Individualized/cattle_2500/cattle_2500_DSCF8989.jpg,923,628,8989,7d8d605847c4e5168069faec99074cf522ec7cfe,eed8f0f1719e9f05,train
cattle_2500,cattle_2500_DSCF8990.jpg,BeefCattle_Muzzle_Individualized/cattle_2500/cattle_2500_DSCF8990.jpg,918,636,8990,095000a6a4caa6a490eab3a20bcc22e19b881067,eef8f878799a9f0d,train
cattle_2500,cattle_2500_DSCF8991.jpg,BeefCattle_Muzzle_Individualized/cattle_2500/cattle_2500_DSCF8991.jpg,893,573,8991,73fad6c39d92024e2663f36fff6bc01330175c28,c6f8f878799e9f27,train
cattle_2510,cattle_2510_DSCF1750.jpg,BeefCattle_Muzzle_Individualized/cattle_2510/cattle_2510_DSCF1750.jpg,431,402,1750,b6073d209b34c7ca4ac1c55f5213b7cf1afbdc90,c7fa7c7cdedef6cf,train
cattle_2510,cattle_2510_DSCF1751.jpg,BeefCattle_Muzzle_Individualized/cattle_2510/cattle_2510_DSCF1751.jpg,408,414,1751,94d924f0dd59470f331930bc392fbe2424e02d97,c7fa7c7cde97d6ce,train
cattle_2510,cattle_2510_DSCF1752.jpg,BeefCattle_Muzzle_Individualized/cattle_2510/cattle_2510_DSCF1752.jpg,422,410,1752,049a62f716b6d1db4291d737ade23d8c37d238fd,cfea7c7c5e9ef6ce,train
cattle_2510,cattle_2510_DSCF1753.jpg,BeefCattle_Muzzle_Individualized/cattle_2510/cattle_2510_DSCF1753.jpg,414,394,1753,bbd6fc21d58c52d6dcf38c210c0bbdfe38382b6c,cffa7c7c5e9ff6e6,train
cattle_2510,cattle_2510_DSCF1754.jpg,BeefCattle_Muzzle_Individualized/cattle_2510/cattle_2510_DSCF1754.jpg,417,417,1754,b9bc3299106d057c06fd99fe711f9c0e7ec31705,cefa7c7edfd7f3cf,train
cattle_2510,cattle_2510_DSCF1755.jpg,BeefCattle_Muzzle_Individualized/cattle_2510/cattle_2510_DSCF1755.jpg,423,410,1755,faa58ddafa7a0ca8b95c57efe9cc0ce5b88781e0,cffa7c7c5fc7f3c3,train
cattle_2510,cattle_2510_DSCF1756.jpg,BeefCattle_Muzzle_Individualized/cattle_2510/cattle_2510_DSCF1756.jpg,422,401,1756,365b7280d0ddfa698d2390314e0673bbe7321e9a,c7fa7c7cdfc7e7e3,train
cattle_2510,cattle_2510_DSCF1757.jpg,BeefCattle_Muzzle_Individualized/cattle_2510/cattle_2510_DSCF1757.jpg,429,401,1757,a176e3246961780ec786af60c340f02ee996f9c3,cffa7c7c5e97d6c6,train
cattle_2510,cattle_2510_DSCF1758.jpg,BeefCattle_Muzzle_Individualized/cattle_2510/cattle_2510_DSCF1758.jpg,426,432,1758,be563bad1fa1d5f7ea1e798dbf77e158a81b6512,8ffa7c7c9e97c6b7,train
cattle_2510,cattle_2510_DSCF1759.jpg,BeefCattle_Muzzle_Individualized/cattle_2510/cattle_2510_DSCF1759.jpg,417,431,1759,6ac501c194d41cbb7470cb4e7a172a3d6acb3472,8ffa7c7cdf97e6a7,train
cattle_2600,cattle_2600_DSCF0890.jpg,BeefCattle_Muzzle_Individualized/cattle_2600/cattle_2600_DSCF0890.jpg,331,264,890,82bc56f2c7f93c6e44dfeec9f088a3254841bd50,8cd8f071dd9f94cc,train
cattle_2600,cattle_2600_DSCF0891.jpg,BeefCattle_Muzzle_Individualized/cattle_2600/cattle_2600_DSCF0891.jpg,328,270,891,a5b6777be92436f350437feaf21ba1a428fb017e,88f0f1f19f969484,train
cattle_2600,cattle_2600_DSCF0892.jpg,BeefCattle_Muzzle_Individualized/cattle_2600/cattle_2600_DSCF0892.jpg,330,263,892,e8ac48c62b4725850749a2b01481420b71ee08d7,88f0f1d99f86948c,train
cattle_2600,cattle_2600_DSCF0893.jpg,BeefCattle_Muzzle_Individualized/cattle_2600/cattle_2600_DSCF0893.jpg,324,266,893,897aa040451b908779250678363c52c8f4b63994,8cf8f0719d9f96dc,train
cattle_2600,cattle_2600_DSCF0894.jpg,BeefCattle_Muzzle_Individualized/cattle_2600/cattle_2600_DSCF0894.jpg,327,270,894,c196863ec7bcb4c235250dc78ac5d0dda226f448,8cf8f0f19d1f948c,train
cattle_2600,cattle_2600_DSCF0895.jpg,BeefCattle_Muzzle_Individualized/cattle_2600/cattle_2600_DSCF0895.jpg,333,273,895,20e6c467a2801041623b85b883d154b8c20fdb08,8cd8f1d19f26848c,train
cattle_2600,cattle_2600_DSCF0896.jpg,BeefCattle_Muzzle_Individualized/cattle_2600/cattle_2600_DSCF0896.jpg,341,270,896,7d60428c337b81050d60f0017e04759c1f60ba66,c8d8f1719f9694cc,train
cattle_2600,cattle_2600_DSCF0897.jpg,BeefCattle_Muzzle_Individualized/cattle_2600/cattle_2600_DSCF0897.jpg,316,266,897,7bf5f660f094945a62964650da2cf1d2204f78f0,8c98f0f19d179494,train
cattle_2600,cattle_2600_DSCF0898.jpg,BeefCattle_Muzzle_Individualized/cattle_2600/cattle_2600_DSCF0898.jpg,328,261,898,c23ded33bb1f27700c0f507cc05417c23b4b1712,8898f1f19d2ea68c,train
cattle_2600,cattle_2600_DSCF0899.jpg,BeefCattle_Muzzle_Individualized/cattle_2600/cattle_2600_DSCF0899.jpg,319,269,899,d8e796196108d2661f7b978d5c04998f76bb207a,8890f0f18d2f248c,train
cattle_2600,cattle_2600_DSCF0900.jpg,BeefCattle_Muzzle_Individualized/cattle_2600/cattle_2600_DSCF0900.jpg,309,269,900,e74183c42c09c5d9bc137c7d43262584fc076ad2,8cd8f0f09d17968e,train
cattle_2600,cattle_2600_DSCF0902.jpg,BeefCattle_Muzzle_Individualized/cattle_2600/cattle_2600_DSCF0902.jpg,334,289,902,6aa5c964b7ae9c9f7db9ea88f88dd7531e002d0b,8cf8f1719d96948c,train
cattle_2600,cattle_2600_DSCF0904.jpg,BeefCattle_Muzzle_Individualized/cattle_2600/cattle_2600_DSCF0904.jpg,347,270,904,404c07e80bf6e118fcfd82e8250b5ca0f299324c,88f0f1718d9e94cc,train
cattle_2600,cattle_2600_DSCF0906.jpg,BeefCattle_Muzzle_Individualized/cattle_2600/cattle_2600_DSCF0906.jpg,347,243,906,ec1301f5b9ba8c2b7008c54a93092037c3a67413,88f0f1719d9e9488,train
cattle_2600,cattle_2600_DSCF0908.jpg,BeefCattle_Muzzle_Individualized/cattle_2600/cattle_2600_DSCF0908.jpg,309,257,908,2ff5b82a02f0278b509ddbbe7c962c28a015424f,8cf8f0f09d1f9694,train
cattle_2600,cattle_2600_DSCF0909.jpg,BeefCattle_Muzzle_Individualized/cattle_2600/cattle_2600_DSCF0909.jpg,322,275,909,63aa8b36b49aec81d578d760e5339812c2f4204c,88f0f1d19f2f948c,train
cattle_2600,cattle_2600_DSCF0910.jpg,BeefCattle_Muzzle_Individualized/cattle_2600/cattle_2600_DSCF0910.jpg,339,283,910,24c0038c47eac7602759e251a0d0fad59884cf97,8cf0f0718c9f94c4,train
cattle_2600,cattle_2600_DSCF0911.jpg,BeefCattle_Muzzle_Individualized/cattle_2600/cattle_2600_DSCF0911.jpg,339,261,911,b7b33f04344ee6146ce60189aad21d945c22b87b,8cf0f0f1cd9f9694,train
cattle_2600,cattle_2600_DSCF0913.jpg,BeefCattle_Muzzle_Individualized/cattle_2600/cattle_2600_DSCF0913.jpg,364,289,913,c75faafe56cff05b12dd208545005d264a0fe80a,8cd8f0715d9f96c4,train
cattle_2600,cattle_2600_DSCF0914.jpg,BeefCattle_Muzzle_Individualized/cattle_2600/cattle_2600_DSCF0914.jpg,352,267,914,df00bfb8641f0864381efaf0101076049527341f,8cd8f0714c9f9694,train
cattle_2600,cattle_2600_DSCF0915.jpg,BeefCattle_Muzzle_Individualized/cattle_2600/cattle_2600_DSCF0915.jpg,359,245,915,3a6e059f04ffef2ea405e8c818fa2f8a8b8bc950,8cd8f07171dd9f96,train
cattle_2600,cattle_2600_DSCF0916.jpg,BeefCattle_Muzzle_Individualized/cattle_2600/cattle_2600_DSCF0916.jpg,347,261,916,15d06e365bb201541e3f9b9c7c265e6de94a010a,8c88f071709e9f94,train
cattle_2700,cattle_2700_DSCF1267.jpg,BeefCattle_Muzzle_Individualized/cattle_2700/cattle_2700_DSCF1267.jpg,306,234,1267,826452bcff56d000f7299b4c3ebf7243a53bb607,0898f070109694d4,train
cattle_2700,cattle_2700_DSCF1268.jpg,BeefCattle_Muzzle_Individualized/cattle_2700/cattle_2700_DSCF1268.jpg,324,239,1268,219d287f9e59797bd4cf6e9149dca15e5ac63320,0898f0719196d4d4,train
cattle_2700,cattle_2700_DSCF1269.jpg,BeefCattle_Muzzle_Individualized/cattle_2700/cattle_2700_DSCF1269.jpg,316,248,1269,f62bbfb071172ba955f95f917a3ca74607a12f3d,088cf0715192d4d4,train
cattle_2700,cattle_2700_DSCF1270.jpg,BeefCattle_Muzzle_Individualized/cattle_2700/cattle_2700_DSCF1270.jpg,321,242,1270,bb31bd3c22fba33cfaec53ea82a36749fbcddf76,1898f071119494d4,train
cattle_2700,cattle_2700_DSCF1274.jpg,BeefCattle_Muzzle_Individualized/cattle_2700/cattle_2700_DSCF1274.jpg,303,220,1274,f2506a35a5fc70db157f6a8e9095e021e7aa22f7,3cd0f1f0909694d0,train
cattle_2700,cattle_2700_DSCF1275.jpg,BeefCattle_Muzzle_Individualized/cattle_2700/cattle_2700_DSCF1275.jpg,312,243,1275,67ba4334eb8456ec7c6799bdd0cf6eefd3187262,088cf070509292d0,train
cattle_2700,cattle_2700_DSCF1277.jpg,BeefCattle_Muzzle_Individualized/cattle_2700/cattle_2700_DSCF1277.jpg,337,243,1277,7911dca97ab0fdf58450e9dac151641918600b59,1898f071519094d0,train
cattle_2700,cattle_2700_DSCF1279.jpg,BeefCattle_Muzzle_Individualized/cattle_2700/cattle_2700_DSCF1279.jpg,303,239,1279,b8ec62e1e183dcfd7af6b8d225d4fe2ce8c2feea,1898f0f1919294d4,train
cattle_2700,cattle_2700_DSCF1282.jpg,BeefCattle_Muzzle_Individualized/cattle_2700/cattle_2700_DSCF1282.jpg,313,234,1282,0d16cae9ac76995831bdd7aa9833d0b2bb6e21da,18d8f1f191949494,train
cattle_2710,cattle_2710_DSCF1735.jpg,BeefCattle_Muzzle_Individualized/cattle_2710/cattle_2710_DSCF1735.jpg,627,518,1735,f4d3cb4fb614d0293100a08eb4063032d9c939c0,ec747071d387cece,train
cattle_2710,cattle_2710_DSCF1736.jpg,BeefCattle_Muzzle_Individualized/cattle_2710/cattle_2710_DSCF1736.jpg,612,514,1736,9291f5a40f74dfe7f41bc25febab00f29b4fa375,ece47070d397cece,train
cattle_2710,cattle_2710_DSCF1737.jpg,BeefCattle_Muzzle_Individualized/cattle_2710/cattle_2710_DSCF1737.jpg,614,518,1737,4fc76cdcfa1d47675c3063532d9e141524fc0efd,ec64707197979e8e,train
cattle_2710,cattle_2710_DSCF1738.jpg,BeefCattle_Muzzle_Individualized/cattle_2710/cattle_2710_DSCF1738.jpg,605,515,1738,8ee87efd1fd232c9b62e56e8dcb41a6f9afff229,ec64707093979ece,train
cattle_2710,cattle_2710_DSCF1740.jpg,BeefCattle_Muzzle_Individualized/cattle_2710/cattle_2710_DSCF1740.jpg,588,499,1740,8f03bd62e09bbac7f459decad6fcba974181afba,e474707093878ec6,train
cattle_2710,cattle_2710_DSCF1741.jpg,BeefCattle_Muzzle_Individualized/cattle_2710/cattle_2710_DSCF1741.jpg,614,495,1741,b12e17e563000f6ee761398f530f3c6d24fc67b8,ec7470709797dece,train
cattle_2710,cattle_2710_DSCF1743.jpg,BeefCattle_Muzzle_Individualized/cattle_2710/cattle_2710_DSCF1743.jpg,615,498,1743,c556b94c9df15fea87feb340235c2ed26e311306,ec647071d79796ce,train
cattle_2710,cattle_2710_DSCF1744.jpg,BeefCattle_Muzzle_Individualized/cattle_2710/cattle_2710_DSCF1744.jpg,622,508,1744,9a91523f08f3f1a324b6bba52406b6a0df5a7192,e4f47070d387cece,train
cattle_2710,cattle_2710_DSCF1745.jpg,BeefCattle_Muzzle_Individualized/cattle_2710/cattle_2710_DSCF1745.jpg,463,368,1745,39cb6285fc0148838c63e21f172b5fdacea32d49,ece4f0719696968c,train
cattle_2710,cattle_2710_DSCF1746.jpg,BeefCattle_Muzzle_Individualized/cattle_2710/cattle_2710_DSCF1746.jpg,459,350,1746,84bb25b5ab8dbf5530b85b1c7847f8dd43224e1d,e6f07070d29396cc,train
cattle_2710,cattle_2710_DSCF1747.jpg,BeefCattle_Muzzle_Individualized/cattle_2710/cattle_2710_DSCF1747.jpg,471,365,1747,46b01bf09d3e1a00deb5334d767f40ee85e0b34b,e6f47071d297d6ce,train
cattle_2710,cattle_2710_DSCF1748.jpg,BeefCattle_Muzzle_Individualized/cattle_2710/cattle_2710_DSCF1748.jpg,478,361,1748,6834cef35dd08ed9f85677e2a3ce0c4a91ad09ef,e67070719297d6ce,train
cattle_2710,cattle_2710_DSCF1749.jpg,BeefCattle_Muzzle_Individualized/cattle_2710/cattle_2710_DSCF1749.jpg,481,362,1749,484ae3f2fc92bf8cfb8323d716208ae691bb11f4,e4f47071d392d6cc,train
cattle_2740,cattle_2740_DSCF1543.jpg,BeefCattle_Muzzle_Individualized/cattle_2740/cattle_2740_DSCF1543.jpg,405,312,1543,67f770f4a08f8aa6e5f29be598f089432c81fc36,8f98f8f191991c1a,test
cattle_2740,cattle_2740_DSCF1544.jpg,BeefCattle_Muzzle_Individualized/cattle_2740/cattle_2740_DSCF1544.jpg,402,304,1544,90b414a96b9854611dc5e68286c090df3e09c1a1,8998f8f111191c18,test
cattle_2740,cattle_2740_DSCF1545.jpg,BeefCattle_Muzzle_Individualized/cattle_2740/cattle_2740_DSCF1545.jpg,389,292,1545,80982e696d73e50b96aa8ada3395fabb6ee6bc9e,8d88d8f011991e1a,test
cattle_2740,cattle_2740_DSCF1546.jpg,BeefCattle_Muzzle_Individualized/cattle_2740/cattle_2740_DSCF1546.jpg,402,315,1546,5d09d1c5061affcf5316e42ec6acd60d164dbb74,8f88f8f011191c18,test
cattle_2740,cattle_2740_DSCF1547.jpg,BeefCattle_Muzzle_Individualized/cattle_2740/cattle_2740_DSCF1547.jpg,407,318,1547,f9f5ea456b7c01df4257573e6f81dd4250125363,8f98f871911d1818,test
cattle_2740,cattle_2740_DSCF1549.jpg,BeefCattle_Muzzle_Individualized/cattle_2740/cattle_2740_DSCF1549.jpg,394,295,1549,e13de90a3673f96c8cdabc57444b06cf88b7621b,89d8f831911c1818,test
cattle_2740,cattle_2740_DSCF1550.jpg,BeefCattle_Muzzle_Individualized/cattle_2740/cattle_2740_DSCF1550.jpg,410,312,1550,fb70352c462a1dbbbe2e53bfcbfeb857f3565fb1,8998f07191191c18,test
cattle_2800,cattle_2800_DSCF1452.jpg,BeefCattle_Muzzle_Individualized/cattle_2800/cattle_2800_DSCF1452.jpg,486,387,1452,cc77979b58e77af527c9d71ee6c4703df701fe4f,0e9cf8f0d09282c4,test
cattle_2800,cattle_2800_DSCF1453.jpg,BeefCattle_Muzzle_Individualized/cattle_2800/cattle_2800_DSCF1453.jpg,498,394,1453,42db0534491ca26f54dd53c45df246146e154277,0c9cf8f09086868c,test
cattle_2800,cattle_2800_DSCF1456.jpg,BeefCattle_Muzzle_Individualized/cattle_2800/cattle_2800_DSCF1456.jpg,500,409,1456,49e149c170c7ecedd0e62b6352972355eaeb4ead,0e9cf8f0d09686c0,test
cattle_2800,cattle_2800_DSCF1468.jpg,BeefCattle_Muzzle_Individualized/cattle_2800/cattle_2800_DSCF1468.jpg,507,391,1468,12be99e43c8121613b08ac8ed11db8d5f462f981,0c9cf8f090968484,test
cattle_2800,cattle_2800_DSCF1473.jpg,BeefCattle_Muzzle_Individualized/cattle_2800/cattle_2800_DSCF1473.jpg,495,398,1473,eac7bfa912a210c1faf9aaab1858eb8626f970b9,0d9cf8f0d09686c4,test
cattle_2800,cattle_2800_DSCF1474.jpg,BeefCattle_Muzzle_Individualized/cattle_2800/cattle_2800_DSCF1474.jpg,480,393,1474,382467fc5ab8c2c636bed16c2eacb9fcac5c9a66,0d8cf8f0d09282c4,test
cattle_2900,cattle_2900_DSCF1528.jpg,BeefCattle_Muzzle_Individualized/cattle_2900/cattle_2900_DSCF1528.jpg,554,423,1528,04b1e1d901e9f40dc0f0ec411922fdcbea8b2e21,4eccf079199e9884,train
cattle_2900,cattle_2900_DSCF1529.jpg,BeefCattle_Muzzle_Individualized/cattle_2900/cattle_2900_DSCF1529.jpg,543,431,1529,42111572453543168ee20b2b62b4a16cae7fcf01,ce8cf078588e98c2,train
cattle_2900,cattle_2900_DSCF1530.jpg,BeefCattle_Muzzle_Individualized/cattle_2900/cattle_2900_DSCF1530.jpg,527,410,1530,45d1defee29e07934f435bd58cbe9088f91548ed,8ec0f878589e98ca,train
cattle_2900,cattle_2900_DSCF1531.jpg,BeefCattle_Muzzle_Individualized/cattle_2900/cattle_2900_DSCF1531.jpg,550,434,1531,2f3e439bc57114365f08f931bf1035c10bfe37a9,4eccf078589e98c2,train
cattle_2900,cattle_2900_DSCF1532.jpg,BeefCattle_Muzzle_Individualized/cattle_2900/cattle_2900_DSCF1532.jpg,552,426,1532,b15ba2d1a6569a2b8cec13ebb2455c9bb5f2854a,4dcef079599e9c8c,train
cattle_2900,cattle_2900_DSCF1533.jpg,BeefCattle_Muzzle_Individualized/cattle_2900/cattle_2900_DSCF1533.jpg,571,414,1533,907c2275dab36faddbfa1b64d7348aed146330a1,4ec47079599e98cc,train
cattle_2900,cattle_2900_DSCF1534.jpg,BeefCattle_Muzzle_Individualized/cattle_2900/cattle_2900_DSCF1534.jpg,544,414,1534,d3423b8cb2b63b232f5d90781ee1a17a0e449370,4ec8f078589e88c8,train
cattle_2900,cattle_2900_DSCF1535.jpg,BeefCattle_Muzzle_Individualized/cattle_2900/cattle_2900_DSCF1535.jpg,545,431,1535,e28fa64b9fb944664757921ee16e906292891e1f,4ccef078589e9ac8,train
cattle_2900,cattle_2900_DSCF1536.jpg,BeefCattle_Muzzle_Individualized/cattle_2900/cattle_2900_DSCF1536.jpg,548,430,1536,b570806c8af2596cffd73db1a3a7e67ad0d8b09b,cd8cf0f9199e9484,train
cattle_2900,cattle_2900_DSCF1537.jpg,BeefCattle_Muzzle_Individualized/cattle_2900/cattle_2900_DSCF1537.jpg,546,417,1537,e01813d28cf3f9150c020ea2f72616b2d6db5364,8ec0f079589e9884,train
cattle_2900,cattle_2900_DSCF1539.jpg,BeefCattle_Muzzle_Individualized/cattle_2900/cattle_2900_DSCF1539.jpg,549,419,1539,45a6472604112d1b30480ecdeb21671d98c374dd,cc8cf079599e9ecc,train
cattle_2900,cattle_2900_DSCF1540.jpg,BeefCattle_Muzzle_Individualized/cattle_2900/cattle_2900_DSCF1540.jpg,538,433,1540,9daf98e9a6f2a4be6bfaf6ab9eb871de5877f3d4,4d8cf078199e9c84,train
cattle_2900,cattle_2900_DSCF1541.jpg,BeefCattle_Muzzle_Individualized/cattle_2900/cattle_2900_DSCF1541.jpg,574,412,1541,b74ebd9269f63830a88c53edfe4b201b773b23e5,0c88f171199c94c4,train
cattle_2900,cattle_2900_DSCF1542.jpg,BeefCattle_Muzzle_Individualized/cattle_2900/cattle_2900_DSCF1542.jpg,520,414,1542,da5310260366c2521b878cd0f7a07b60ca9e22d6,0e88f078189e9a42,train
cattle_2930,cattle_2930_DSCF1760.jpg,BeefCattle_Muzzle_Individualized/cattle_2930/cattle_2930_DSCF1760.jpg,591,410,1760,054cb5889c4811ce728c1d3a6ebbb74fbcaedd12,888cd8f9cfcecf52,train
cattle_2930,cattle_2930_DSCF1761.jpg,BeefCattle_Muzzle_Individualized/cattle_2930/cattle_2930_DSCF1761.jpg,591,439,1761,a796a896d5759d20981e4d7b8c4130d6f2a7a96f,8888d8f8c8ceca46,train
cattle_2930,cattle_2930_DSCF1762.jpg,BeefCattle_Muzzle_Individualized/cattle_2930/cattle_2930_DSCF1762.jpg,596,417,1762,029faccee080b9a5ae1af7976c450f05d1d48e84,0888c8d8c9caca42,train
cattle_2930,cattle_2930_DSCF1763.jpg,BeefCattle_Muzzle_Individualized/cattle_2930/cattle_2930_DSCF1763.jpg,628,444,1763,ea1a291e20add93b90827f9653a88b00f532cfce,8ccce8e8c88ec6cc,train
cattle_2930,cattle_2930_DSCF1764.jpg,BeefCattle_Muzzle_Individualized/cattle_2930/cattle_2930_DSCF1764.jpg,617,454,1764,699348ab29732feadc0c40cf827dee482cce4db1,8ccce8e8ca86c6c6,train
cattle_3000,cattle_3000_DSCF1637.jpg,BeefCattle_Muzzle_Individualized/cattle_3000/cattle_3000_DSCF1637.jpg,728,487,1637,982b8ce513d2ab4a1a5d1c6cba6946de21edf454,3bcee870d68e8e80,test
cattle_3000,cattle_3000_DSCF1640.jpg,BeefCattle_Muzzle_Individualized/cattle_3000/cattle_3000_DSCF1640.jpg,728,440,1640,c901e85364888030ce30e014d6352503e0e6dcd8,3bcee87861868e86,test
cattle_3000,cattle_3000_DSCF1641.jpg,BeefCattle_Muzzle_Individualized/cattle_3000/cattle_3000_DSCF1641.jpg,712,502,1641,a682b829eb172e0cc570dbc43f9870ce1ce7285f,3bcee878968e8690,test
cattle_3000,cattle_3000_DSCF1645.jpg,BeefCattle_Muzzle_Individualized/cattle_3000/cattle_3000_DSCF1645.jpg,732,503,1645,ade3e0c4d42f69797324173cebbe0e35609ed161,3beee878c68e8690,test
cattle_3000,cattle_3000_DSCF1646.jpg,BeefCattle_Muzzle_Individualized/cattle_3000/cattle_3000_DSCF1646.jpg,709,478,1646,0e7ef4e6631438d03d191609d56e2ec14d466fc4,3beee878968e8e80,test
cattle_3000,cattle_3000_DSCF1649.jpg,BeefCattle_Muzzle_Individualized/cattle_3000/cattle_3000_DSCF1649.jpg,714,483,1649,9221f8842f4f092131cc0fee6ccc9c72f0a04387,8bec6870868e8694,test
cattle_3100,cattle_3100_DSCF1687.jpg,BeefCattle_Muzzle_Individualized/cattle_3100/cattle_3100_DSCF1687.jpg,1186,893,1687,8f72fe85a4f8bd4bec21b931442920e9946ae6c4,87cefcf1d50d459b,test
cattle_3100,cattle_3100_DSCF1688.jpg,BeefCattle_Muzzle_Individualized/cattle_3100/cattle_3100_DSCF1688.jpg,1237,974,1688,624d95f46f3f5b4aea5722bcc196ae78aa73fa97,a7c7f4f8f184a59b,test
cattle_3100,cattle_3100_DSCF1689.jpg,BeefCattle_Muzzle_Individualized/cattle_3100/cattle_3100_DSCF1689.jpg,1340,955,1689,b3045b78979a26c5c63c20ef1cc008a7968295c9,a7c7f4f9f185a5db,test
cattle_3100,cattle_3100_DSCF1690.jpg,BeefCattle_Muzzle_Individualized/cattle_3100/cattle_3100_DSCF1690.jpg,1270,984,1690,df88e338f49cb840e0ad83b1a82d7803f557d7eb,a7c7fcfdd185a59b,test
cattle_3100,cattle_3100_DSCF1691.jpg,BeefCattle_Muzzle_Individualized/cattle_3100/cattle_3100_DSCF1691.jpg,1237,963,1691,fd0c2bba2e2cef7fe1dd981723946f1e20ca4df4,a7c7f4f8d585a59b,test
cattle_3100,cattle_3100_DSCF1696.jpg,BeefCattle_Muzzle_Individualized/cattle_3100/cattle_3100_DSCF1696.jpg,1247,984,1696,77a286106cd84c906c1364c5b841fe3919592ff2,a7cffcf9d585859b,test
cattle_3100,cattle_3100_DSCF1697.jpg,BeefCattle_Muzzle_Individualized/cattle_3100/cattle_3100_DSCF1697.jpg,1241,1031,1697,e92d99c766e6c06a4fb2f308357b04f7a21925ce,2787fcf9d185859b,test
cattle_3100,cattle_3100_DSCF1699.jpg,BeefCattle_Muzzle_Individualized/cattle_3100/cattle_3100_DSCF1699.jpg,1252,1025,1699,79c9552b3eb0b96f9d2af2793d7d6d52f98be507,27a7f0f1f185a59b,test
cattle_3200,cattle_3200_DSCF1706.jpg,BeefCattle_Muzzle_Individualized/cattle_3200/cattle_3200_DSCF1706.jpg,578,497,1706,36e2c7fa05c4fcf49b2216f8d1a2a5b3a88b9ae7,9880c1410c0e268e,test
cattle_3200,cattle_3200_DSCF1707.jpg,BeefCattle_Muzzle_Individualized/cattle_3200/cattle_3200_DSCF1707.jpg,578,497,1707,09e33a291efa2696d9ab2ed9edc4c8de0f61f1ea,9c80c1410c0e269a,test
cattle_3200,cattle_3200_DSCF1711.jpg,BeefCattle_Muzzle_Individualized/cattle_3200/cattle_3200_DSCF1711.jpg,583,507,1711,226ab8cf19d160c2d33accca7409c5807b1510a7,9880c1410c0c2eba,test
cattle_3200,cattle_3200_DSCF1713.jpg,BeefCattle_Muzzle_Individualized/cattle_3200/cattle_3200_DSCF1713.jpg,604,502,1713,0add64cb62be3a3a99110c734a6f3210aac73f6d,9880c1430c0c2caf,test
cattle_3200,cattle_3200_DSCF1714.jpg,BeefCattle_Muzzle_Individualized/cattle_3200/cattle_3200_DSCF1714.jpg,583,487,1714,08ca817a0c309500737f21e1887592c700c3c88b,9880c1410c36368e,test
cattle_3200,cattle_3200_DSCF1715.jpg,BeefCattle_Muzzle_Individualized/cattle_3200/cattle_3200_DSCF1715.jpg,583,513,1715,e950e254d3416c380b3952ec4ebca4fde390ae4c,9890c1010c0e269a,test
cattle_3200,cattle_3200_DSCF1716.jpg,BeefCattle_Muzzle_Individualized/cattle_3200/cattle_3200_DSCF1716.jpg,573,482,1716,20ea284e23d4fbf993392cc0d4448d18a4b78763,9c90c1010c0e2686,test
cattle_3200,cattle_3200_DSCF1719.jpg,BeefCattle_Muzzle_Individualized/cattle_3200/cattle_3200_DSCF1719.jpg,578,549,1719,085e0baa204f9e1b6da61acc165db6e897b685e9,9890c1010e2eaee8,test
cattle_3200,cattle_3200_DSCF1720.jpg,BeefCattle_Muzzle_Individualized/cattle_3200/cattle_3200_DSCF1720.jpg,676,533,1720,bc3677ba69b8c1cd111bcd6ea1bbfbdff95ae48c,ccc821018606165c,test
cattle_3200,cattle_3200_DSCF1721.jpg,BeefCattle_Muzzle_Individualized/cattle_3200/cattle_3200_DSCF1721.jpg,717,482,1721,eafd344d6a02c5412e4cff4eba2b0416894159b1,d8c061238c0c144f,test
cattle_3300,cattle_3300_DSCF1722.jpg,BeefCattle_Muzzle_Individualized/cattle_3300/cattle_3300_DSCF1722.jpg,604,518,1722,fb5a103877bff4fcbc5ce7a84bee14f695f22823,e4747078dbcbce46,train
cattle_3300,cattle_3300_DSCF1723.jpg,BeefCattle_Muzzle_Individualized/cattle_3300/cattle_3300_DSCF1723.jpg,609,502,1723,58ab18ce5493d7d54cd8e891b03620efae56270c,e4707071d387cec6,train
cattle_3300,cattle_3300_DSCF1724.jpg,BeefCattle_Muzzle_Individualized/cattle_3300/cattle_3300_DSCF1724.jpg,604,492,1724,685365a1b816ff5796a404183a3e5b06a2e78ed9,e4747878dbcbcece,train
cattle_3300,cattle_3300_DSCF1725.jpg,BeefCattle_Muzzle_Individualized/cattle_3300/cattle_3300_DSCF1725.jpg,645,507,1725,94ce4bc8b347302431247f5389bcb51e249ca602,e4747171dbcfcece,train
cattle_3300,cattle_3300_DSCF1727.jpg,BeefCattle_Muzzle_Individualized/cattle_3300/cattle_3300_DSCF1727.jpg,645,507,1727,c1484552bf7ef0ed5be63e5204c361574a5f9519,e8e171f3969f9d8d,train
cattle_3300,cattle_3300_DSCF1728.jpg,BeefCattle_Muzzle_Individualized/cattle_3300/cattle_3300_DSCF1728.jpg,563,518,1728,306bb1eff81f30bc946c0ce4aa1dbf06bebb4f54,ecf4f1f197979e8e,train
cattle_3300,cattle_3300_DSCF1729.jpg,BeefCattle_Muzzle_Individualized/cattle_3300/cattle_3300_DSCF1729.jpg,599,507,1729,54d21bb36ee784bfb5d0e062062e8d299f1144b0,e4707879dbcbcec6,train
cattle_3300,cattle_3300_DSCF1730.jpg,BeefCattle_Muzzle_Individualized/cattle_3300/cattle_3300_DSCF1730.jpg,589,430,1730,996d369bc466f224aa7363a0a6b5145d6523ff57,ece47171f1979796,train
cattle_3300,cattle_3300_DSCF1731.jpg,BeefCattle_Muzzle_Individualized/cattle_3300/cattle_3300_DSCF1731.jpg,640,487,1731,8fff7e9a3bc41ca8186a901506d34703a10304b7,f6383878cbcbcec6,train
cattle_3300,cattle_3300_DSCF1732.jpg,BeefCattle_Muzzle_Individualized/cattle_3300/cattle_3300_DSCF1732.jpg,573,528,1732,7695c48e28a26121b42ee1cebc816ef81dac4a61,ec747070d38bde8e,train
cattle_3300,cattle_3300_DSCF1733.jpg,BeefCattle_Muzzle_Individualized/cattle_3300/cattle_3300_DSCF1733.jpg,573,518,1733,38f1995ded9e080b42df4ddcde2daf6fdf216ed3,e474707193978e8e,train
cattle_3300,cattle_3300_DSCF1734.jpg,BeefCattle_Muzzle_Individualized/cattle_3300/cattle_3300_DSCF1734.jpg,604,497,1734,da0c898627ae07b28195d882b31485b9b104ca89,e4747071d387dece,train
cattle_3400,cattle_3400_DSCF7948.jpg,BeefCattle_Muzzle_Individualized/cattle_3400/cattle_3400_DSCF7948.jpg,618,385,7948,f6908f876fe8fad60f179a9f4557799903d0855b,1818f173138090d0,train
cattle_3400,cattle_3400_DSCF7949.jpg,BeefCattle_Muzzle_Individualized/cattle_3400/cattle_3400_DSCF7949.jpg,613,431,7949,00e5c2ee9620d745a172481a0f2911dd60d19dca,1818f1711190d0c8,train
cattle_3400,cattle_3400_DSCF7950.jpg,BeefCattle_Muzzle_Individualized/cattle_3400/cattle_3400_DSCF7950.jpg,630,425,7950,5c406e5a257a3905dd78e964119fa5a03e4896af,1018e1630180c0c8,train
cattle_3400,cattle_3400_DSCF7951.jpg,BeefCattle_Muzzle_Individualized/cattle_3400/cattle_3400_DSCF7951.jpg,555,431,7951,f0a2591190887c0baea2c685e583742571485f86,0808e8701190c8cc,train
cattle_3400,cattle_3400_DSCF7953.jpg,BeefCattle_Muzzle_Individualized/cattle_3400/cattle_3400_DSCF7953.jpg,687,437,7953,5f042df64aebc0417c004d3bf9520343dd1a509f,8cc870719080c8c8,train
cattle_3400,cattle_3400_DSCF7954.jpg,BeefCattle_Muzzle_Individualized/cattle_3400/cattle_3400_DSCF7954.jpg,715,511,7954,36a5859a2f52b8da69fc5fc9417e31a400d4ba3a,089870711190d0c8,train
cattle_3420,cattle_3420_DSCF7948.jpg,BeefCattle_Muzzle_Individualized/cattle_3420/cattle_3420_DSCF7948.jpg,721,500,7948,5e3d9328aad3bcb9640acf6dee184d961bac2c67,1890e1f0908c84cc,train
cattle_3420,cattle_3420_DSCF7949.jpg,BeefCattle_Muzzle_Individualized/cattle_3420/cattle_3420_DSCF7949.jpg,750,471,7949,9f8cb176327bb85b03464ee40f95dad3a884f969,1890f1f0919c84c0,train
cattle_3420,cattle_3420_DSCF7950.jpg,BeefCattle_Muzzle_Individualized/cattle_3420/cattle_3420_DSCF7950.jpg,755,528,7950,b7ad0c1bb68ca7ffc8753794c0fe70de07538ace,1090d0e1a08c944c,train
cattle_3420,cattle_3420_DSCF7951.jpg,BeefCattle_Muzzle_Individualized/cattle_3420/cattle_3420_DSCF7951.jpg,693,545,7951,06711d1ad027ba3a0e05d5051a86b9b5d524b6a9,141090e1e08494cc,train
cattle_3802,cattle_3802_DSCF1543.jpg,BeefCattle_Muzzle_Individualized/cattle_3802/cattle_3802_DSCF1543.jpg,413,280,1543,53837cf591c70fd6ebc4be8c8fe78edebae41d59,0890d8f171c28e4a,dev
cattle_3802,cattle_3802_DSCF1544.jpg,BeefCattle_Muzzle_Individualized/cattle_3802/cattle_3802_DSCF1544.jpg,424,306,1544,0428b010475547601dcd95357b5aad837ab38436,0890d8f15182880c,dev
cattle_3802,cattle_3802_DSCF1545.jpg,BeefCattle_Muzzle_Individualized/cattle_3802/cattle_3802_DSCF1545.jpg,408,286,1545,1a9e1b2b746d5ddf521b374a198d6235c744c248,3890d8f151928a08,dev
cattle_3802,cattle_3802_DSCF1547.jpg,BeefCattle_Muzzle_Individualized/cattle_3802/cattle_3802_DSCF1547.jpg,424,311,1547,68e4d948d075f791e7d3f8a87d8cee9fba672835,1890d871408a080e,dev
cattle_3802,cattle_3802_DSCF1548.jpg,BeefCattle_Muzzle_Individualized/cattle_3802/cattle_3802_DSCF1548.jpg,408,296,1548,62eed7128f611da6c88c2754f2912a4846ca3e38,0890d8f151828a0a,dev
cattle_3802,cattle_3802_DSCF1549.jpg,BeefCattle_Muzzle_Individualized/cattle_3802/cattle_3802_DSCF1549.jpg,413,301,1549,0d4ff836246564a8b131a695aa9c4b04f4d2f69c,3890d8f1518a880c,dev
cattle_3802,cattle_3802_DSCF1550.jpg,BeefCattle_Muzzle_Individualized/cattle_3802/cattle_3802_DSCF1550.jpg,418,301,1550,79e3384cb3ef75015682da0cdd15c107c0482a62,0890d87141c24a0e,dev
cattle_3812,cattle_3812_DSCF1564.jpg,BeefCattle_Muzzle_Individualized/cattle_3812/cattle_3812_DSCF1564.jpg,228,173,1564,0de4550dcdbeb4059fa057ea872d24f2ebac438d,0ed8f87071888c8c,test
cattle_3812,cattle_3812_DSCF1565.jpg,BeefCattle_Muzzle_Individualized/cattle_3812/cattle_3812_DSCF1565.jpg,238,175,1565,442a8c030100f6796134318a856997d13a940000,0edcf87171998c8c,test
cattle_3812,cattle_3812_DSCF1566.jpg,BeefCattle_Muzzle_Individualized/cattle_3812/cattle_3812_DSCF1566.jpg,235,173,1566,f0f0400451b68e3057b9464f7802fe455a660f74,0edc78717198cccc,test
cattle_3812,cattle_3812_DSCF1568.jpg,BeefCattle_Muzzle_Individualized/cattle_3812/cattle_3812_DSCF1568.jpg,233,178,1568,6f6a2c7d4f88bc1aee3f578c4997a1a84a10bd1e,0edc78707198cece,test
cattle_3812,cattle_3812_DSCF1569.jpg,BeefCattle_Muzzle_Individualized/cattle_3812/cattle_3812_DSCF1569.jpg,243,173,1569,157181f477f451ddab8404af484f613a0ffa8f01,8ed878717188cccc,test
cattle_3814,cattle_3814_DSCF1551.jpg,BeefCattle_Muzzle_Individualized/cattle_3814/cattle_3814_DSCF1551.jpg,295,246,1551,760155060e20f348c89ae25608a994bc33f8f397,181cf0701092984c,dev
cattle_3814,cattle_3814_DSCF1552.jpg,BeefCattle_Muzzle_Individualized/cattle_3814/cattle_3814_DSCF1552.jpg,284,229,1552,81b0e9b0677de24e1579d6efa533aaa5bdb41d45,099cf8705090884c,dev
cattle_3814,cattle_3814_DSCF1553.jpg,BeefCattle_Muzzle_Individualized/cattle_3814/cattle_3814_DSCF1553.jpg,305,244,1553,8b7bae750b0b55c948537176778d65430c80c292,081890f071909848,dev
cattle_3814,cattle_3814_DSCF1554.jpg,BeefCattle_Muzzle_Individualized/cattle_3814/cattle_3814_DSCF1554.jpg,315,229,1554,d0e3af6092100bb72e43e3ec795cf6d266e24c42,189cf87051909848,dev
cattle_3814,cattle_3814_DSCF1555.jpg,BeefCattle_Muzzle_Individualized/cattle_3814/cattle_3814_DSCF1555.jpg,341,229,1555,2418115fc7b917ecf85733ca3e082549734982cc,1090f06181949858,dev
cattle_3814,cattle_3814_DSCF1556.jpg,BeefCattle_Muzzle_Individualized/cattle_3814/cattle_3814_DSCF1556.jpg,336,229,1556,933d039474e55f98b287a378d203c42dd1ac31e5,1a98707051d05848,dev
cattle_3814,cattle_3814_DSCF1557.jpg,BeefCattle_Muzzle_Individualized/cattle_3814/cattle_3814_DSCF1557.jpg,372,286,1557,4755de1fa1c30da7cf8221fe8e9ea262ef30363b,0418907163905808,dev
cattle_3814,cattle_3814_DSCF1558.jpg,BeefCattle_Muzzle_Individualized/cattle_3814/cattle_3814_DSCF1558.jpg,305,250,1558,e39a08f55d0c45be3f03b25b6e63d3bca077a9a5,0818d8705092484c,dev
cattle_3814,cattle_3814_DSCF1559.jpg,BeefCattle_Muzzle_Individualized/cattle_3814/cattle_3814_DSCF1559.jpg,326,270,1559,933f4345e9ed3f55303631e33faa0cc4c3bf869e,0c18d070d190580c,dev
cattle_3814,cattle_3814_DSCF1560.jpg,BeefCattle_Muzzle_Individualized/cattle_3814/cattle_3814_DSCF1560.jpg,305,260,1560,0a08d1bdcd99da9f253898cee719189b52bb89d4,1810b0f02190980c,dev
cattle_3814,cattle_3814_DSCF1561.jpg,BeefCattle_Muzzle_Individualized/cattle_3814/cattle_3814_DSCF1561.jpg,341,244,1561,7a0b5bbe61e058ff0a32bcd90bf19f5a0d452630,189870719190580c,dev
cattle_3814,cattle_3814_DSCF1562.jpg,BeefCattle_Muzzle_Individualized/cattle_3814/cattle_3814_DSCF1562.jpg,320,260,1562,4541299d0171556b5bd6a4387bb5a2240116a918,0898f0709198480c,dev
cattle_3814,cattle_3814_DSCF1563.jpg,BeefCattle_Muzzle_Individualized/cattle_3814/cattle_3814_DSCF1563.jpg,341,275,1563,a39c1140b4ff1a90955529b024448ebeeed4d2f1,1c10f0718190580c,dev
cattle_3819,cattle_3819_DSCF8676.jpg,BeefCattle_Muzzle_Individualized/cattle_3819/cattle_3819_DSCF8676.jpg,826,684,8676,adf1f099c01ba48337bd0ed2a92e03a84abb1fc9,9bf0f1f1b4a6c48c,dev
cattle_3819,cattle_3819_DSCF8677.jpg,BeefCattle_Muzzle_Individualized/cattle_3819/cattle_3819_DSCF8677.jpg,808,688,8677,a76d79b1bc3a3e540f48f72d8d888e54a3cd6830,9bf071f19696c68e,dev
cattle_3819,cattle_3819_DSCF8678.jpg,BeefCattle_Muzzle_Individualized/cattle_3819/cattle_3819_DSCF8678.jpg,823,681,8678,73931412fd51d621c99d61d4ce941214f5b260b6,9bf0f1f19496d68c,dev
cattle_3819,cattle_3819_DSCF8682.jpg,BeefCattle_Muzzle_Individualized/cattle_3819/cattle_3819_DSCF8682.jpg,846,695,8682,918b76a59d01a71f3d77387552abc6d05503a782,0bf0f1f19496d68e,dev
cattle_3819,cattle_3819_DSCF8683.jpg,BeefCattle_Muzzle_Individualized/cattle_3819/cattle_3819_DSCF8683.jpg,862,690,8683,00d5f0a8706e6904d8f7404bd08b870bae7c4eed,8bf070719496d6ce,dev
cattle_3819,cattle_3819_DSCF8684.jpg,BeefCattle_Muzzle_Individualized/cattle_3819/cattle_3819_DSCF8684.jpg,872,673,8684,ba4eef51877f3cd8c3bbb5d541be074a828e675c,8bf07171d696d6ce,dev
cattle_3819,cattle_3819_DSCF8685.jpg,BeefCattle_Muzzle_Individualized/cattle_3819/cattle_3819_DSCF8685.jpg,849,667,8685,4857d631b5ddeae9e6ac16d279c3b5d0328e84dd,83f071f19496d68e,dev
cattle_3819,cattle_3819_DSCF8687.jpg,BeefCattle_Muzzle_Individualized/cattle_3819/cattle_3819_DSCF8687.jpg,866,667,8687,e186158c5417051624be591b2b79003f8173ebdf,8ff071719496d68e,dev
cattle_3819,cattle_3819_DSCF8688.jpg,BeefCattle_Muzzle_Individualized/cattle_3819/cattle_3819_DSCF8688.jpg,849,681,8688,b496506a0da0595b028c5811c9df78f932c06946,8bf071f09696d6ce,dev
cattle_3819,cattle_3819_DSCF8689.jpg,BeefCattle_Muzzle_Individualized/cattle_3819/cattle_3819_DSCF8689.jpg,852,673,8689,48a900ada01069f273cb61a717f5845470e20b0b,8af0f071d496d6ce,dev
cattle_3819,cattle_3819_DSCF8692.jpg,BeefCattle_Muzzle_Individualized/cattle_3819/cattle_3819_DSCF8692.jpg,866,684,8692,e7935cd5fdedaa757a42ed26c8d96c33b5049a14,8ad07071d696d6c6,dev
cattle_3819,cattle_3819_DSCF8694.jpg,BeefCattle_Muzzle_Individualized/cattle_3819/cattle_3819_DSCF8694.jpg,872,681,8694,89966f1ef2f753715c72cc35e39b87af30c4bf9d,82f071719696d6ce,dev
cattle_3832,cattle_3832_DSCF8656.jpg,BeefCattle_Muzzle_Individualized/cattle_3832/cattle_3832_DSCF8656.jpg,498,324,8656,58ee5d84ae57f0b70f1f78a0ff2b5cfe15e94ec3,8fecf07175868e8e,test
cattle_3832,cattle_3832_DSCF8659.jpg,BeefCattle_Muzzle_Individualized/cattle_3832/cattle_3832_DSCF8659.jpg,498,324,8659,7d80ca2005e1446b3f7f4f00cfaa67f9ad151986,8ef0f07155868e8e,test
cattle_3832,cattle_3832_DSCF8661.jpg,BeefCattle_Muzzle_Individualized/cattle_3832/cattle_3832_DSCF8661.jpg,498,312,8661,6ca587a8f2e020eab6c4e2acd2e3bc519a27e0ee,87ecf07171968e8e,test
cattle_3832,cattle_3832_DSCF8662.jpg,BeefCattle_Muzzle_Individualized/cattle_3832/cattle_3832_DSCF8662.jpg,486,330,8662,3548c567e06408a3a60ead094bec78e0c799f5d9,87e6f07071968e8e,test
cattle_3832,cattle_3832_DSCF8663.jpg,BeefCattle_Muzzle_Individualized/cattle_3832/cattle_3832_DSCF8663.jpg,506,338,8663,ab42a7f481bf81417c32d25387a09f7923b18a5d,87ccf07071868e8e,test
cattle_3832,cattle_3832_DSCF8666.jpg,BeefCattle_Muzzle_Individualized/cattle_3832/cattle_3832_DSCF8666.jpg,495,347,8666,664b4f0c8d300a0652c1642d6572012c1d8e838d,8fdcf07975868e8e,test
cattle_3832,cattle_3832_DSCF8668.jpg,BeefCattle_Muzzle_Individualized/cattle_3832/cattle_3832_DSCF8668.jpg,495,330,8668,383243a44e6d30c224bd9db6b5fef72cc62f76a9,8ffcf0717596868e,test
cattle_3832,cattle_3832_DSCF8669.jpg,BeefCattle_Muzzle_Individualized/cattle_3832/cattle_3832_DSCF8669.jpg,466,352,8669,a80c3ce0863d0f0a21d3b0c8b7334d6b8be74b37,6fcef0f075578787,test
cattle_3832,cattle_3832_DSCF8670.jpg,BeefCattle_Muzzle_Individualized/cattle_3832/cattle_3832_DSCF8670.jpg,509,335,8670,c4477bf5db642bee07f397985c53ad30097269ab,8ff4f07955868e8e,test
cattle_3832,cattle_3832_DSCF8671.jpg,BeefCattle_Muzzle_Individualized/cattle_3832/cattle_3832_DSCF8671.jpg,512,330,8671,5c1202bd5741d86b095be3eb6a515f9c87b1a830,8ed0f07175968e8e,test
cattle_3832,cattle_3832_DSCF8672.jpg,BeefCattle_Muzzle_Individualized/cattle_3832/cattle_3832_DSCF8672.jpg,509,338,8672,59770be94988b68df7ec9c409629f494f5580e71,aeccf07177168686,test
cattle_3832,cattle_3832_DSCF8673.jpg,BeefCattle_Muzzle_Individualized/cattle_3832/cattle_3832_DSCF8673.jpg,483,350,8673,afcd0dbb911270ae122fae3593222c2d9037a88b,0dccf0f0698e8eae,test
cattle_3832,cattle_3832_DSCF8674.jpg,BeefCattle_Muzzle_Individualized/cattle_3832/cattle_3832_DSCF8674.jpg,503,318,8674,c488f4dee96a2cb3490366e6aa2a3984f072f0ff,0ed8f06175868e86,test
cattle_3832,cattle_3832_DSCF8675.jpg,BeefCattle_Muzzle_Individualized/cattle_3832/cattle_3832_DSCF8675.jpg,500,327,8675,d1e274b0f395cbfe3796a3a031f7136d327987f7,8ed8f07177168686,test
cattle_3832,cattle_3832_DSCF8705.jpg,BeefCattle_Muzzle_Individualized/cattle_3832/cattle_3832_DSCF8705.jpg,520,330,8705,a9b44c30bb681ab86f37d2007ab57a1f5108641c,8ed8f071658e8e8e,test
cattle_3832,cattle_3832_DSCF8708.jpg,BeefCattle_Muzzle_Individualized/cattle_3832/cattle_3832_DSCF8708.jpg,515,318,8708,1023ef0a63b78d8a81a14eb2963d243dfdcfe826,86f0f07175868ece,test
cattle_3832,cattle_3832_DSCF8709.jpg,BeefCattle_Muzzle_Individualized/cattle_3832/cattle_3832_DSCF8709.jpg,506,330,8709,07cc8741f3968b344098c4a0643b61d6ea318ee1,87d0f07175868e8e,test
cattle_3832,cattle_3832_DSCF8723.jpg,BeefCattle_Muzzle_Individualized/cattle_3832/cattle_3832_DSCF8723.jpg,520,338,8723,57e04062d24e7b3139dd06d8053d49db9da78b9d,0ed4f07161868e8e,test
cattle_3832,cattle_3832_DSCF8725.jpg,BeefCattle_Muzzle_Individualized/cattle_3832/cattle_3832_DSCF8725.jpg,509,350,8725,ce1a534041f749bedc7b51da7ee27fff2339987e,0fd4f07175868e8e,test
cattle_3842,cattle_3842_DSCF1605.jpg,BeefCattle_Muzzle_Individualized/cattle_3842/cattle_3842_DSCF1605.jpg,725,456,1605,dac2c24feaa77e4097d507fb3a7846e1d0b2b3b6,86cce870709ed6c1,train
cattle_3842,cattle_3842_DSCF1609.jpg,BeefCattle_Muzzle_Individualized/cattle_3842/cattle_3842_DSCF1609.jpg,764,471,1609,df277e6ba64e6c1c5f2e562bf6607fa70f7c230e,87c3e67070989ced,train
cattle_3842,cattle_3842_DSCF1610.jpg,BeefCattle_Muzzle_Individualized/cattle_3842/cattle_3842_DSCF1610.jpg,680,503,1610,4f00df0f7d956cb5b1e7f4b0ad71efb57bf19385,8783c6f07118bca4,train
cattle_3842,cattle_3842_DSCF1611.jpg,BeefCattle_Muzzle_Individualized/cattle_3842/cattle_3842_DSCF1611.jpg,680,466,1611,b2425eba1f1a4d5e57d4489368aaa04977ff5fa1,87c6e078719e92c0,train
cattle_3842,cattle_3842_DSCF1612.jpg,BeefCattle_Muzzle_Individualized/cattle_3842/cattle_3842_DSCF1612.jpg,683,473,1612,690cf38ffd06c845d8b9aaee8d8ac8ff1447a4df,8786e078709e92d0,train
cattle_3842,cattle_3842_DSCF1613.jpg,BeefCattle_Muzzle_Individualized/cattle_3842/cattle_3842_DSCF1613.jpg,688,473,1613,f468a08aa0cb1e8745155f7a633da5a191d3e774,0786e870709e92d0,train
cattle_3842,cattle_3842_DSCF1616.jpg,BeefCattle_Muzzle_Individualized/cattle_3842/cattle_3842_DSCF1616.jpg,701,473,1616,a9b127f5bff85c194e416f37ac9cf78060ed536e,87c4e0607096d258,train
cattle_3842,cattle_3842_DSCF1617.jpg,BeefCattle_Muzzle_Individualized/cattle_3842/cattle_3842_DSCF1617.jpg,683,475,1617,c2029c51d4fd5459aa33d40ea5378f2975e75040,07c4e070709e92d0,train
cattle_3842,cattle_3842_DSCF1618.jpg,BeefCattle_Muzzle_Individualized/cattle_3842/cattle_3842_DSCF1618.jpg,688,491,1618,9461dd170821d3a5fad7c4b543f72ad5e0c65bde,87cce8705096d2f0,train
cattle_3842,cattle_3842_DSCF1619.jpg,BeefCattle_Muzzle_Individualized/cattle_3842/cattle_3842_DSCF1619.jpg,699,467,1619,fc60a21bf113ba495ea6cf356583b4563abb050c,87c4e878709ed2c0,train
cattle_3842,cattle_3842_DSCF1620.jpg,BeefCattle_Muzzle_Individualized/cattle_3842/cattle_3842_DSCF1620.jpg,699,475,1620,271335ea8d0981ad9f10a49899494d5ffc0607c1,87c4e0707096d2f0,train
cattle_3844,cattle_3844_DSCF1622.jpg,BeefCattle_Muzzle_Individualized/cattle_3844/cattle_3844_DSCF1622.jpg,635,492,1622,5e142b0245b1d0d8455ee1882bdc4c328c7c68cd,90d071318f8ea61c,train
cattle_3844,cattle_3844_DSCF1623.jpg,BeefCattle_Muzzle_Individualized/cattle_3844/cattle_3844_DSCF1623.jpg,596,485,1623,15e6d5ca07d8a88b0dd6e1dec407f5f2e9a13380,98d070310b0e261c,train
cattle_3844,cattle_3844_DSCF1624.jpg,BeefCattle_Muzzle_Individualized/cattle_3844/cattle_3844_DSCF1624.jpg,619,507,1624,0d378d9199bc7f44aeb57437cdd7969f720bde64,98907031938ea69c,train
cattle_3844,cattle_3844_DSCF1625.jpg,BeefCattle_Muzzle_Individualized/cattle_3844/cattle_3844_DSCF1625.jpg,614,513,1625,2c4c0c982e73b3bfbc3666d6a2542f460a4ad238,909070310b0ea61c,train
cattle_3844,cattle_3844_DSCF1626.jpg,BeefCattle_Muzzle_Individualized/cattle_3844/cattle_3844_DSCF1626.jpg,614,476,1626,72ce74dce32fd2b967405cfabcc02059a376a752,989070311b8e06bc,train
cattle_3844,cattle_3844_DSCF1631.jpg,BeefCattle_Muzzle_Individualized/cattle_3844/cattle_3844_DSCF1631.jpg,604,523,1631,562b4a12391d0bf3cb40b90007ff6cf0e022f17d,989070318b0ea61e,train
cattle_3844,cattle_3844_DSCF1632.jpg,BeefCattle_Muzzle_Individualized/cattle_3844/cattle_3844_DSCF1632.jpg,619,497,1632,74d6a87cd8c1e702cc0403d1fbe4915a0f975cce,90d070319b8ea69c,train
cattle_3844,cattle_3844_DSCF1633.jpg,BeefCattle_Muzzle_Individualized/cattle_3844/cattle_3844_DSCF1633.jpg,604,492,1633,998bd05a3aa51cf17b9a975db1493f13058e7512,90907031130e26bc,train
cattle_3847,cattle_3847_DSCF1652.jpg,BeefCattle_Muzzle_Individualized/cattle_3847/cattle_3847_DSCF1652.jpg,571,427,1652,ed5cbb06804755bb65797371c59f68537fa565c3,0a8cc86949868eec,test
cattle_3847,cattle_3847_DSCF1653.jpg,BeefCattle_Muzzle_Individualized/cattle_3847/cattle_3847_DSCF1653.jpg,578,427,1653,3d1d0646c8f04d00e03632e7481c1d790b9d8fa2,8a8cc8690f86aeec,test
cattle_3847,cattle_3847_DSCF1656.jpg,BeefCattle_Muzzle_Individualized/cattle_3847/cattle_3847_DSCF1656.jpg,589,427,1656,dbeefef5454c080606d12abded02f6b1dd9a6834,8acce8610f868ea4,test
cattle_3847,cattle_3847_DSCF1657.jpg,BeefCattle_Muzzle_Individualized/cattle_3847/cattle_3847_DSCF1657.jpg,607,427,1657,8acbee2ad86a8d1a81ef11cfc9815a718dbdad52,0a8ce9610f868cec,test
cattle_3847,cattle_3847_DSCF1658.jpg,BeefCattle_Muzzle_Individualized/cattle_3847/cattle_3847_DSCF1658.jpg,605,418,1658,6bc2835942672dae57b0adb1821d9347faf5a3e0,0acce8610f868eec,test
cattle_3847,cattle_3847_DSCF1664.jpg,BeefCattle_Muzzle_Individualized/cattle_3847/cattle_3847_DSCF1664.jpg,593,424,1664,98d6d91f465c9e598305db11ee9735f04e4d46de,8bcce8690f868eac,test
cattle_3847,cattle_3847_DSCF1665.jpg,BeefCattle_Muzzle_Individualized/cattle_3847/cattle_3847_DSCF1665.jpg,605,418,1665,d6ec8b81732bcebb895878f84e16b72153828786,8acce8618f868cac,test
cattle_3847,cattle_3847_DSCF1669.jpg,BeefCattle_Muzzle_Individualized/cattle_3847/cattle_3847_DSCF1669.jpg,605,430,1669,018a97fb4d8714263293453a68b2a4de9e97f495,0a8ce86109868eec,test
cattle_3847,cattle_3847_DSCF1672.jpg,BeefCattle_Muzzle_Individualized/cattle_3847/cattle_3847_DSCF1672.jpg,593,430,1672,f15460b353c77b542c68c1eb8ecfe5f9d5472ec1,098ce869098eaeec,test
cattle_3852,cattle_3852_DSCF1576.jpg,BeefCattle_Muzzle_Individualized/cattle_3852/cattle_3852_DSCF1576.jpg,547,404,1576,11760a2070fe3604d5729a856ff4902d9307be9f,0fcff0f070b4ae90,train
cattle_3852,cattle_3852_DSCF1577.jpg,BeefCattle_Muzzle_Individualized/cattle_3852/cattle_3852_DSCF1577.jpg,558,409,1577,5cafdc88e7350de6704e945e4e5c3e658aa135e3,87cff07070b486d8,train
cattle_3852,cattle_3852_DSCF1578.jpg,BeefCattle_Muzzle_Individualized/cattle_3852/cattle_3852_DSCF1578.jpg,563,409,1578,4ad3ca26721f336bdbbea5d98622482febf0b187,87cef070f096849d,train
cattle_3852,cattle_3852_DSCF1580.jpg,BeefCattle_Muzzle_Individualized/cattle_3852/cattle_3852_DSCF1580.jpg,558,420,1580,37e1f7e69bf3e9fa02a8f17598316feaee8af10f,0fcef0f070b4949d,train
cattle_3852,cattle_3852_DSCF1581.jpg,BeefCattle_Muzzle_Individualized/cattle_3852/cattle_3852_DSCF1581.jpg,547,415,1581,59ec5331d4294128d8e1133f5620d3146649a99b,0fcff0f070b4a69c,train
cattle_3852,cattle_3852_DSCF1583.jpg,BeefCattle_Muzzle_Individualized/cattle_3852/cattle_3852_DSCF1583.jpg,573,409,1583,1bfb5f873e404c061a6d1738ff016244885342dc,8fccf070f0b4949d,train
cattle_3852,cattle_3852_DSCF1584.jpg,BeefCattle_Muzzle_Individualized/cattle_3852/cattle_3852_DSCF1584.jpg,563,409,1584,f35cb27870ec16016ed098656fbe7027d2eb7f49,0fcef0f071b4a49c,train
cattle_3852,cattle_3852_DSCF1585.jpg,BeefCattle_Muzzle_Individualized/cattle_3852/cattle_3852_DSCF1585.jpg,558,420,1585,32aefcd33f94c115a330eb6c7921b5b7849cc847,2fcef0f070b6a69c,train
cattle_3852,cattle_3852_DSCF1587.jpg,BeefCattle_Muzzle_Individualized/cattle_3852/cattle_3852_DSCF1587.jpg,573,425,1587,92fb73468de6e81052c2def893081c0edc909759,8fcef0f0f1b4d49c,train
cattle_3852,cattle_3852_DSCF1588.jpg,BeefCattle_Muzzle_Individualized/cattle_3852/cattle_3852_DSCF1588.jpg,547,430,1588,0a2df19ef9577bf81b9241c9121afb41b39ca151,0fccf07070b6d69c,train
cattle_3852,cattle_3852_DSCF1589.jpg,BeefCattle_Muzzle_Individualized/cattle_3852/cattle_3852_DSCF1589.jpg,555,409,1589,f8b89127f174eb6e8ad5fbfa8edd357c987962f6,17d0f0f0f096dac8,train
cattle_3852,cattle_3852_DSCF1590.jpg,BeefCattle_Muzzle_Individualized/cattle_3852/cattle_3852_DSCF1590.jpg,563,418,1590,a138aa4eb1e482bee20ff36b1008a844ce2ab475,0e8cf0f0f0b6daca,train
cattle_3852,cattle_3852_DSCF1591.jpg,BeefCattle_Muzzle_Individualized/cattle_3852/cattle_3852_DSCF1591.jpg,571,415,1591,0d5bb93a473892ac05361b57fdd041fac128af93,4e8cf0f0f1b696c0,train
cattle_3852,cattle_3852_DSCF1592.jpg,BeefCattle_Muzzle_Individualized/cattle_3852/cattle_3852_DSCF1592.jpg,544,415,1592,42f39598c7eab7c2a8552da563d8fb4fe8bba5bb,0b88f0f0f0b6f2ca,train
cattle_3852,cattle_3852_DSCF1593.jpg,BeefCattle_Muzzle_Individualized/cattle_3852/cattle_3852_DSCF1593.jpg,549,421,1593,8d0c36c26ee342ec8c3289e3491bb34fc4f4136e,0f8cf0f0e1b4b6d0,train
cattle_3852,cattle_3852_DSCF1594.jpg,BeefCattle_Muzzle_Individualized/cattle_3852/cattle_3852_DSCF1594.jpg,648,461,1594,593ee9b0784f90dac0b843b6e5e18c764007bfa3,8eccf070f0b4e4dc,train
cattle_3852,cattle_3852_DSCF1595.jpg,BeefCattle_Muzzle_Individualized/cattle_3852/cattle_3852_DSCF1595.jpg,644,475,1595,ac73ec0da5e2efa108ab59a23fc9a3b9eef2273e,aeccf07070b6f4c0,train
cattle_3852,cattle_3852_DSCF1596.jpg,BeefCattle_Muzzle_Individualized/cattle_3852/cattle_3852_DSCF1596.jpg,660,485,1596,fec3f65067dc1836e956e8ffbfe765d30d590f62,afcef07070b4f4cc,train
cattle_3852,cattle_3852_DSCF1597.jpg,BeefCattle_Muzzle_Individualized/cattle_3852/cattle_3852_DSCF1597.jpg,670,471,1597,1fb9818a7a45d8ba4b1c4154a6d51a2e7f4b3e73,8eccf07070b4f4cc,train
cattle_3852,cattle_3852_DSCF1600.jpg,BeefCattle_Muzzle_Individualized/cattle_3852/cattle_3852_DSCF1600.jpg,646,475,1600,5747b4dd1fb3aa6cc5ea615af50f940c5e5ed30f,6eccf07070f6f4c0,train
cattle_3852,cattle_3852_DSCF1602.jpg,BeefCattle_Muzzle_Individualized/cattle_3852/cattle_3852_DSCF1602.jpg,631,473,1602,d53e0bae258aa675760f6d79d1f90a3a295963fb,2fcef07070b4a4dd,train
cattle_3852,cattle_3852_DSCF1603.jpg,BeefCattle_Muzzle_Individualized/cattle_3852/cattle_3852_DSCF1603.jpg,622,465,1603,5fd3be9b9c5cd686616a529aee202459eaa063cb,2fcef070f0b4f4c7,train
cattle_3852,cattle_3852_DSCF1604.jpg,BeefCattle_Muzzle_Individualized/cattle_3852/cattle_3852_DSCF1604.jpg,604,458,1604,d0547e96dd3928930d096c94baa031f1c629e421,2fcef0f070b4a495,train
cattle_3856,cattle_3856_DSCF1512.jpg,BeefCattle_Muzzle_Individualized/cattle_3856/cattle_3856_DSCF1512.jpg,496,348,1512,0b460d0b044a64221a69eece95a1aa46fbc727b9,4dcce0719796f4f4,test
cattle_3856,cattle_3856_DSCF1513.jpg,BeefCattle_Muzzle_Individualized/cattle_3856/cattle_3856_DSCF1513.jpg,506,348,1513,8ec868894b718fcabf1d4de14d6e672deee21d30,0decf0719796f4f4,test
cattle_3856,cattle_3856_DSCF1514.jpg,BeefCattle_Muzzle_Individualized/cattle_3856/cattle_3856_DSCF1514.jpg,522,373,1514,fd27309be47199f13f34b11c45eed3a06c8f67a5,69cce8719496f4f4,test
cattle_3856,cattle_3856_DSCF1516.jpg,BeefCattle_Muzzle_Individualized/cattle_3856/cattle_3856_DSCF1516.jpg,501,373,1516,8cf6a8d6a4bf920add8d57394b0e588adf58f2c4,69ccf0719796f4f4,test
cattle_3856,cattle_3856_DSCF1522.jpg,BeefCattle_Muzzle_Individualized/cattle_3856/cattle_3856_DSCF1522.jpg,522,353,1522,1028f97b4bd057e28698d20a12921db9012d4a48,8dccf0719696f4f4,test
cattle_3856,cattle_3856_DSCF1523.jpg,BeefCattle_Muzzle_Individualized/cattle_3856/cattle_3856_DSCF1523.jpg,532,368,1523,8377c647be2bf6a13db6e8bcfe63cd7603692245,29cce871949ef4f0,test
cattle_3856,cattle_3856_DSCF1525.jpg,BeefCattle_Muzzle_Individualized/cattle_3856/cattle_3856_DSCF1525.jpg,511,358,1525,a66e2929d7b6197cbd21b4c73daded5f6bca4577,49cce0719496e4f4,test
cattle_4208,cattle_4208_DSCF6832.jpg,BeefCattle_Muzzle_Individualized/cattle_4208/cattle_4208_DSCF6832.jpg,355,225,6832,3523cd478441277111497075da659f6f61062b1a,f0e86831b3868e8e,train
cattle_4208,cattle_4208_DSCF6833.jpg,BeefCattle_Muzzle_Individualized/cattle_4208/cattle_4208_DSCF6833.jpg,350,202,6833,72b83cc863c6a2842f7a7766703abe0b60946aa5,f0e060313186c68e,train
cattle_4208,cattle_4208_DSCF6834.jpg,BeefCattle_Muzzle_Individualized/cattle_4208/cattle_4208_DSCF6834.jpg,355,248,6834,64ec28007deed0e72782413aee1473fe986e8239,f0f060713186cece,train
cattle_4208,cattle_4208_DSCF6835.jpg,BeefCattle_Muzzle_Individualized/cattle_4208/cattle_4208_DSCF6835.jpg,350,214,6835,f354aef5a50fb1ab6feae7080364eee87c32cb25,f0e06031b183c68e,train
cattle_4208,cattle_4208_DSCF6836.jpg,BeefCattle_Muzzle_Individualized/cattle_4208/cattle_4208_DSCF6836.jpg,344,231,6836,f77935755f1d8bcc4634129acf2bcd4bfbc6c664,f0e0603181868ece,train
cattle_4208,cattle_4208_DSCF6838.jpg,BeefCattle_Muzzle_Individualized/cattle_4208/cattle_4208_DSCF6838.jpg,367,208,6838,7bf226517073d2f0c8471d0d98a22466b78062d3,f0e07031b186c6ce,train
cattle_4208,cattle_4208_DSCF6841.jpg,BeefCattle_Muzzle_Individualized/cattle_4208/cattle_4208_DSCF6841.jpg,368,210,6841,40899a9963286e22f228ba94b8d2e06b34e63784,e0e86931a2868cd4,train
cattle_4208,cattle_4208_DSCF6842.jpg,BeefCattle_Muzzle_Individualized/cattle_4208/cattle_4208_DSCF6842.jpg,333,216,6842,1558d453d6b91f468b485925908f130671e28dec,f0e0683121868e92,train
cattle_4208,cattle_4208_DSCF6844.jpg,BeefCattle_Muzzle_Individualized/cattle_4208/cattle_4208_DSCF6844.jpg,350,214,6844,25391b1c97bac92063287cb62dc2807601067c0e,e8f8e961338e8e9e,train
cattle_4208,cattle_4208_DSCF6845.jpg,BeefCattle_Muzzle_Individualized/cattle_4208/cattle_4208_DSCF6845.jpg,384,225,6845,c3081a39a2caace45cbe3d0a7ee045812f9820ff,e0f86971328eced6,train
cattle_4208,cattle_4208_DSCF6847.jpg,BeefCattle_Muzzle_Individualized/cattle_4208/cattle_4208_DSCF6847.jpg,372,220,6847,d94a3108f27acbb23de31538a2862ae2d9198895,f0f0e96133868e8c,train
cattle_4208,cattle_4208_DSCF6848.jpg,BeefCattle_Muzzle_Individualized/cattle_4208/cattle_4208_DSCF6848.jpg,344,225,6848,93cb28a55766dd603d2f057de4e8f1496a5fd0f8,e0e0e86131868e94,train
cattle_4208,cattle_4208_DSCF6849.jpg,BeefCattle_Muzzle_Individualized/cattle_4208/cattle_4208_DSCF6849.jpg,372,202,6849,936b2e3a31d42f25c45a940a24b155515ea28c99,e0f0697133868c8c,train
cattle_4208,cattle_4208_DSCF6850.jpg,BeefCattle_Muzzle_Individualized/cattle_4208/cattle_4208_DSCF6850.jpg,338,197,6850,4f2b85d7d2f7dc85a0ce1f504889b53fe392dbf5,e0f0696133868e9c,train
cattle_4208,cattle_4208_DSCF6851.jpg,BeefCattle_Muzzle_Individualized/cattle_4208/cattle_4208_DSCF6851.jpg,350,214,6851,c85519fae2967ded69f47542d7b4b8c25efb0099,e0e0e96133868c9c,train
cattle_4259,cattle_4259_DSCF6762.jpg,BeefCattle_Muzzle_Individualized/cattle_4259/cattle_4259_DSCF6762.jpg,463,305,6762,5350224951c1b8d59aafc3185f25b41d1a54356f,c8c8682989889084,train
cattle_4259,cattle_4259_DSCF6763.jpg,BeefCattle_Muzzle_Individualized/cattle_4259/cattle_4259_DSCF6763.jpg,436,325,6763,40b07e4b99e620b966ded7f96d6b40f6aa33d601,c8c8e87808989296,train
cattle_4259,cattle_4259_DSCF6764.jpg,BeefCattle_Muzzle_Individualized/cattle_4259/cattle_4259_DSCF6764.jpg,445,337,6764,952a7da0669398d62039daa51c40fd8f6b7a377c,c8cce86888888286,train
cattle_4259,cattle_4259_DSCF6765.jpg,BeefCattle_Muzzle_Individualized/cattle_4259/cattle_4259_DSCF6765.jpg,448,325,6765,260c0ed61f0be074a0e12f18cd2bc965e87076e4,e8ec682888888a86,train
cattle_4259,cattle_4259_DSCF6766.jpg,BeefCattle_Muzzle_Individualized/cattle_4259/cattle_4259_DSCF6766.jpg,435,311,6766,da5997dfafc600cf2c392c9fa445528d8b20d10f,c8c8e86808888282,train
cattle_4259,cattle_4259_DSCF6767.jpg,BeefCattle_Muzzle_Individualized/cattle_4259/cattle_4259_DSCF6767.jpg,424,311,6767,9991d4121698499439f423e0c5635e7c91a7a7a8,cccc682888888a82,train
cattle_4323,cattle_4323_DSCF0217.jpg,BeefCattle_Muzzle_Individualized/cattle_4323/cattle_4323_DSCF0217.jpg,568,415,217,f1467ebceb555d04dab1296a21b164725e3dd832,0b86f070d092eac0,train
cattle_4323,cattle_4323_DSCF0218.jpg,BeefCattle_Muzzle_Individualized/cattle_4323/cattle_4323_DSCF0218.jpg,589,420,218,6936f1487a66958f2e63c86baf4230eaf177feba,0b84f071d496c0c0,train
cattle_4323,cattle_4323_DSCF0219.jpg,BeefCattle_Muzzle_Individualized/cattle_4323/cattle_4323_DSCF0219.jpg,599,404,219,1712f887a941328e878aefcc4dd43bb4ea9d7076,8b84f070f196c2e0,train
cattle_4323,cattle_4323_DSCF0224.jpg,BeefCattle_Muzzle_Individualized/cattle_4323/cattle_4323_DSCF0224.jpg,594,425,224,5e756358b9d617a62a2292b56f0300fd5fbb2eb0,2b86f071d4d2c0c0,train
cattle_4323,cattle_4323_DSCF0227.jpg,BeefCattle_Muzzle_Individualized/cattle_4323/cattle_4323_DSCF0227.jpg,583,425,227,bdb4f5a706ad000ad208375386f6d6ec852640c0,2b86f070f096e2e0,train
cattle_4323,cattle_4323_DSCF0228.jpg,BeefCattle_Muzzle_Individualized/cattle_4323/cattle_4323_DSCF0228.jpg,594,415,228,1a26ec942dac0b57929bbe7fd3345e6ce9c1af5b,2b84f071f596e2e0,train
cattle_4323,cattle_4323_DSCF0230.jpg,BeefCattle_Muzzle_Individualized/cattle_4323/cattle_4323_DSCF0230.jpg,604,409,230,d8216cf85fe386158d4c42318c314925ef3c954e,2b86f0717196d2e0,train
cattle_4323,cattle_4323_DSCF0232.jpg,BeefCattle_Muzzle_Individualized/cattle_4323/cattle_4323_DSCF0232.jpg,619,415,232,c21588b04e73c39059928d4b7bf4aea8283e6a16,8b84f071f596e0e0,train
cattle_4323,cattle_4323_DSCF0234.jpg,BeefCattle_Muzzle_Individualized/cattle_4323/cattle_4323_DSCF0234.jpg,604,430,234,6d50f3b37157b52c774dbe1f75b6bc9f5808c478,ab86f071f1d6e0c0,train
cattle_4326,cattle_4326_DSCF7019.jpg,BeefCattle_Muzzle_Individualized/cattle_4326/cattle_4326_DSCF7019.jpg,445,311,7019,39d77550135c74866abb41400266c29e1f025664,cce879390f8e8ece,dev
cattle_4326,cattle_4326_DSCF7020.jpg,BeefCattle_Muzzle_Individualized/cattle_4326/cattle_4326_DSCF7020.jpg,438,324,7020,229ac0c47b9db1cd584acd07e5b42117055b9de6,c8e879794f8e8ecc,dev
cattle_4326,cattle_4326_DSCF7021.jpg,BeefCattle_Muzzle_Individualized/cattle_4326/cattle_4326_DSCF7021.jpg,474,305,7021,9c7098b18e0adea13edcb55271421e48b2eb6e1f,ece838398bcec6cc,dev
cattle_4326,cattle_4326_DSCF7023.jpg,BeefCattle_Muzzle_Individualized/cattle_4326/cattle_4326_DSCF7023.jpg,485,324,7023,51e24726b5773e7ef02e10d2d37a135e9eba7035,cce878398b8ececc,dev
cattle_4326,cattle_4326_DSCF7024.jpg,BeefCattle_Muzzle_Individualized/cattle_4326/cattle_4326_DSCF7024.jpg,448,318,7024,63a5eaa5a4fadeed24d27ca8d7db99c2aedce58e,88c8f9790b8e8ecc,dev
cattle_4326,cattle_4326_DSCF7025.jpg,BeefCattle_Muzzle_Individualized/cattle_4326/cattle_4326_DSCF7025.jpg,461,286,7025,1639a1520a1bb699126c9816e8248f8089fd35b1,e8e87171098f8e8e,dev
cattle_4326,cattle_4326_DSCF7026.jpg,BeefCattle_Muzzle_Individualized/cattle_4326/cattle_4326_DSCF7026.jpg,390,311,7026,69e17a472120ea3cabe733b55692ff0eaf21ead8,5cc0c1c36f0e8ec6,dev
cattle_4326,cattle_4326_DSCF7027.jpg,BeefCattle_Muzzle_Individualized/cattle_4326/cattle_4326_DSCF7027.jpg,433,322,7027,60eb6cfbf1b31588f6ac2d4393c1a6474cbb72ef,8fcce878398f8e86,dev
cattle_4326,cattle_4326_DSCF7028.jpg,BeefCattle_Muzzle_Individualized/cattle_4326/cattle_4326_DSCF7028.jpg,430,320,7028,2b99e1d2cd7012db12b87db180ee37d60c08f2ab,8cecf839098f8e84,dev
cattle_4330,cattle_4330_DSCF0815.jpg,BeefCattle_Muzzle_Individualized/cattle_4330/cattle_4330_DSCF0815.jpg,692,533,815,689b4915dfbdfb7942128342182c499fe3dbc1e6,cfe0f07195969e8c,train
cattle_4330,cattle_4330_DSCF0816.jpg,BeefCattle_Muzzle_Individualized/cattle_4330/cattle_4330_DSCF0816.jpg,738,538,816,2c7282d9b557b073e2c347517423c59900f12939,cee0f0715196de9c,train
cattle_4330,cattle_4330_DSCF0820.jpg,BeefCattle_Muzzle_Individualized/cattle_4330/cattle_4330_DSCF0820.jpg,712,523,820,4d1804890ed52f5e16824cc7ffd2efc30204e944,cfe0707151969e9c,train
cattle_4330,cattle_4330_DSCF0822.jpg,BeefCattle_Muzzle_Individualized/cattle_4330/cattle_4330_DSCF0822.jpg,733,518,822,8ed97c47ac90993c9fa89d9516d2d5b5704c3f36,cef070719596de9c,train
cattle_4330,cattle_4330_DSCF0823.jpg,BeefCattle_Muzzle_Individualized/cattle_4330/cattle_4330_DSCF0823.jpg,738,523,823,2ac4e74f2c5003213244900eeabf3bfb0a5c7d33,cee0707191969c9c,train
cattle_4330,cattle_4330_DSCF0827.jpg,BeefCattle_Muzzle_Individualized/cattle_4330/cattle_4330_DSCF0827.jpg,717,533,827,abdc5fabc0dafb05fe99528fc562bac02cf64934,cfe070715596de8c,train
cattle_4330,cattle_4330_DSCF0828.jpg,BeefCattle_Muzzle_Individualized/cattle_4330/cattle_4330_DSCF0828.jpg,743,538,828,f5328ae195db048c11dfb818f33ef12bbae29c39,cee070711196cc9c,train
cattle_4330,cattle_4330_DSCF0829.jpg,BeefCattle_Muzzle_Individualized/cattle_4330/cattle_4330_DSCF0829.jpg,754,543,829,0fe8abbaf9db02b145253dd8958f87b82471b2d4,cee071719596cc8d,train
cattle_4330,cattle_4330_DSCF0834.jpg,BeefCattle_Muzzle_Individualized/cattle_4330/cattle_4330_DSCF0834.jpg,728,533,834,111b6bcb9b68c2de4ba5ae00f45b7630bdb2153a,cee070715196ce8c,train
cattle_4330,cattle_4330_DSCF0835.jpg,BeefCattle_Muzzle_Individualized/cattle_4330/cattle_4330_DSCF0835.jpg,743,518,835,cbc782e3668d50298e89da7f473ee1d0f7b48ffa,cee07071519696dc,train
cattle_4339,cattle_4339_DSCF6832.jpg,BeefCattle_Muzzle_Individualized/cattle_4339/cattle_4339_DSCF6832.jpg,281,231,6832,54775d9e45f39882051366b96e8556563e8a9fdc,9edcf071390f1f17,train
cattle_4339,cattle_4339_DSCF6833.jpg,BeefCattle_Muzzle_Individualized/cattle_4339/cattle_4339_DSCF6833.jpg,304,214,6833,2c98dbead842adac3242763fddac5b5cae4093ea,dcf87071390f0f17,train
cattle_4339,cattle_4339_DSCF6834.jpg,BeefCattle_Muzzle_Individualized/cattle_4339/cattle_4339_DSCF6834.jpg,281,210,6834,80836055de158b1364b1015dc560ee45d76643a8,d8e070713b0f1f17,train
cattle_4339,cattle_4339_DSCF6835.jpg,BeefCattle_Muzzle_Individualized/cattle_4339/cattle_4339_DSCF6835.jpg,287,220,6835,461b2fd563cd3b77c11b75030d14a25d6d533a37,9ed87071390f0f17,train
cattle_4339,cattle_4339_DSCF6837.jpg,BeefCattle_Muzzle_Individualized/cattle_4339/cattle_4339_DSCF6837.jpg,287,197,6837,14fd4d990545f90768e67925afd25d2f7e34407f,d8f071310b0f1717,train
cattle_4339,cattle_4339_DSCF6844.jpg,BeefCattle_Muzzle_Individualized/cattle_4339/cattle_4339_DSCF6844.jpg,321,242,6844,c4e7f27a91f58354b38d8f42b79ef4122623a66c,bcf0e171730f0f37,train
cattle_4339,cattle_4339_DSCF6845.jpg,BeefCattle_Muzzle_Individualized/cattle_4339/cattle_4339_DSCF6845.jpg,315,254,6845,a3ab4bfee70b33fa243113d4271a1d03b54f55b9,9af070713b0f0f17,train
cattle_4339,cattle_4339_DSCF6847.jpg,BeefCattle_Muzzle_Individualized/cattle_4339/cattle_4339_DSCF6847.jpg,315,254,6847,954661c7b5707b4143c1a9ab9f858f55a46e4f09,9cf0f0713b0f0f37,train
cattle_4339,cattle_4339_DSCF6848.jpg,BeefCattle_Muzzle_Individualized/cattle_4339/cattle_4339_DSCF6848.jpg,327,242,6848,91a8a9f4078f213f77e1cbb5dc83ae874c169f5e,dce071712b0f1f37,train
cattle_4339,cattle_4339_DSCF6851.jpg,BeefCattle_Muzzle_Individualized/cattle_4339/cattle_4339_DSCF6851.jpg,338,237,6851,7b7392c809b70fc11c9686f3ced76a4c33ece4f9,dcf07171330f0f37,train
cattle_4339,cattle_4339_DSCF6852.jpg,BeefCattle_Muzzle_Individualized/cattle_4339/cattle_4339_DSCF6852.jpg,321,260,6852,66d8225ed0c839e5c7a43a8801c14aab1cc6882b,8ed8f071390f0f37,train
cattle_4347,cattle_4347_DSCF1391.jpg,BeefCattle_Muzzle_Individualized/cattle_4347/cattle_4347_DSCF1391.jpg,527,373,1391,3e1b49bde1d42d2c73d4cc47333f7269778d0071,0ec8e161f1a6c8cc,train
cattle_4347,cattle_4347_DSCF1392.jpg,BeefCattle_Muzzle_Individualized/cattle_4347/cattle_4347_DSCF1392.jpg,532,399,1392,c65f8af2f66bde580c7598532eacaeb996b5847d,8eeee06171aae8cc,train
cattle_4347,cattle_4347_DSCF1393.jpg,BeefCattle_Muzzle_Individualized/cattle_4347/cattle_4347_DSCF1393.jpg,511,384,1393,f2d50a94cd3eee54e1db44138c3043a0b5f1553b,0fcce061f1aacccc,train
cattle_4347,cattle_4347_DSCF1394.jpg,BeefCattle_Muzzle_Individualized/cattle_4347/cattle_4347_DSCF1394.jpg,527,384,1394,af42f51c58810fd2548e81f2c4c600ed7055774d,8ec8e06191aacccc,train
cattle_4347,cattle_4347_DSCF1395.jpg,BeefCattle_Muzzle_Individualized/cattle_4347/cattle_4347_DSCF1395.jpg,516,394,1395,b45aa4d3628fdb7ed3083d4e69354c4c8c8117e1,0ecee06171aacccc,train
cattle_4347,cattle_4347_DSCF1396.jpg,BeefCattle_Muzzle_Individualized/cattle_4347/cattle_4347_DSCF1396.jpg,547,378,1396,f3f935407bc8097158636a503f128d8e4dde68e7,8ee8616191aaeccc,train
cattle_4347,cattle_4347_DSCF1397.jpg,BeefCattle_Muzzle_Individualized/cattle_4347/cattle_4347_DSCF1397.jpg,527,394,1397,3f16e75bb15c3999658a788c24cdc45d0452e9de,8ecce061f1aaeccc,train
cattle_4347,cattle_4347_DSCF1399.jpg,BeefCattle_Muzzle_Individualized/cattle_4347/cattle_4347_DSCF1399.jpg,542,409,1399,db348b7638a80799ef64947701a6f602e3b6a8ac,8ecee061f1aec8cc,train
cattle_4347,cattle_4347_DSCF1407.jpg,BeefCattle_Muzzle_Individualized/cattle_4347/cattle_4347_DSCF1407.jpg,547,384,1407,85e9eae8b71f8e31f785cdcd7fd7ff8ba5822fbc,8eec6161f1aee8cc,train
cattle_4347,cattle_4347_DSCF1408.jpg,BeefCattle_Muzzle_Individualized/cattle_4347/cattle_4347_DSCF1408.jpg,532,378,1408,62d53567de2534c4673c59cef3aa55e3ed2b0e5c,8ec8e16191eec8cc,train
cattle_4347,cattle_4347_DSCF1409.jpg,BeefCattle_Muzzle_Individualized/cattle_4347/cattle_4347_DSCF1409.jpg,511,378,1409,2412177c10a7bea557fb655e6edf11a08ecc7ad9,8ecce06171aac8cc,train
cattle_4363,cattle_4363_DSCF0794.jpg,BeefCattle_Muzzle_Individualized/cattle_4363/cattle_4363_DSCF0794.jpg,754,543,794,548de732db91986c6bcbeee8c2a2ecabc95344db,8c9cd07107171716,test
cattle_4363,cattle_4363_DSCF0795.jpg,BeefCattle_Muzzle_Individualized/cattle_4363/cattle_4363_DSCF0795.jpg,748,513,795,45454a8f4a74e1334ce68edd3bc8f2a66233751e,8cdcd06906071717,test
cattle_4363,cattle_4363_DSCF0796.jpg,BeefCattle_Muzzle_Individualized/cattle_4363/cattle_4363_DSCF0796.jpg,738,543,796,03e6c5cdfec16e1a3a84c408e84f287c18393047,8cdce86806171717,test
cattle_4363,cattle_4363_DSCF0797.jpg,BeefCattle_Muzzle_Individualized/cattle_4363/cattle_4363_DSCF0797.jpg,754,564,797,e9bcb1579569a393e7616d96ebab0ef78d8d704a,8cdcd86906171716,test
cattle_4363,cattle_4363_DSCF0799.jpg,BeefCattle_Muzzle_Individualized/cattle_4363/cattle_4363_DSCF0799.jpg,728,538,799,36ec7d0f0a6632c814176a0aa728002c7ecf2c67,8c9cd07116171717,test
cattle_4363,cattle_4363_DSCF0805.jpg,BeefCattle_Muzzle_Individualized/cattle_4363/cattle_4363_DSCF0805.jpg,769,549,805,902d2889d5481c95e717cc5b09dd7069320072c8,8cdcf07907171716,test
cattle_4363,cattle_4363_DSCF0808.jpg,BeefCattle_Muzzle_Individualized/cattle_4363/cattle_4363_DSCF0808.jpg,743,538,808,1a3e46b211e6a3e8f57114038237a2101d40e1b8,8c8cd86806071717,test
cattle_4369,cattle_4369_DSCF6750.jpg,BeefCattle_Muzzle_Individualized/cattle_4369/cattle_4369_DSCF6750.jpg,550,357,6750,f78d67210185b4e24586b27afd25970c89d94071,1e78717172fcf4f0,test
cattle_4369,cattle_4369_DSCF6751.jpg,BeefCattle_Muzzle_Individualized/cattle_4369/cattle_4369_DSCF6751.jpg,515,368,6751,a616c454818b856852da4b14c34baef86c61ca38,38787171f2fcf4dc,test
cattle_4369,cattle_4369_DSCF6752.jpg,BeefCattle_Muzzle_Individualized/cattle_4369/cattle_4369_DSCF6752.jpg,510,351,6752,bade42e0a1c6218e5b66462e37768860a65849de,79e2e87071b2b6f4,test
cattle_4369,cattle_4369_DSCF6753.jpg,BeefCattle_Muzzle_Individualized/cattle_4369/cattle_4369_DSCF6753.jpg,515,374,6753,7f8dae4b35372e5b5a7b85635ae87917c777a8d7,e0f07071b196f4f4,test
cattle_4369,cattle_4369_DSCF6754.jpg,BeefCattle_Muzzle_Individualized/cattle_4369/cattle_4369_DSCF6754.jpg,510,380,6754,f6a5e24be52c5c97316a0c6c6b531ec25e381c90,e2e8f071b19eb4f0,test
cattle_4369,cattle_4369_DSCF6755.jpg,BeefCattle_Muzzle_Individualized/cattle_4369/cattle_4369_DSCF6755.jpg,515,368,6755,1c1ff504d38a51637b06be3c237f57520818272d,e0f07071b19ca4f0,test
cattle_4369,cattle_4369_DSCF6756.jpg,BeefCattle_Muzzle_Individualized/cattle_4369/cattle_4369_DSCF6756.jpg,515,385,6756,f7ba2639a168f039bc18c5ebf0a18f3ace408df7,e0f07071b19cf4fc,test
cattle_4369,cattle_4369_DSCF6758.jpg,BeefCattle_Muzzle_Individualized/cattle_4369/cattle_4369_DSCF6758.jpg,515,391,6758,158bdd1633cf1b6bbbae59a53b0f860666e3386b,e2f07171b09ce4fc,test
cattle_4369,cattle_4369_DSCF6760.jpg,BeefCattle_Muzzle_Individualized/cattle_4369/cattle_4369_DSCF6760.jpg,538,374,6760,d0725e0e7a5fea12ad58b753f59b950a56a4ef7d,f0f07171b096e4fc,test
cattle_4369,cattle_4369_DSCF6761.jpg,BeefCattle_Muzzle_Individualized/cattle_4369/cattle_4369_DSCF6761.jpg,527,374,6761,441a9db65a48c6af5a5c072c9c760619d6767d88,f07079319080e0f4,test
cattle_4369,cattle_4369_DSCF6886.jpg,BeefCattle_Muzzle_Individualized/cattle_4369/cattle_4369_DSCF6886.jpg,264,168,6886,fe4ca2f685460749ef3d356192448fa32def2b6a,c06071f2b29ce0f8,test
cattle_4369,cattle_4369_DSCF6888.jpg,BeefCattle_Muzzle_Individualized/cattle_4369/cattle_4369_DSCF6888.jpg,264,162,6888,74723261e36e784ac8b092b1c224f15923054446,e06071b3b29cf4f8,test
cattle_4369,cattle_4369_DSCF6889.jpg,BeefCattle_Muzzle_Individualized/cattle_4369/cattle_4369_DSCF6889.jpg,264,162,6889,3da6db7dc7e81b50c20e3fb62e5f9e7ac61aa382,c0e06131b29cdcf0,test
cattle_4369,cattle_4369_DSCF6891.jpg,BeefCattle_Muzzle_Individualized/cattle_4369/cattle_4369_DSCF6891.jpg,258,162,6891,fd3d86db55af9dea32750363c93f0cdb5b05bbfe,e06061f1b294d4f0,test
cattle_4381,cattle_4381_DSCF0091.jpg,BeefCattle_Muzzle_Individualized/cattle_4381/cattle_4381_DSCF0091.jpg,362,280,91,e3598fe042fafe0c6da85734e36656169a063fb4,a88eecf8d184a4d0,train
cattle_4381,cattle_4381_DSCF0092.jpg,BeefCattle_Muzzle_Individualized/cattle_4381/cattle_4381_DSCF0092.jpg,377,291,92,caf0123faf6f6ed6b2ee626cd7f542cabce5b966,a4cefcf0d186e4cc,train
cattle_4381,cattle_4381_DSCF0093.jpg,BeefCattle_Muzzle_Individualized/cattle_4381/cattle_4381_DSCF0093.jpg,357,280,93,96e92610562022392d7c3507894586546cccad8f,88cefcf09086e48c,train
cattle_4381,cattle_4381_DSCF0094.jpg,BeefCattle_Muzzle_Individualized/cattle_4381/cattle_4381_DSCF0094.jpg,377,280,94,8d90f595502209c4d4a3c7f52c53249e776394a8,84c6ec70d196e6cc,train
cattle_4381,cattle_4381_DSCF0095.jpg,BeefCattle_Muzzle_Individualized/cattle_4381/cattle_4381_DSCF0095.jpg,367,311,95,5c9452a6b02641fd04738eb24a775bc85dc55594,a58ecef8d186e6cc,train
cattle_4381,cattle_4381_DSCF0096.jpg,BeefCattle_Muzzle_Individualized/cattle_4381/cattle_4381_DSCF0096.jpg,346,280,96,06d1a8246b93817cf264cc380cb3e4240b6775f6,888eccf0d186a6c4,train
cattle_4381,cattle_4381_DSCF0097.jpg,BeefCattle_Muzzle_Individualized/cattle_4381/cattle_4381_DSCF0097.jpg,367,280,97,adbf01a6db203d6819b8fd39e9eaa970cc2c941a,288accf8d184a6e4,train
cattle_4381,cattle_4381_DSCF0098.jpg,BeefCattle_Muzzle_Individualized/cattle_4381/cattle_4381_DSCF0098.jpg,382,291,98,09bfb89add866410bdb15730f8037a66e9057195,a4ceec70d086e4cc,train
cattle_4381,cattle_4381_DSCF0099.jpg,BeefCattle_Muzzle_Individualized/cattle_4381/cattle_4381_DSCF0099.jpg,372,280,99,9eca80d6e45e3449692d7b9e9f14a3a6be018d4d,a88efcf0d186e6cc,train
cattle_4381,cattle_4381_DSCF0100.jpg,BeefCattle_Muzzle_Individualized/cattle_4381/cattle_4381_DSCF0100.jpg,377,275,100,14c30712c1a4fbb71fdb75f40ec2c9a40769f74a,a08eecf0d196a6c4,train
cattle_4381,cattle_4381_DSCF0101.jpg,BeefCattle_Muzzle_Individualized/cattle_4381/cattle_4381_DSCF0101.jpg,382,265,101,d671d22b12c09ec634f10cb54dbb75a15de3136b,a48accf8519486e4,train
cattle_4381,cattle_4381_DSCF0102.jpg,BeefCattle_Muzzle_Individualized/cattle_4381/cattle_4381_DSCF0102.jpg,377,275,102,05b2a16ba570bfac2e3dbef16ad6da243ab17388,a48accf8708486e4,train
cattle_4381,cattle_4381_DSCF0103.jpg,BeefCattle_Muzzle_Individualized/cattle_4381/cattle_4381_DSCF0103.jpg,382,270,103,bbb990058c092605f63832b4ff53196db219182f,a486cc7070c686e0,train
cattle_4381,cattle_4381_DSCF0106.jpg,BeefCattle_Muzzle_Individualized/cattle_4381/cattle_4381_DSCF0106.jpg,372,296,106,f9342049b705112f529690d5c45e493128c34b6b,a08eecf0d086e4cc,train
cattle_4381,cattle_4381_DSCF0107.jpg,BeefCattle_Muzzle_Individualized/cattle_4381/cattle_4381_DSCF0107.jpg,377,286,107,bee566d9ea21c7912857654ebbc629410f649e1e,a8cef8709486e4cc,train
cattle_4381,cattle_4381_DSCF0108.jpg,BeefCattle_Muzzle_Individualized/cattle_4381/cattle_4381_DSCF0108.jpg,387,270,108,08e90ce55db129f5893f2aca93a61891dc1aa0b7,a8c6f870d186e4cc,train
cattle_4381,cattle_4381_DSCF0109.jpg,BeefCattle_Muzzle_Individualized/cattle_4381/cattle_4381_DSCF0109.jpg,362,317,109,bb80594e05ebda390e93ac05b85070f4ff8c886d,a5c4cef89186e4dc,train
cattle_4381,cattle_4381_DSCF0110.jpg,BeefCattle_Muzzle_Individualized/cattle_4381/cattle_4381_DSCF0110.jpg,357,306,110,f4c3b6f705abd7736f0cda741d03d674b59b9cd0,84c6ce789186e4dc,train
cattle_4381,cattle_4381_DSCF0112.jpg,BeefCattle_Muzzle_Individualized/cattle_4381/cattle_4381_DSCF0112.jpg,377,306,112,61fbb6837ae7f87b47e8c7fcef21eecece8f094a,84c6fc78d1c6e4dc,train
cattle_4381,cattle_4381_DSCF0113.jpg,BeefCattle_Muzzle_Individualized/cattle_4381/cattle_4381_DSCF0113.jpg,367,327,113,dd158b1fd34eae66e4a2fe87634742705a9baddc,2788cef89184e49c,train
cattle_4381,cattle_4381_DSCF0114.jpg,BeefCattle_Muzzle_Individualized/cattle_4381/cattle_4381_DSCF0114.jpg,382,327,114,8c02cc1595754813b95df17519dde9daf7527969,85c6ee78d1c6e4dc,train
cattle_4385,cattle_4385_DSCF0138.jpg,BeefCattle_Muzzle_Individualized/cattle_4385/cattle_4385_DSCF0138.jpg,315,250,138,45c8f96e36d6c3ee3a82b7ff72c7ba42dbef900a,8888f0719484e4d8,test
cattle_4385,cattle_4385_DSCF0139.jpg,BeefCattle_Muzzle_Individualized/cattle_4385/cattle_4385_DSCF0139.jpg,315,250,139,bc9a31ad04f6d3bb4e49c21997d46c5f0b809acf,488cd8719194a4d8,test
cattle_4385,cattle_4385_DSCF0140.jpg,BeefCattle_Muzzle_Individualized/cattle_4385/cattle_4385_DSCF0140.jpg,320,260,140,6d0bc40c113ab1a549c0c2e1159e5373008970c2,8c88f0719084c0d8,test
cattle_4385,cattle_4385_DSCF0141.jpg,BeefCattle_Muzzle_Individualized/cattle_4385/cattle_4385_DSCF0141.jpg,346,250,141,bcbc287f3f039342676df45b51ad4cd9c47073c5,8cc87971d4c4c0d8,test
cattle_4385,cattle_4385_DSCF0142.jpg,BeefCattle_Muzzle_Individualized/cattle_4385/cattle_4385_DSCF0142.jpg,341,250,142,da84d095ca3a46fce4a421b55c8e2266000e6f2e,888871719484c0d8,test
cattle_4385,cattle_4385_DSCF0143.jpg,BeefCattle_Muzzle_Individualized/cattle_4385/cattle_4385_DSCF0143.jpg,320,255,143,48751bc1f0c9be1e441029bdcd57fb74f47fa922,8c8cf8719094c4dc,test
cattle_4385,cattle_4385_DSCF0144.jpg,BeefCattle_Muzzle_Individualized/cattle_4385/cattle_4385_DSCF0144.jpg,341,244,144,4f38dc40e9a2974e7ed6748c79999b347e312887,8ccc7871d094c4d8,test
cattle_4385,cattle_4385_DSCF0146.jpg,BeefCattle_Muzzle_Individualized/cattle_4385/cattle_4385_DSCF0146.jpg,320,239,146,40b81e8e798e12fdbf9eb99211f5f7b5e2df78e0,8898f1719194a4d0,test
cattle_4385,cattle_4385_DSCF0148.jpg,BeefCattle_Muzzle_Individualized/cattle_4385/cattle_4385_DSCF0148.jpg,288,242,148,c87dac4d660adfa99b1892f6ba462f1f1cc64301,8c88f0719084a498,test
cattle_4385,cattle_4385_DSCF0149.jpg,BeefCattle_Muzzle_Individualized/cattle_4385/cattle_4385_DSCF0149.jpg,320,250,149,07e15ceebc2927a73bda7d00b2a2d47f7336514a,8898f1719094e498,test
cattle_4385,cattle_4385_DSCF0150.jpg,BeefCattle_Muzzle_Individualized/cattle_4385/cattle_4385_DSCF0150.jpg,331,234,150,a61876df33087c32d136540c440a14cefbb937ca,8888f0719194c4d0,test
cattle_4385,cattle_4385_DSCF0151.jpg,BeefCattle_Muzzle_Individualized/cattle_4385/cattle_4385_DSCF0151.jpg,320,260,151,e271e56410203c9df5fbb5e490603b44d96ded20,489cd0719194a498,test
cattle_4385,cattle_4385_DSCF0153.jpg,BeefCattle_Muzzle_Individualized/cattle_4385/cattle_4385_DSCF0153.jpg,315,250,153,ba2c71442b05c4edc278ec70fc0c999bff5ebeac,8c8cf8719194e4d8,test
cattle_4385,cattle_4385_DSCF0154.jpg,BeefCattle_Muzzle_Individualized/cattle_4385/cattle_4385_DSCF0154.jpg,310,255,154,36b5c234e1f80a1c6c42956cf4b271aebf1b3dd4,8898f0719484e098,test
cattle_4385,cattle_4385_DSCF0155.jpg,BeefCattle_Muzzle_Individualized/cattle_4385/cattle_4385_DSCF0155.jpg,284,260,155,33509bf4eeb9a9736c51dc477cf0535fbd66442b,8898d0119094a4dc,test
cattle_4385,cattle_4385_DSCF0156.jpg,BeefCattle_Muzzle_Individualized/cattle_4385/cattle_4385_DSCF0156.jpg,310,260,156,0ca165e3e4e4bf49f7d7c11a46c6e30a7d9d7ff9,9890e1232080a898,test
cattle_4385,cattle_4385_DSCF0157.jpg,BeefCattle_Muzzle_Individualized/cattle_4385/cattle_4385_DSCF0157.jpg,259,255,157,1fd505a3363811572d09313f5172267253d8ab85,889890303016849c,test
cattle_4385,cattle_4385_DSCF0158.jpg,BeefCattle_Muzzle_Individualized/cattle_4385/cattle_4385_DSCF0158.jpg,259,270,158,dd4335de021869f17b3858e63f10195484151a6e,8898b0203404ac1c,test
cattle_4385,cattle_4385_DSCF0159.jpg,BeefCattle_Muzzle_Individualized/cattle_4385/cattle_4385_DSCF0159.jpg,253,265,159,7ce955e694ec948c14271194bd8d000545c7dd0b,889030212404a89c,test
cattle_4385,cattle_4385_DSCF0160.jpg,BeefCattle_Muzzle_Individualized/cattle_4385/cattle_4385_DSCF0160.jpg,248,280,160,ebe4e28b49ba5bc9a4796266a51012e81f4e93fb,a48890309092808c,test
cattle_4399,cattle_4399_DSCF6864.jpg,BeefCattle_Muzzle_Individualized/cattle_4399/cattle_4399_DSCF6864.jpg,864,677,6864,f3621bc8d959dc2a0a112c435d8b0e6ff40aa493,88c87879898b0c0c,test
cattle_4399,cattle_4399_DSCF6865.jpg,BeefCattle_Muzzle_Individualized/cattle_4399/cattle_4399_DSCF6865.jpg,859,764,6865,25795c0636148e2fc8d7be9ac3fcd919b071062a,e8f9f171d99cb40c,test
cattle_4399,cattle_4399_DSCF6867.jpg,BeefCattle_Muzzle_Individualized/cattle_4399/cattle_4399_DSCF6867.jpg,822,530,6867,8b801b7fb8ed80da9a86854907bed5bcf0e687cc,8494e4743c181a18,test
cattle_4399,cattle_4399_DSCF6868.jpg,BeefCattle_Muzzle_Individualized/cattle_4399/cattle_4399_DSCF6868.jpg,292,231,6868,127ac107a3830a65f13e9a135514584caeb17982,c890e1f1938e0c08,test
cattle_4399,cattle_4399_DSCF6869.jpg,BeefCattle_Muzzle_Individualized/cattle_4399/cattle_4399_DSCF6869.jpg,453,322,6869,0923073c52cb9b6f48f398c25e5dd890a31107ed,8888e879198b0e0c,test
cattle_4399,cattle_4399_DSCF6870.jpg,BeefCattle_Muzzle_Individualized/cattle_4399/cattle_4399_DSCF6870.jpg,430,322,6870,a11574ef0755f774ff3ade62af7555365dd97aea,cc88e8783989870e,test
cattle_4399,cattle_4399_DSCF6871.jpg,BeefCattle_Muzzle_Individualized/cattle_4399/cattle_4399_DSCF6871.jpg,441,328,6871,7c4890d4121cd4f2280c03c606b63d2b7c6ab966,8080e878198b0e1c,test
cattle_4421,cattle_4421_DSCF8136.jpg,BeefCattle_Muzzle_Individualized/cattle_4421/cattle_4421_DSCF8136.jpg,441,340,8136,d70086d8d694262d58db7c0ac4e8aec3df88b3c0,9c98d87080842cc9,train
cattle_4421,cattle_4421_DSCF8137.jpg,BeefCattle_Muzzle_Individualized/cattle_4421/cattle_4421_DSCF8137.jpg,447,340,8137,a1a841a66351d7834f11ad23068004fada752d27,9c98d87180842d89,train
cattle_4421,cattle_4421_DSCF8138.jpg,BeefCattle_Muzzle_Individualized/cattle_4421/cattle_4421_DSCF8138.jpg,441,340,8138,1aed7596467472c44d1ff88245c3d54b8179be90,9c98d87080842c0d,train
cattle_4421,cattle_4421_DSCF8140.jpg,BeefCattle_Muzzle_Individualized/cattle_4421/cattle_4421_DSCF8140.jpg,453,322,8140,ddd315f878b3450524759ba1ff57646e86f049b9,9898d8f180842409,train
cattle_4421,cattle_4421_DSCF8141.jpg,BeefCattle_Muzzle_Individualized/cattle_4421/cattle_4421_DSCF8141.jpg,464,328,8141,18fa8e9511aaad88adad891594c55613231d863a,98d8f09180840909,train
cattle_4421,cattle_4421_DSCF8142.jpg,BeefCattle_Muzzle_Individualized/cattle_4421/cattle_4421_DSCF8142.jpg,447,340,8142,d492e4f20702cdeea050c591c43af329b10f39dc,98d8f07080840d8d,train
cattle_4421,cattle_4421_DSCF8143.jpg,BeefCattle_Muzzle_Individualized/cattle_4421/cattle_4421_DSCF8143.jpg,464,322,8143,4688e636853d0b7dd2d885285189e64c1e46c35a,98d878789084044d,train
cattle_4421,cattle_4421_DSCF8144.jpg,BeefCattle_Muzzle_Individualized/cattle_4421/cattle_4421_DSCF8144.jpg,447,311,8144,a80b81e997df5aef5a82d230e41a0a60282541de,98d8f8709084040d,train
cattle_4421,cattle_4421_DSCF8146.jpg,BeefCattle_Muzzle_Individualized/cattle_4421/cattle_4421_DSCF8146.jpg,424,340,8146,59429332391df780fe36bfbf9756f4163c3794f3,9898d8f100842c8d,train
cattle_4421,cattle_4421_DSCF8147.jpg,BeefCattle_Muzzle_Individualized/cattle_4421/cattle_4421_DSCF8147.jpg,447,322,8147,9684d7c2e2836a82f41d0488ecbecdfcf76ef67f,98d8f87180842d09,train
cattle_4421,cattle_4421_DSCF8148.jpg,BeefCattle_Muzzle_Individualized/cattle_4421/cattle_4421_DSCF8148.jpg,441,340,8148,8133caca49b45822b82dfc0144fdf9e1219d43bb,9898f0f180842d89,train
cattle_4421,cattle_4421_DSCF8149.jpg,BeefCattle_Muzzle_Individualized/cattle_4421/cattle_4421_DSCF8149.jpg,430,311,8149,3cdd0bdc3cd0ecc00dab3683b24094ffc47d1fca,9898d8709084a40d,train
cattle_4421,cattle_4421_DSCF8151.jpg,BeefCattle_Muzzle_Individualized/cattle_4421/cattle_4421_DSCF8151.jpg,435,322,8151,da276eef3fdddc046355afefaa1367f39394df10,98d8f87080842c0d,train
cattle_4421,cattle_4421_DSCF8153.jpg,BeefCattle_Muzzle_Individualized/cattle_4421/cattle_4421_DSCF8153.jpg,441,305,8153,8135df708e7c63126e1ee9e041649ebc077d97cf,9890f1b001242989,train
cattle_4421,cattle_4421_DSCF8154.jpg,BeefCattle_Muzzle_Individualized/cattle_4421/cattle_4421_DSCF8154.jpg,424,340,8154,aee77f97977f2406d2a6ced67bf2a9cbd2a70e49,9898d8f180842c0c,train
cattle_4421,cattle_4421_DSCF8158.jpg,BeefCattle_Muzzle_Individualized/cattle_4421/cattle_4421_DSCF8158.jpg,430,328,8158,f6de9bbe07df64f4e3770be46ee346a3494f7703,9898d87180842ccd,train
cattle_4421,cattle_4421_DSCF8159.jpg,BeefCattle_Muzzle_Individualized/cattle_4421/cattle_4421_DSCF8159.jpg,453,328,8159,af2d2e7674aa194282df549d37719de182a102b9,98d8f87180840d4d,train
cattle_4421,cattle_4421_DSCF8161.jpg,BeefCattle_Muzzle_Individualized/cattle_4421/cattle_4421_DSCF8161.jpg,413,334,8161,9bb4932007d737272dfe195bb7dd9e2019164ed8,9898d0f19080040c,train
cattle_4421,cattle_4421_DSCF8162.jpg,BeefCattle_Muzzle_Individualized/cattle_4421/cattle_4421_DSCF8162.jpg,395,340,8162,1f0270944f8856077b91f33d24a382d78c8d7137,1898b0e1a0840c0c,train
cattle_4421,cattle_4421_DSCF8163.jpg,BeefCattle_Muzzle_Individualized/cattle_4421/cattle_4421_DSCF8163.jpg,367,322,8163,d844482f44c07da1db1319d5bbca03cd5b636c4c,9898d0b080820c0c,train
cattle_4421,cattle_4421_DSCF8164.jpg,BeefCattle_Muzzle_Individualized/cattle_4421/cattle_4421_DSCF8164.jpg,378,340,8164,a09ce3ce963c504c996cac268e20a8a8df66710f,9890a0612004080c,train
cattle_4421,cattle_4421_DSCF8191.jpg,BeefCattle_Muzzle_Individualized/cattle_4421/cattle_4421_DSCF8191.jpg,527,397,8191,a02a6ccf7613285117910240b0b30abecc0bcc31,9898d0f0e0a42ccd,train
cattle_4421,cattle_4421_DSCF8192.jpg,BeefCattle_Muzzle_Individualized/cattle_4421/cattle_4421_DSCF8192.jpg,521,385,8192,49f4d4b9b7827e45d3baa8f4cb4b378be7b174f8,8c98d8f0f080a4cc,train
cattle_4421,cattle_4421_DSCF8193.jpg,BeefCattle_Muzzle_Individualized/cattle_4421/cattle_4421_DSCF8193.jpg,527,420,8193,7f49cb71add3e315282e5bf854da68361931f51d,8c98d8f0e0a4acc9,train
cattle_4422,cattle_4422_DSCF1226.jpg,BeefCattle_Muzzle_Individualized/cattle_4422/cattle_4422_DSCF1226.jpg,764,600,1226,9f44c45d7d7b64b27099ee9857afacd2b6244689,0c9cf87071969284,dev
cattle_4422,cattle_4422_DSCF1232.jpg,BeefCattle_Muzzle_Individualized/cattle_4422/cattle_4422_DSCF1232.jpg,784,600,1232,45a967e7f85e644612b8a24dc1b8f679c6573f08,0c9cf870119692c4,dev
cattle_4422,cattle_4422_DSCF1236.jpg,BeefCattle_Muzzle_Individualized/cattle_4422/cattle_4422_DSCF1236.jpg,784,616,1236,d4ef79a0e6e8db927d1c89bf5710fb50268eefbe,0c1cd8717196928c,dev
cattle_4422,cattle_4422_DSCF1238.jpg,BeefCattle_Muzzle_Individualized/cattle_4422/cattle_4422_DSCF1238.jpg,769,616,1238,0288c898a7ce9a815b01bc05b505280341b61bcf,0e9cf870509692cc,dev
cattle_4422,cattle_4422_DSCF1239.jpg,BeefCattle_Muzzle_Individualized/cattle_4422/cattle_4422_DSCF1239.jpg,790,626,1239,598f812e7889d5b8211e60473f07881bda5481e2,0d9cd871719692cc,dev
cattle_4422,cattle_4422_DSCF1240.jpg,BeefCattle_Muzzle_Individualized/cattle_4422/cattle_4422_DSCF1240.jpg,790,616,1240,bed53292119553231db2acd1f06910769f41ce41,0d1cd87071969284,dev
cattle_4422,cattle_4422_DSCF1241.jpg,BeefCattle_Muzzle_Individualized/cattle_4422/cattle_4422_DSCF1241.jpg,790,595,1241,ad23cb3ea1c31e4ed03d7fe1f1fc3dc672ef72b2,0c9cf071519692c4,dev
cattle_4422,cattle_4422_DSCF1242.jpg,BeefCattle_Muzzle_Individualized/cattle_4422/cattle_4422_DSCF1242.jpg,779,580,1242,d44f84bf033f88860d02e981a08b303ccfaf9875,0e9cf07171969284,dev
cattle_4422,cattle_4422_DSCF1245.jpg,BeefCattle_Muzzle_Individualized/cattle_4422/cattle_4422_DSCF1245.jpg,800,590,1245,d7317406b5144f181914024339625db415c27e09,0c9cf0715196948c,dev
cattle_4422,cattle_4422_DSCF1247.jpg,BeefCattle_Muzzle_Individualized/cattle_4422/cattle_4422_DSCF1247.jpg,779,605,1247,7d415b3bc74ffef5d0de9b298d8815c63d096ba3,0e9cf071119690cc,dev
cattle_4454,cattle_4454_DSCF6812.jpg,BeefCattle_Muzzle_Individualized/cattle_4454/cattle_4454_DSCF6812.jpg,287,237,6812,6a8c935c3c15c2d95fcced982b82488225d12d9b,cfecd871331f0f27,test
cattle_4454,cattle_4454_DSCF6813.jpg,BeefCattle_Muzzle_Individualized/cattle_4454/cattle_4454_DSCF6813.jpg,298,237,6813,a50df05eed5b327cd6e91a258401872d7e1e62c5,efec5871131f0f07,test
cattle_4454,cattle_4454_DSCF6814.jpg,BeefCattle_Muzzle_Individualized/cattle_4454/cattle_4454_DSCF6814.jpg,321,197,6814,0a34a7f75cad29e39a28627e3ce030864a9b0ef9,6c6971331f1f0f27,test
cattle_4454,cattle_4454_DSCF6815.jpg,BeefCattle_Muzzle_Individualized/cattle_4454/cattle_4454_DSCF6815.jpg,304,197,6815,57b83a73b11a1e94b4c958a7462a801cefc6cf1c,e4685971331f0f0f,test
cattle_4454,cattle_4454_DSCF6816.jpg,BeefCattle_Muzzle_Individualized/cattle_4454/cattle_4454_DSCF6816.jpg,287,214,6816,8c47e80f325ba7c385eba36aab1a798b9e9871e2,e4e448711b1f0f07,test
cattle_4454,cattle_4454_DSCF6817.jpg,BeefCattle_Muzzle_Individualized/cattle_4454/cattle_4454_DSCF6817.jpg,298,225,6817,8b6737a3c9292de4196a247175e4cdc84b6d1bcf,e4e469711b1f0f37,test
cattle_4454,cattle_4454_DSCF6818.jpg,BeefCattle_Muzzle_Individualized/cattle_4454/cattle_4454_DSCF6818.jpg,298,225,6818,162a55eaa1aa1997e995b790b3fbf9c8220b755c,8fecd879731f0f0f,test
cattle_4454,cattle_4454_DSCF6819.jpg,BeefCattle_Muzzle_Individualized/cattle_4454/cattle_4454_DSCF6819.jpg,298,231,6819,047e0d62e168a8b6e28deb9bbae0eb1ca81d6e6b,e4fc59711b1f0f07,test
cattle_4454,cattle_4454_DSCF6820.jpg,BeefCattle_Muzzle_Individualized/cattle_4454/cattle_4454_DSCF6820.jpg,281,185,6820,096d40c7beb9a1c32baf2d4c10af7683ab2e51b4,ece4cc79711b1f0f,test
cattle_4454,cattle_4454_DSCF6821.jpg,BeefCattle_Muzzle_Individualized/cattle_4454/cattle_4454_DSCF6821.jpg,292,208,6821,ce0d30899091487082db5cc9a32a55fad7cdec48,e4ec49711b1f0f27,test
cattle_4454,cattle_4454_DSCF6822.jpg,BeefCattle_Muzzle_Individualized/cattle_4454/cattle_4454_DSCF6822.jpg,292,214,6822,4b2d80a3d6965968a8784de2528ac1ce03a42d2c,ecfc497113170737,test
cattle_4454,cattle_4454_DSCF6823.jpg,BeefCattle_Muzzle_Individualized/cattle_4454/cattle_4454_DSCF6823.jpg,292,214,6823,4ba10a7047d443d2710e4a2980ea16fdbe8fc587,ecec5871331f0f27,test
cattle_4454,cattle_4454_DSCF6824.jpg,BeefCattle_Muzzle_Individualized/cattle_4454/cattle_4454_DSCF6824.jpg,298,214,6824,96120d1ce37d41becd6f66a85c52b5fae6188fb4,e4fc4971131f0f37,test
cattle_4454,cattle_4454_DSCF6825.jpg,BeefCattle_Muzzle_Individualized/cattle_4454/cattle_4454_DSCF6825.jpg,270,208,6825,e3aabec1cce05f4c736cf7187732e9813ffa495a,ececdcf1331f0f27,test
cattle_4454,cattle_4454_DSCF6827.jpg,BeefCattle_Muzzle_Individualized/cattle_4454/cattle_4454_DSCF6827.jpg,287,231,6827,805cb8dae22d6df42e57131c0acbdf48325fd974,c6f44c711b1f0713,test
cattle_4454,cattle_4454_DSCF6828.jpg,BeefCattle_Muzzle_Individualized/cattle_4454/cattle_4454_DSCF6828.jpg,298,202,6828,c87b0b6a2f16b6d07e85066a46bcf29b9784f8b1,ecec4971331f0f07,test
cattle_4454,cattle_4454_DSCF6829.jpg,BeefCattle_Muzzle_Individualized/cattle_4454/cattle_4454_DSCF6829.jpg,287,225,6829,eb662e2492ea56e16698385d1a15c0621aebdaa4,e4ec58711b170f17,test
cattle_4454,cattle_4454_DSCF6830.jpg,BeefCattle_Muzzle_Individualized/cattle_4454/cattle_4454_DSCF6830.jpg,292,202,6830,0bc4e338b35e1f1609cf8ed8bc4beba3ace791e5,e46c79711b170713,test
cattle_4454,cattle_4454_DSCF6857.jpg,BeefCattle_Muzzle_Individualized/cattle_4454/cattle_4454_DSCF6857.jpg,171,132,6857,7af0cbd81a1ea74ccbd658984eb00b5cebeeb1fb,ece4cc59198b0727,test
cattle_4454,cattle_4454_DSCF6858.jpg,BeefCattle_Muzzle_Individualized/cattle_4454/cattle_4454_DSCF6858.jpg,188,134,6858,45711ca443f583d5b376a200eb03f18b9dd41c6e,e4c858711b070733,test
cattle_4454,cattle_4454_DSCF6859.jpg,BeefCattle_Muzzle_Individualized/cattle_4454/cattle_4454_DSCF6859.jpg,187,140,6859,ed33ca452be530b23c7c7aa92796a34a1218bd72,f4cc48711b070733,test
cattle_4454,cattle_4454_DSCF6860.jpg,BeefCattle_Muzzle_Individualized/cattle_4454/cattle_4454_DSCF6860.jpg,196,138,6860,f77a6c683fd1bce1aa959670de9ec3564bc3c8df,e4c848711b070707,test
cattle_4454,cattle_4454_DSCF6862.jpg,BeefCattle_Muzzle_Individualized/cattle_4454/cattle_4454_DSCF6862.jpg,182,137,6862,f7ee87281935eacdc09a81c541dc0b6e6a0e3b74,e4d858711b170f27,test
cattle_4454,cattle_4454_DSCF6863.jpg,BeefCattle_Muzzle_Individualized/cattle_4454/cattle_4454_DSCF6863.jpg,191,144,6863,ddaedff483c557ba1e047dde21d4ea6524b216e3,e4cc48711b8f0f07,test
cattle_4456,cattle_4456_DSCF1362.jpg,BeefCattle_Muzzle_Individualized/cattle_4456/cattle_4456_DSCF1362.jpg,444,332,1362,1b3a07e5f325e20e5c305dd07f8d4da49e9ccacb,c8c8e050181a0f4f,dev
cattle_4456,cattle_4456_DSCF1363.jpg,BeefCattle_Muzzle_Individualized/cattle_4456/cattle_4456_DSCF1363.jpg,429,332,1363,58abfc3a5a3e7964e214742e2f0d7b8e9337fb5b,c8c8e058181a0f2c,dev
cattle_4456,cattle_4456_DSCF1364.jpg,BeefCattle_Muzzle_Individualized/cattle_4456/cattle_4456_DSCF1364.jpg,460,353,1364,1923ea09fecedaa9733fa02b42928daa7fe464ae,c8c8e070581a0f0d,dev
cattle_4456,cattle_4456_DSCF1366.jpg,BeefCattle_Muzzle_Individualized/cattle_4456/cattle_4456_DSCF1366.jpg,449,348,1366,283d31092c86dff830b9b37b8225d6be67a7fb47,c8c8e0d051100f0f,dev
cattle_4456,cattle_4456_DSCF1368.jpg,BeefCattle_Muzzle_Individualized/cattle_4456/cattle_4456_DSCF1368.jpg,439,358,1368,631c764fee71f3a45974d1181b9f7b66297f701e,c8c8e050101a0f2d,dev
cattle_4456,cattle_4456_DSCF1369.jpg,BeefCattle_Muzzle_Individualized/cattle_4456/cattle_4456_DSCF1369.jpg,465,342,1369,6ebd3b32a21ba0c6f1d2b71ffeb6db08b38fba6b,c8c86071581a0f4d,dev
cattle_4456,cattle_4456_DSCF1370.jpg,BeefCattle_Muzzle_Individualized/cattle_4456/cattle_4456_DSCF1370.jpg,460,342,1370,79dd8bfd8345deb15625a0bdf5e1b9cd27bcea21,c8c8e05159180f0f,dev
cattle_4456,cattle_4456_DSCF1371.jpg,BeefCattle_Muzzle_Individualized/cattle_4456/cattle_4456_DSCF1371.jpg,455,353,1371,549645250d65b86771f4a1e106fcdb21de23b96d,c8c8e051511a0f0d,dev
cattle_4456,cattle_4456_DSCF1373.jpg,BeefCattle_Muzzle_Individualized/cattle_4456/cattle_4456_DSCF1373.jpg,455,322,1373,1b3f3aed449d582d8d9aaba502e33a7d254d628d,c8c87050581a0f0f,dev
cattle_4456,cattle_4456_DSCF1374.jpg,BeefCattle_Muzzle_Individualized/cattle_4456/cattle_4456_DSCF1374.jpg,460,363,1374,1b68dc94d70ca2872762b7e824899f651d841bfc,c8c8e051111e0f25,dev
cattle_4456,cattle_4456_DSCF1375.jpg,BeefCattle_Muzzle_Individualized/cattle_4456/cattle_4456_DSCF1375.jpg,455,353,1375,f4774ec47454c5987b1810ba092bbcce4a3268ed,ccc8e07058180f0f,dev
cattle_4456,cattle_4456_DSCF1381.jpg,BeefCattle_Muzzle_Individualized/cattle_4456/cattle_4456_DSCF1381.jpg,439,358,1381,5344d640704d5d9354da882f6a645a88564cc5ca,c888e050581a0f0e,dev
cattle_4456,cattle_4456_DSCF1383.jpg,BeefCattle_Muzzle_Individualized/cattle_4456/cattle_4456_DSCF1383.jpg,444,342,1383,55014b5aebc14e6884a5e979a1937d32ae90b1fb,c888c04058181f0f,dev
cattle_4456,cattle_4456_DSCF1385.jpg,BeefCattle_Muzzle_Individualized/cattle_4456/cattle_4456_DSCF1385.jpg,439,368,1385,8569cd543d176844510e3e3bb3fd6ec71596a0b8,cc88c0405818070e,dev
cattle_4456,cattle_4456_DSCF1388.jpg,BeefCattle_Muzzle_Individualized/cattle_4456/cattle_4456_DSCF1388.jpg,439,353,1388,160a3d74639a45a1db348561401ef6f224eaf699,c888e0705818070e,dev
cattle_4479,cattle_4479_DSCF0611.jpg,BeefCattle_Muzzle_Individualized/cattle_4479/cattle_4479_DSCF0611.jpg,336,280,611,d723583f84d07e905ddc92700c938df0ae06d967,8c8ccc61e1b4b425,train
cattle_4479,cattle_4479_DSCF0612.jpg,BeefCattle_Muzzle_Individualized/cattle_4479/cattle_4479_DSCF0612.jpg,326,275,612,7aa3ca8079647220be81264df7b1eaef32ab54ff,8dceccf061b6b6b6,train
cattle_4479,cattle_4479_DSCF0613.jpg,BeefCattle_Muzzle_Individualized/cattle_4479/cattle_4479_DSCF0613.jpg,310,265,613,69d0ea8ca6de3c762a243304daa758102a52b989,8c8ecce061b6a634,train
cattle_4479,cattle_4479_DSCF0614.jpg,BeefCattle_Muzzle_Individualized/cattle_4479/cattle_4479_DSCF0614.jpg,310,280,614,8988216fc49a2a90e4577d00bf82576a410271b9,a48eee7031969616,train
cattle_4479,cattle_4479_DSCF0616.jpg,BeefCattle_Muzzle_Individualized/cattle_4479/cattle_4479_DSCF0616.jpg,326,280,616,a50c87c8d0a349d4305d03053126eaf8a3887f1b,8c8ecc6121b6a615,train
cattle_4479,cattle_4479_DSCF0617.jpg,BeefCattle_Muzzle_Individualized/cattle_4479/cattle_4479_DSCF0617.jpg,305,275,617,ea1ad13ee1ae814d565f460dd33363e3e163c235,8c8ecc6025b6b636,train
cattle_4479,cattle_4479_DSCF0619.jpg,BeefCattle_Muzzle_Individualized/cattle_4479/cattle_4479_DSCF0619.jpg,310,265,619,1c974ea097976568fe23df78287148e8b07287e9,8c8ecce061b6b6b6,train
cattle_4479,cattle_4479_DSCF0622.jpg,BeefCattle_Muzzle_Individualized/cattle_4479/cattle_4479_DSCF0622.jpg,305,275,622,075baebf6b0eb62e7b170133a92514f19528ad3c,cc8ecce061b62636,train
cattle_4479,cattle_4479_DSCF0626.jpg,BeefCattle_Muzzle_Individualized/cattle_4479/cattle_4479_DSCF0626.jpg,320,265,626,8dfcbba2c58781ffed51913af95b57dc5a191f80,8c8eec7121b6b636,train
cattle_4479,cattle_4479_DSCF0627.jpg,BeefCattle_Muzzle_Individualized/cattle_4479/cattle_4479_DSCF0627.jpg,305,265,627,0a362e0d2859b40b5689d8090e17562315e0eae3,8c8ece7071969692,train
cattle_4479,cattle_4479_DSCF0629.jpg,BeefCattle_Muzzle_Individualized/cattle_4479/cattle_4479_DSCF0629.jpg,305,291,629,6e588dddf649379b83f1d80e631f5d9196909f1f,cc8eec7035b6b627,train
cattle_4479,cattle_4479_DSCF0630.jpg,BeefCattle_Muzzle_Individualized/cattle_4479/cattle_4479_DSCF0630.jpg,315,275,630,95593701856cda0f1af5201548c31d640aba7d4a,ac8eccf061b6b636,train
cattle_4479,cattle_4479_DSCF0631.jpg,BeefCattle_Muzzle_Individualized/cattle_4479/cattle_4479_DSCF0631.jpg,310,275,631,80e73df846dd3e2e42fec33525e7ef9cd7d95df3,ad8ecef07196b636,train
cattle_4479,cattle_4479_DSCF0632.jpg,BeefCattle_Muzzle_Individualized/cattle_4479/cattle_4479_DSCF0632.jpg,315,270,632,d31622e6129bdcd5a744cf1a4d9c0b027cd6b2c5,ce8eec70b5b6b636,train
cattle_4479,cattle_4479_DSCF0633.jpg,BeefCattle_Muzzle_Individualized/cattle_4479/cattle_4479_DSCF0633.jpg,320,275,633,67a133c865eb5488497c60bb743e5f0a952afd34,cc8cccf061b6a634,train
cattle_4479,cattle_4479_DSCF0635.jpg,BeefCattle_Muzzle_Individualized/cattle_4479/cattle_4479_DSCF0635.jpg,341,275,635,da60b043c0a6d3b3235f7b79232ca24d8fc6558d,acceec7071969616,train
cattle_4488,cattle_4488_DSCF6895.jpg,BeefCattle_Muzzle_Individualized/cattle_4488/cattle_4488_DSCF6895.jpg,338,242,6895,8bdf062a590e3ca6891b1a0f290ab3dbf738f48b,80987070f0fcf8e4,train
cattle_4488,cattle_4488_DSCF6896.jpg,BeefCattle_Muzzle_Individualized/cattle_4488/cattle_4488_DSCF6896.jpg,344,271,6896,eddd8899748d573c935fab34bfef4989e3d62405,0908f171f0f8f8cc,train
cattle_4488,cattle_4488_DSCF6897.jpg,BeefCattle_Muzzle_Individualized/cattle_4488/cattle_4488_DSCF6897.jpg,338,248,6897,dfdd2c95382878dc872189a14283928ffc728e02,8098f871f0f8f8e0,train
cattle_4488,cattle_4488_DSCF6898.jpg,BeefCattle_Muzzle_Individualized/cattle_4488/cattle_4488_DSCF6898.jpg,355,260,6898,5f7b536620d764efcaebe7c7aae38ceba941fad6,8890f171f0f8f8e4,train
cattle_4488,cattle_4488_DSCF6899.jpg,BeefCattle_Muzzle_Individualized/cattle_4488/cattle_4488_DSCF6899.jpg,332,265,6899,f13533d0eddf75e87418a69a2e0abae3bfe0caad,00a0f171f0f8f0cc,train
cattle_4488,cattle_4488_DSCF6900.jpg,BeefCattle_Muzzle_Individualized/cattle_4488/cattle_4488_DSCF6900.jpg,338,260,6900,67694e7bcc37f9699fa467b6d4756629d470ddcb,00b8f171f0f8f0c4,train
cattle_4488,cattle_4488_DSCF6902.jpg,BeefCattle_Muzzle_Individualized/cattle_4488/cattle_4488_DSCF6902.jpg,327,254,6902,2b3bdb4639328a03205fc932659748c145faa090,0888f871f0f8f8e4,train
cattle_4488,cattle_4488_DSCF6903.jpg,BeefCattle_Muzzle_Individualized/cattle_4488/cattle_4488_DSCF6903.jpg,338,260,6903,69a28d8689905dd1f3e9b2ccab2fabc7b0d2f19f,0800f171f0f8f8e4,train
cattle_4488,cattle_4488_DSCF6904.jpg,BeefCattle_Muzzle_Individualized/cattle_4488/cattle_4488_DSCF6904.jpg,310,254,6904,9fad8f1bdf8216a8d44acc684679cdff25e137c2,9080807150183864,train
cattle_4488,cattle_4488_DSCF6905.jpg,BeefCattle_Muzzle_Individualized/cattle_4488/cattle_4488_DSCF6905.jpg,338,225,6905,9af45da564059a7b773a40874320b7acfd39cb6d,86a0f171f0f0f8e0,train
cattle_4499,cattle_4499_DSCF1197.jpg,BeefCattle_Muzzle_Individualized/cattle_4499/cattle_4499_DSCF1197.jpg,501,394,1197,4e4a1905b764685d11fad7ccbb3c5765f748a9dd,0e8cf07151868498,train
cattle_4499,cattle_4499_DSCF1198.jpg,BeefCattle_Muzzle_Individualized/cattle_4499/cattle_4499_DSCF1198.jpg,537,404,1198,d41d58237abe3a33edb554d27f5fa9f34b823da2,8c8ce87171868c90,train
cattle_4499,cattle_4499_DSCF1199.jpg,BeefCattle_Muzzle_Individualized/cattle_4499/cattle_4499_DSCF1199.jpg,537,399,1199,fa7f72fb0e4892701e9b199b0ab7f202b32627be,8c8ce07151968c90,train
cattle_4499,cattle_4499_DSCF1201.jpg,BeefCattle_Muzzle_Individualized/cattle_4499/cattle_4499_DSCF1201.jpg,516,404,1201,83664e7f31d544fbdbf1b77ccce4fb5ca50d250d,0e8ee07151868e90,train
cattle_4499,cattle_4499_DSCF1203.jpg,BeefCattle_Muzzle_Individualized/cattle_4499/cattle_4499_DSCF1203.jpg,532,409,1203,28672f1a2dac31aacb115a65aa1fb4619532dd35,0e8cf07151969418,train
cattle_4499,cattle_4499_DSCF1204.jpg,BeefCattle_Muzzle_Individualized/cattle_4499/cattle_4499_DSCF1204.jpg,532,394,1204,d4d4fade77ccf15e38cf5934b648da6801278f23,1e8cf16111969418,train
cattle_4499,cattle_4499_DSCF1206.jpg,BeefCattle_Muzzle_Individualized/cattle_4499/cattle_4499_DSCF1206.jpg,532,373,1206,7ff21828eeed4922711cd9774fe3bb7a2129a9cd,0e8ce07171968e90,train
cattle_4499,cattle_4499_DSCF1208.jpg,BeefCattle_Muzzle_Individualized/cattle_4499/cattle_4499_DSCF1208.jpg,527,394,1208,ef278bf9c5e0e921b399b52c6e8a4361545775aa,0c8ce06151968c94,train
cattle_4499,cattle_4499_DSCF1212.jpg,BeefCattle_Muzzle_Individualized/cattle_4499/cattle_4499_DSCF1212.jpg,511,404,1212,e15cfbd5e86fb8d482c1d0ae9a000abed636a9a7,0e8cf0711586941c,train
cattle_4499,cattle_4499_DSCF1213.jpg,BeefCattle_Muzzle_Individualized/cattle_4499/cattle_4499_DSCF1213.jpg,537,394,1213,52fca6a178399e695d759a45236b51379766fd6c,8e8cf17151868c18,train
cattle_4499,cattle_4499_DSCF1214.jpg,BeefCattle_Muzzle_Individualized/cattle_4499/cattle_4499_DSCF1214.jpg,516,404,1214,0e43a6328d94283bc387fd452c1a9d043dd13c60,0c8ee87151968e90,train
cattle_4499,cattle_4499_DSCF1215.jpg,BeefCattle_Muzzle_Individualized/cattle_4499/cattle_4499_DSCF1215.jpg,532,368,1215,14e7dcf3c2bcfb5c0a418b214cb3d32f7db0bb89,0c9ce87161978e94,train
cattle_4499,cattle_4499_DSCF1216.jpg,BeefCattle_Muzzle_Individualized/cattle_4499/cattle_4499_DSCF1216.jpg,537,353,1216,dd9bdf7f2402bcfa0b9c0d652853168eda87dad8,0e8ce07161978e84,train
cattle_4499,cattle_4499_DSCF1217.jpg,BeefCattle_Muzzle_Individualized/cattle_4499/cattle_4499_DSCF1217.jpg,527,389,1217,18a679897846e295096d3aba959cc06787bb35c2,0e9ce06151968c90,train
cattle_4499,cattle_4499_DSCF1218.jpg,BeefCattle_Muzzle_Individualized/cattle_4499/cattle_4499_DSCF1218.jpg,522,373,1218,8236644ad702ade870ce03fb6c1c2f8a25ae24bd,0e8cf17151968c90,train
cattle_4499,cattle_4499_DSCF1219.jpg,BeefCattle_Muzzle_Individualized/cattle_4499/cattle_4499_DSCF1219.jpg,537,394,1219,489c92dad4ffca1cb6171a2820f5a3a6057a5bfd,0c9ce07141968c90,train
cattle_4537,cattle_4537_DSCF6768.jpg,BeefCattle_Muzzle_Individualized/cattle_4537/cattle_4537_DSCF6768.jpg,407,328,6768,6efe338d3e7de3a918431460031ce98371549d75,8890d05190989898,dev
cattle_4537,cattle_4537_DSCF6769.jpg,BeefCattle_Muzzle_Individualized/cattle_4537/cattle_4537_DSCF6769.jpg,395,322,6769,a45e25e6e82bbc233a04c9f2723f97d85f0a7dba,88c87868888888d8,dev
cattle_4537,cattle_4537_DSCF6770.jpg,BeefCattle_Muzzle_Individualized/cattle_4537/cattle_4537_DSCF6770.jpg,384,334,6770,26a4349ff89cd7a86a31431a1955521aff1367d1,88c87868888c8ccc,dev
cattle_4537,cattle_4537_DSCF6771.jpg,BeefCattle_Muzzle_Individualized/cattle_4537/cattle_4537_DSCF6771.jpg,401,328,6771,fbac2dbd4d1f7ec3d32a10b91e06bfe0107e2a77,88c87869888888cc,dev
cattle_4537,cattle_4537_DSCF6773.jpg,BeefCattle_Muzzle_Individualized/cattle_4537/cattle_4537_DSCF6773.jpg,413,322,6773,a10a723d439cb5ae8bd2330852b29fdef774fa80,c8c868298888c84c,dev
cattle_4537,cattle_4537_DSCF6774.jpg,BeefCattle_Muzzle_Individualized/cattle_4537/cattle_4537_DSCF6774.jpg,418,322,6774,480f243f01f1764a699e5eaf33bebc8d8e63cada,c8c868898888c844,dev
cattle_4537,cattle_4537_DSCF6775.jpg,BeefCattle_Muzzle_Individualized/cattle_4537/cattle_4537_DSCF6775.jpg,395,334,6775,6da63dd372c9eadec4759062779b8b81a35b280b,d8d0d011909898c8,dev
cattle_4537,cattle_4537_DSCF6776.jpg,BeefCattle_Muzzle_Individualized/cattle_4537/cattle_4537_DSCF6776.jpg,407,334,6776,1a39b8909b6577071660d405354df26fed13b1d8,c8d85051909898d8,dev
cattle_4537,cattle_4537_DSCF6777.jpg,BeefCattle_Muzzle_Individualized/cattle_4537/cattle_4537_DSCF6777.jpg,407,328,6777,51cebde5cd86566d5980c2875f72567463c07bc0,88d05011909898c8,dev
cattle_4537,cattle_4537_DSCF6778.jpg,BeefCattle_Muzzle_Individualized/cattle_4537/cattle_4537_DSCF6778.jpg,407,322,6778,30847b31de4c8e4e9459d494cf2771656933cdc2,c8d870119088d8c8,dev
cattle_4537,cattle_4537_DSCF6779.jpg,BeefCattle_Muzzle_Individualized/cattle_4537/cattle_4537_DSCF6779.jpg,418,340,6779,762dccd401ee7e689752a93356a7b007fa620be1,c8c858719988c848,dev
cattle_4539,cattle_4539_DSCF0120.jpg,BeefCattle_Muzzle_Individualized/cattle_4539/cattle_4539_DSCF0120.jpg,496,358,120,c562c4acdb1c387f20a309de779aa7ea0e60525e,8a9ce861c58ea6f0,train
cattle_4539,cattle_4539_DSCF0121.jpg,BeefCattle_Muzzle_Individualized/cattle_4539/cattle_4539_DSCF0121.jpg,491,363,121,e777d39f374a9e702986cae3b2bdc714f1ea684d,0894e861c18ca6f0,train
cattle_4539,cattle_4539_DSCF0122.jpg,BeefCattle_Muzzle_Individualized/cattle_4539/cattle_4539_DSCF0122.jpg,491,368,122,6e837177309a9a9dd1a387180eb32f8162352c5f,8898e861c18ea6f0,train
cattle_4539,cattle_4539_DSCF0124.jpg,BeefCattle_Muzzle_Individualized/cattle_4539/cattle_4539_DSCF0124.jpg,496,368,124,7300a27f725d5310956e8d48b6cd6d428e8bab99,8ad8e861c58ee6d4,train
cattle_4539,cattle_4539_DSCF0125.jpg,BeefCattle_Muzzle_Individualized/cattle_4539/cattle_4539_DSCF0125.jpg,475,378,125,fe8db79bf5942b3dfe271eeb1bb9fa423fa3410e,889ae870c48ea2d0,train
cattle_4539,cattle_4539_DSCF0126.jpg,BeefCattle_Muzzle_Individualized/cattle_4539/cattle_4539_DSCF0126.jpg,501,378,126,0080a8d717771c4aa69351002fe18cc84594c580,89d86861c48ee2d0,train
cattle_4539,cattle_4539_DSCF0127.jpg,BeefCattle_Muzzle_Individualized/cattle_4539/cattle_4539_DSCF0127.jpg,516,378,127,aaecef81031d350b065fe027538bd680e0bc0892,88c86871c586e2d0,train
cattle_4539,cattle_4539_DSCF0129.jpg,BeefCattle_Muzzle_Individualized/cattle_4539/cattle_4539_DSCF0129.jpg,496,348,129,627c38efe17f397d0ca70d36ea070569089eb1ed,089ae871418caee2,train
cattle_4539,cattle_4539_DSCF0130.jpg,BeefCattle_Muzzle_Individualized/cattle_4539/cattle_4539_DSCF0130.jpg,485,368,130,3c882b1375cc3c7c7f4136bcb62f20ed7f784ae4,88d8e871c58ea6f0,train
cattle_4539,cattle_4539_DSCF0131.jpg,BeefCattle_Muzzle_Individualized/cattle_4539/cattle_4539_DSCF0131.jpg,470,378,131,5f5d2e80486e25bb1a2c21d720db7002bdecef0a,0898e861c48ea2f4,train
cattle_4539,cattle_4539_DSCF0132.jpg,BeefCattle_Muzzle_Individualized/cattle_4539/cattle_4539_DSCF0132.jpg,496,378,132,a3d8162cb6a81e90507423beda923d5dc6095e14,88d8e871c48ee2d4,train
cattle_4539,cattle_4539_DSCF0133.jpg,BeefCattle_Muzzle_Individualized/cattle_4539/cattle_4539_DSCF0133.jpg,491,363,133,c4787c81ab031afc181fcb082d072319e807b46e,099ae871c58ea6f0,train
cattle_4539,cattle_4539_DSCF0134.jpg,BeefCattle_Muzzle_Individualized/cattle_4539/cattle_4539_DSCF0134.jpg,522,384,134,31ed96f51db62bc320746fe95fd165204e0dcb12,88cae871458ee6d0,train
cattle_4539,cattle_4539_DSCF0135.jpg,BeefCattle_Muzzle_Individualized/cattle_4539/cattle_4539_DSCF0135.jpg,491,368,135,2c4e67c60a974661f687fb116f2282b9dc79ed70,89d8e871c48ea2d0,train
cattle_4539,cattle_4539_DSCF0137.jpg,BeefCattle_Muzzle_Individualized/cattle_4539/cattle_4539_DSCF0137.jpg,496,342,137,2242875a024fb29a14e72deb0ecac72f069dc9cf,089ac87061cc8ee2,train
cattle_4545,cattle_4545_DSCF0943.jpg,BeefCattle_Muzzle_Individualized/cattle_4545/cattle_4545_DSCF0943.jpg,351,244,943,ea0d91846f9c6ded945d22f597499eb95dac4477,befc60715d8eaee4,dev
cattle_4545,cattle_4545_DSCF0944.jpg,BeefCattle_Muzzle_Individualized/cattle_4545/cattle_4545_DSCF0944.jpg,377,286,944,594386e999160414048ffc77b034c097470f038a,ecbee8717f8ee4f1,dev
cattle_4545,cattle_4545_DSCF0945.jpg,BeefCattle_Muzzle_Individualized/cattle_4545/cattle_4545_DSCF0945.jpg,382,270,945,65045aa61c8e9cb510de1c39884d20224a0c85f9,ecbce871798ecce5,dev
cattle_4545,cattle_4545_DSCF0946.jpg,BeefCattle_Muzzle_Individualized/cattle_4545/cattle_4545_DSCF0946.jpg,351,265,946,e9f4eadb392c272bff803daa80ae28803fb7d778,ecbe6c717d8e8ee4,dev
cattle_4545,cattle_4545_DSCF0947.jpg,BeefCattle_Muzzle_Individualized/cattle_4545/cattle_4545_DSCF0947.jpg,362,275,947,ff6c9b7503ce06fca72e0ae70e76daab9f8929b0,befc7071ce8ee6f0,dev
cattle_4545,cattle_4545_DSCF0948.jpg,BeefCattle_Muzzle_Individualized/cattle_4545/cattle_4545_DSCF0948.jpg,357,260,948,ca10ab22384ab653b834aed5cd7ccedf7f06b97c,beec70715e8ee6f0,dev
cattle_4545,cattle_4545_DSCF0949.jpg,BeefCattle_Muzzle_Individualized/cattle_4545/cattle_4545_DSCF0949.jpg,331,250,949,2b506f09711ea8a0e8ce965bd1ee1bfd6d2893e6,be6e70715f8ea6e6,dev
cattle_4545,cattle_4545_DSCF0950.jpg,BeefCattle_Muzzle_Individualized/cattle_4545/cattle_4545_DSCF0950.jpg,367,270,950,fd830ce9e4b61d7c490915ff8199c64a909d890f,ecbc60717f8ee4e4,dev
cattle_4545,cattle_4545_DSCF0951.jpg,BeefCattle_Muzzle_Individualized/cattle_4545/cattle_4545_DSCF0951.jpg,362,260,951,ae9e3b193ed7cf556764f16bb176c3228a777f30,bcfc60715e8ee4f4,dev
cattle_4545,cattle_4545_DSCF0952.jpg,BeefCattle_Muzzle_Individualized/cattle_4545/cattle_4545_DSCF0952.jpg,367,260,952,fa21f7f88979d52cfc76fc6efa0b5b932a3ea02a,eefee0717d8ee6e4,dev
cattle_4545,cattle_4545_DSCF0953.jpg,BeefCattle_Muzzle_Individualized/cattle_4545/cattle_4545_DSCF0953.jpg,377,280,953,fcbf2af3f42564fd1b977923da8d4e7db748a444,ecfee4717dcee6f4,dev
cattle_4545,cattle_4545_DSCF0955.jpg,BeefCattle_Muzzle_Individualized/cattle_4545/cattle_4545_DSCF0955.jpg,382,280,955,d5a120e4e66e6d1ae0aac8702ed42252a76f1fb3,ecfc6171de8ce4f1,dev
cattle_4545,cattle_4545_DSCF0956.jpg,BeefCattle_Muzzle_Individualized/cattle_4545/cattle_4545_DSCF0956.jpg,393,280,956,2b23b29257d9788eadc70145144943e46ec1fff9,ecfcec713dce4674,dev
cattle_4545,cattle_4545_DSCF0957.jpg,BeefCattle_Muzzle_Individualized/cattle_4545/cattle_4545_DSCF0957.jpg,377,286,957,1b1f3d839788ee73a0d2e5912ed1a9c7d2c15eee,ecfc60719e8ee4b2,dev
cattle_4545,cattle_4545_DSCF0958.jpg,BeefCattle_Muzzle_Individualized/cattle_4545/cattle_4545_DSCF0958.jpg,341,260,958,9dd9adc2ab0b1e19a6fe7062b4de01836f28d6a2,ecfc60715d8eaee4,dev
cattle_4545,cattle_4545_DSCF0959.jpg,BeefCattle_Muzzle_Individualized/cattle_4545/cattle_4545_DSCF0959.jpg,362,270,959,4205562286e98f44f1e8a36ae81fd7f90c48fad5,ecfc60715e8ea4f5,dev
cattle_4545,cattle_4545_DSCF0960.jpg,BeefCattle_Muzzle_Individualized/cattle_4545/cattle_4545_DSCF0960.jpg,382,250,960,a75a9d2f49fbb028a56dddf22882bcb0bb365ab9,bcfc61715f8cace5,dev
cattle_4545,cattle_4545_DSCF0962.jpg,BeefCattle_Muzzle_Individualized/cattle_4545/cattle_4545_DSCF0962.jpg,398,260,962,77092427fa3abd1e36c5f0ac5b08c191841ffc98,fcfcf1715fce64f5,dev
cattle_4545,cattle_4545_DSCF0963.jpg,BeefCattle_Muzzle_Individualized/cattle_4545/cattle_4545_DSCF0963.jpg,372,260,963,584220cd7e3f7f9e0c893701283fa2c67543c2fa,ecbc68717b8e8ce4,dev
cattle_4545,cattle_4545_DSCF0964.jpg,BeefCattle_Muzzle_Individualized/cattle_4545/cattle_4545_DSCF0964.jpg,372,265,964,8078192d7b777d5942f265e5ff334e61cf868d28,ccbc68617b9c8ce5,dev
cattle_4545,cattle_4545_DSCF0965.jpg,BeefCattle_Muzzle_Individualized/cattle_4545/cattle_4545_DSCF0965.jpg,377,280,965,0b713a52b2515cf0ed8c22335239689f94f0239d,ecbc68715e8ce4f1,dev
cattle_4545,cattle_4545_DSCF0967.jpg,BeefCattle_Muzzle_Individualized/cattle_4545/cattle_4545_DSCF0967.jpg,372,244,967,20d3804eaec819c8908dc839f4507c3107ff80d9,beec70715f8ee6e4,dev
cattle_4545,cattle_4545_DSCF0968.jpg,BeefCattle_Muzzle_Individualized/cattle_4545/cattle_4545_DSCF0968.jpg,357,265,968,62da7b889c578ddf37c536e716460b66c83540a4,aefe60715d8ee6f0,dev
cattle_4545,cattle_4545_DSCF0969.jpg,BeefCattle_Muzzle_Individualized/cattle_4545/cattle_4545_DSCF0969.jpg,367,275,969,3f46ed30e5ebe532ea26d01113773cda3f9f4b66,ecbee0715e8ee6f0,dev
cattle_4545,cattle_4545_DSCF0970.jpg,BeefCattle_Muzzle_Individualized/cattle_4545/cattle_4545_DSCF0970.jpg,377,255,970,92f2d34f3b087da3d3cc5df2927d21e3cd080e1f,acfce0717f8ee4e4,dev
cattle_4545,cattle_4545_DSCF0971.jpg,BeefCattle_Muzzle_Individualized/cattle_4545/cattle_4545_DSCF0971.jpg,377,255,971,27b31b86cf4df244f7b1c94dc0944008e9a29f52,feec7071cecee6f0,dev
cattle_4549,cattle_4549_DSCF6875.jpg,BeefCattle_Muzzle_Individualized/cattle_4549/cattle_4549_DSCF6875.jpg,481,300,6875,d6927ea1dc1bf61b7f6226dfeee33798b50e983f,88d8d87911888c04,train
cattle_4549,cattle_4549_DSCF6876.jpg,BeefCattle_Muzzle_Individualized/cattle_4549/cattle_4549_DSCF6876.jpg,447,317,6876,eff0b22312c0bc0b130629276982604060b5f6ba,88d8d878d9880c44,train
cattle_4549,cattle_4549_DSCF6877.jpg,BeefCattle_Muzzle_Individualized/cattle_4549/cattle_4549_DSCF6877.jpg,475,311,6877,de635b9b4f506fe74f0474fd590d816aca88f964,0cd8f879d1cc8cc5,train
cattle_4549,cattle_4549_DSCF6878.jpg,BeefCattle_Muzzle_Individualized/cattle_4549/cattle_4549_DSCF6878.jpg,493,271,6878,661e70984f9622537ba1a7908614c399c4f0482e,0f8ecc7070928c4d,train
cattle_4551,cattle_4551_DSCF1284.jpg,BeefCattle_Muzzle_Individualized/cattle_4551/cattle_4551_DSCF1284.jpg,821,647,1284,58279a9218d6ef72376dfcf701b9709f52bf855d,97e8f071968ec6ce,dev
cattle_4551,cattle_4551_DSCF1285.jpg,BeefCattle_Muzzle_Individualized/cattle_4551/cattle_4551_DSCF1285.jpg,857,647,1285,8cf162a511269b3a00d4b9b337c177391b58d705,9fecf071168ee6cc,dev
cattle_4551,cattle_4551_DSCF1287.jpg,BeefCattle_Muzzle_Individualized/cattle_4551/cattle_4551_DSCF1287.jpg,841,652,1287,302df12fb31afc0f39d8d8d165c5a13f3e16eef1,96e871719e8ec4ce,dev
cattle_4551,cattle_4551_DSCF1292.jpg,BeefCattle_Muzzle_Individualized/cattle_4551/cattle_4551_DSCF1292.jpg,836,667,1292,71918946f03f2ead3d730216525f0d58b51d5fb6,96e8f0719e8ecccc,dev
cattle_4551,cattle_4551_DSCF1293.jpg,BeefCattle_Muzzle_Individualized/cattle_4551/cattle_4551_DSCF1293.jpg,857,672,1293,d427aaeca6617f39bb6f384ce5ccbcbe89457ee9,9ee87071968ec4cc,dev
cattle_4551,cattle_4551_DSCF1296.jpg,BeefCattle_Muzzle_Individualized/cattle_4551/cattle_4551_DSCF1296.jpg,810,667,1296,022d98550989eb8a7dd4b4fbdf9725af61e899de,97e8f0719e8ec48e,dev
cattle_4551,cattle_4551_DSCF1297.jpg,BeefCattle_Muzzle_Individualized/cattle_4551/cattle_4551_DSCF1297.jpg,815,636,1297,0919d31b0c99b0070ad9adcc54abd55c9cdae720,bfeef871369ececc,dev
cattle_4551,cattle_4551_DSCF1298.jpg,BeefCattle_Muzzle_Individualized/cattle_4551/cattle_4551_DSCF1298.jpg,841,647,1298,1a794f9794dad6b15c0eb941e6cb2f2d942dfba2,abeef871349ececc,dev
cattle_4551,cattle_4551_DSCF1307.jpg,BeefCattle_Muzzle_Individualized/cattle_4551/cattle_4551_DSCF1307.jpg,846,641,1307,1ef7e5b254cd6c43753da538f137a373e27d0a1f,89f6f871369ececc,dev
cattle_4551,cattle_4551_DSCF1308.jpg,BeefCattle_Muzzle_Individualized/cattle_4551/cattle_4551_DSCF1308.jpg,862,621,1308,37683f7f59c089be93b1c095ab5ecbb254359ca9,abecf871359ecccc,dev
cattle_4551,cattle_4551_DSCF1309.jpg,BeefCattle_Muzzle_Individualized/cattle_4551/cattle_4551_DSCF1309.jpg,872,641,1309,03bc7ff67d4c9355ab3c577a416db060f3473667,abf6f871359ecccc,dev
cattle_4551,cattle_4551_DSCF1311.jpg,BeefCattle_Muzzle_Individualized/cattle_4551/cattle_4551_DSCF1311.jpg,862,662,1311,519b1ad6c24752b203e615e66aa8b675533fe034,a9d6e871359ecccc,dev
cattle_4568,cattle_4568_DSCF1098.jpg,BeefCattle_Muzzle_Individualized/cattle_4568/cattle_4568_DSCF1098.jpg,362,275,1098,f1f8036b5ab446950f3dc8d9d7a838811dc0dbfd,8ecef0707086e7d9,dev
cattle_4568,cattle_4568_DSCF1099.jpg,BeefCattle_Muzzle_Individualized/cattle_4568/cattle_4568_DSCF1099.jpg,372,301,1099,590d3470dbf6e9aca4c7f30901151318231605db,efcef8707086c7db,dev
cattle_4568,cattle_4568_DSCF1100.jpg,BeefCattle_Muzzle_Individualized/cattle_4568/cattle_4568_DSCF1100.jpg,346,317,1100,0960cc88e6025d7fb66b37c7d337c42a7cfae8aa,67c7fa787096e799,dev
cattle_4568,cattle_4568_DSCF1101.jpg,BeefCattle_Muzzle_Individualized/cattle_4568/cattle_4568_DSCF1101.jpg,351,296,1101,3d766cd5556b70c4427932d933a8d4624b46ea00,87cff8707096c7d9,dev
cattle_4568,cattle_4568_DSCF1102.jpg,BeefCattle_Muzzle_Individualized/cattle_4568/cattle_4568_DSCF1102.jpg,372,301,1102,b4b1a58459a24c763681239d203d6af4ef68d3d5,a6c7fe787096d7c9,dev
cattle_4568,cattle_4568_DSCF1103.jpg,BeefCattle_Muzzle_Individualized/cattle_4568/cattle_4568_DSCF1103.jpg,372,301,1103,2d7f220fec66917a6a5d4a3840f59c4ccd2f013d,afcef0717096e7db,dev
cattle_4568,cattle_4568_DSCF1104.jpg,BeefCattle_Muzzle_Individualized/cattle_4568/cattle_4568_DSCF1104.jpg,362,291,1104,2a1d6accf58fd46c37b6cc3791a1a35c6ea22426,afcef8707096c7d9,dev
cattle_4568,cattle_4568_DSCF1125.jpg,BeefCattle_Muzzle_Individualized/cattle_4568/cattle_4568_DSCF1125.jpg,387,291,1125,ee568461017d2690b28f8547b88019cb1d2b623a,8ecef8717186d5c9,dev
cattle_4568,cattle_4568_DSCF1126.jpg,BeefCattle_Muzzle_Individualized/cattle_4568/cattle_4568_DSCF1126.jpg,377,270,1126,4ebda9d58a317ea59ff897e4f8c45998f5e935db,8ecef0717186d7c1,dev
cattle_4568,cattle_4568_DSCF1128.jpg,BeefCattle_Muzzle_Individualized/cattle_4568/cattle_4568_DSCF1128.jpg,403,275,1128,003997f647d126ec89ea4a601d45d154c5f1d274,8eccf0717086d5c9,dev
cattle_4568,cattle_4568_DSCF1129.jpg,BeefCattle_Muzzle_Individualized/cattle_4568/cattle_4568_DSCF1129.jpg,393,280,1129,b016c8ed36193e5ac3566ba5bce012b2f1d507b2,8e8ef8707186d6e1,dev
cattle_4568,cattle_4568_DSCF1130.jpg,BeefCattle_Muzzle_Individualized/cattle_4568/cattle_4568_DSCF1130.jpg,367,286,1130,d4f4d504c4730b75bb94825366e385d0ffe0bc4a,0ecef0f07186d7c1,dev
cattle_4568,cattle_4568_DSCF1131.jpg,BeefCattle_Muzzle_Individualized/cattle_4568/cattle_4568_DSCF1131.jpg,372,296,1131,87e839e4e5b4baa9789f28007605d028a4b264ca,8ecef8707186d1dd,dev
cattle_4568,cattle_4568_DSCF1133.jpg,BeefCattle_Muzzle_Individualized/cattle_4568/cattle_4568_DSCF1133.jpg,377,296,1133,e611c005f189be38392769b6288e1114f72660bc,8ecef8707186d3c9,dev
cattle_4568,cattle_4568_DSCF1134.jpg,BeefCattle_Muzzle_Individualized/cattle_4568/cattle_4568_DSCF1134.jpg,372,296,1134,1988ea8aeabdce9e4775b9e8be26e43f4d571046,8fcef0715196d18d,dev
cattle_4568,cattle_4568_DSCF1138.jpg,BeefCattle_Muzzle_Individualized/cattle_4568/cattle_4568_DSCF1138.jpg,382,250,1138,221b3ccbefa3a42b050e02c2b8698a7c9040e754,8ecef0707196d6f1,dev
cattle_4568,cattle_4568_DSCF1139.jpg,BeefCattle_Muzzle_Individualized/cattle_4568/cattle_4568_DSCF1139.jpg,377,270,1139,f4f10b0bb93c0adede007f8284f07ab2920f7ae2,8fcef8707186d271,dev
cattle_4607,cattle_4607_DSCF0236.jpg,BeefCattle_Muzzle_Individualized/cattle_4607/cattle_4607_DSCF0236.jpg,544,374,236,3de63b3d34fee419749afea8c4cec9ba90ce2b0b,8cd861713696f4f4,train
cattle_4607,cattle_4607_DSCF0237.jpg,BeefCattle_Muzzle_Individualized/cattle_4607/cattle_4607_DSCF0237.jpg,499,391,237,73815637f0c4250a134ca0368b30d97fd0b67b84,8edcf0711736e6cc,train
cattle_4607,cattle_4607_DSCF0238.jpg,BeefCattle_Muzzle_Individualized/cattle_4607/cattle_4607_DSCF0238.jpg,539,400,238,5f1add7d6d6ff3fc13df44f5de62b271eed809d0,8ed8717117b6f4cc,train
cattle_4607,cattle_4607_DSCF0239.jpg,BeefCattle_Muzzle_Individualized/cattle_4607/cattle_4607_DSCF0239.jpg,516,391,239,5739bc6794620ecaf60f7a17b14966e5a0bffad4,8fdc707117b6f6cc,train
cattle_4607,cattle_4607_DSCF0240.jpg,BeefCattle_Muzzle_Individualized/cattle_4607/cattle_4607_DSCF0240.jpg,498,409,240,f568852625ab7ce3dc1e1958811f2ab01190eb21,0e8ce0713636f6c6,train
cattle_4607,cattle_4607_DSCF0241.jpg,BeefCattle_Muzzle_Individualized/cattle_4607/cattle_4607_DSCF0241.jpg,474,376,241,27dc960afc1b4bc469f5fae5a693426575dfdac0,0fdcf0612526e6cc,train
cattle_4607,cattle_4607_DSCF0242.jpg,BeefCattle_Muzzle_Individualized/cattle_4607/cattle_4607_DSCF0242.jpg,499,408,242,9166075c1ea836caa96b1a3998448b7200e13149,0fdcf0711636f6ce,train
cattle_4607,cattle_4607_DSCF0243.jpg,BeefCattle_Muzzle_Individualized/cattle_4607/cattle_4607_DSCF0243.jpg,484,382,243,c112614370769bd70bcf3867b1de3b839da8c9e0,8ef070753676e4cc,train
cattle_4607,cattle_4607_DSCF0244.jpg,BeefCattle_Muzzle_Individualized/cattle_4607/cattle_4607_DSCF0244.jpg,491,398,244,e41fd36f1a22218e1be2b931d6e9dcd13da12d92,8fd4707017b6f6ca,train
cattle_4607,cattle_4607_DSCF0245.jpg,BeefCattle_Muzzle_Individualized/cattle_4607/cattle_4607_DSCF0245.jpg,499,413,245,41e37038915265460657f0f827770de8b6307753,8fd4707117b6e4c6,train
cattle_4607,cattle_4607_DSCF0246.jpg,BeefCattle_Muzzle_Individualized/cattle_4607/cattle_4607_DSCF0246.jpg,492,366,246,2677cb8c9f5671473ae945e15abeeb455ad83de9,8ed470711796f6ec,train
cattle_4607,cattle_4607_DSCF0247.jpg,BeefCattle_Muzzle_Individualized/cattle_4607/cattle_4607_DSCF0247.jpg,488,380,247,5312a4156524c0f65405c63819a82c1b4ccdedc3,0fccf0703617f6f2,train
cattle_4607,cattle_4607_DSCF0248.jpg,BeefCattle_Muzzle_Individualized/cattle_4607/cattle_4607_DSCF0248.jpg,515,415,248,f71a711eb2090ac2782192125a9f43998cac7052,8fdc703017b6f2ca,train
cattle_4607,cattle_4607_DSCF0249.jpg,BeefCattle_Muzzle_Individualized/cattle_4607/cattle_4607_DSCF0249.jpg,499,413,249,4e923e025e4d274343c311c78886ca6ab70c626e,0fccf07117b6f6ce,train
cattle_4607,cattle_4607_DSCF0251.jpg,BeefCattle_Muzzle_Individualized/cattle_4607/cattle_4607_DSCF0251.jpg,474,394,251,3a77fae881aac1dee6287f66e13ff83007d407eb,8ed4f0711736f6c2,train
cattle_4607,cattle_4607_DSCF0252.jpg,BeefCattle_Muzzle_Individualized/cattle_4607/cattle_4607_DSCF0252.jpg,474,378,252,082768b88f3f34b5451f27de670ca6411be544ad,8ed4f0703717f6ee,train
cattle_4607,cattle_4607_DSCF0253.jpg,BeefCattle_Muzzle_Individualized/cattle_4607/cattle_4607_DSCF0253.jpg,492,376,253,d15fa1d7212988660561ee06bd0d7282cfcbb482,8ed470701797f6fc,train
cattle_4607,cattle_4607_DSCF0254.jpg,BeefCattle_Muzzle_Individualized/cattle_4607/cattle_4607_DSCF0254.jpg,480,390,254,a4990f85a490105f12815c950d980deffe61a027,cec4f0703397f2ee,train
cattle_4607,cattle_4607_DSCF0255.jpg,BeefCattle_Muzzle_Individualized/cattle_4607/cattle_4607_DSCF0255.jpg,480,400,255,d6a34d1e1c601d30cbed096e1f76ce2e2d349e56,cedcf0713797f6ce,train
cattle_4607,cattle_4607_DSCF0256.jpg,BeefCattle_Muzzle_Individualized/cattle_4607/cattle_4607_DSCF0256.jpg,504,385,256,9128123d316b40223ad324f21f57427484dfdeab,8ff0707116b6f4ce,train
cattle_4607,cattle_4607_DSCF0257.jpg,BeefCattle_Muzzle_Individualized/cattle_4607/cattle_4607_DSCF0257.jpg,504,394,257,d01e367f77916e9288a21773928deb1454173f09,8fccf0707696f6e2,train
cattle_4607,cattle_4607_DSCF0259.jpg,BeefCattle_Muzzle_Individualized/cattle_4607/cattle_4607_DSCF0259.jpg,506,376,259,fad1530ae1f70462442fa976d2ea4bf57a94d626,8ff4707116b6f6cc,train
cattle_4607,cattle_4607_DSCF0262.jpg,BeefCattle_Muzzle_Individualized/cattle_4607/cattle_4607_DSCF0262.jpg,499,402,262,338569e15918c8d1aa3b859f67743a34a7ead419,8fc4707016b6f6ce,train
cattle_4607,cattle_4607_DSCF0263.jpg,BeefCattle_Muzzle_Individualized/cattle_4607/cattle_4607_DSCF0263.jpg,499,402,263,07c0bfeb154e84ebc88b3bde86d4167df9ffe4cf,8fd4707116b6f0ce,train
cattle_4607,cattle_4607_DSCF0264.jpg,BeefCattle_Muzzle_Individualized/cattle_4607/cattle_4607_DSCF0264.jpg,484,393,264,64f0cbc950345a03097ee382bde0a90cdc4ca8b7,8fd470701636f6cc,train
cattle_4607,cattle_4607_DSCF0265.jpg,BeefCattle_Muzzle_Individualized/cattle_4607/cattle_4607_DSCF0265.jpg,488,391,265,a2a4208e319a00e75982c2f46471decdc13bbef7,8fcc70701616f6c6,train
cattle_4607,cattle_4607_DSCF0266.jpg,BeefCattle_Muzzle_Individualized/cattle_4607/cattle_4607_DSCF0266.jpg,488,363,266,3603fd6f901ceb67c031046bb415f456dba3bf40,8fdcf0707416f6e4,train
cattle_4607,cattle_4607_DSCF0267.jpg,BeefCattle_Muzzle_Individualized/cattle_4607/cattle_4607_DSCF0267.jpg,497,398,267,a43a952b26969fb090f841dce2ed78d67a97f62b,8ef0707017b6e2c6,train
cattle_4607,cattle_4607_DSCF0268.jpg,BeefCattle_Muzzle_Individualized/cattle_4607/cattle_4607_DSCF0268.jpg,495,398,268,79b68929c87d591b5488f260778c2347305a3e3c,0fdcf0713636e4cc,train
cattle_4607,cattle_4607_DSCF0269.jpg,BeefCattle_Muzzle_Individualized/cattle_4607/cattle_4607_DSCF0269.jpg,504,391,269,0e7e99bd8fff223ca0d98fcdb4aa3efa33c2e752,8fdc70711636e6ce,train
cattle_4613,cattle_4613_DSCF0292.jpg,BeefCattle_Muzzle_Individualized/cattle_4613/cattle_4613_DSCF0292.jpg,424,291,292,86542fe7aed0e15eb8b6b1d8c2fc41fc7f22c962,96d670712786c6c4,dev
cattle_4613,cattle_4613_DSCF0293.jpg,BeefCattle_Muzzle_Individualized/cattle_4613/cattle_4613_DSCF0293.jpg,387,301,293,040f12d0e38c69cc522267e3d66406e63cc01cc5,bbd2f070638386c6,dev
cattle_4613,cattle_4613_DSCF0294.jpg,BeefCattle_Muzzle_Individualized/cattle_4613/cattle_4613_DSCF0294.jpg,403,291,294,3e99ed00a9f28df8c72c781a60ce33c934bfa42a,92d0e07127868686,dev
cattle_4613,cattle_4613_DSCF0295.jpg,BeefCattle_Muzzle_Individualized/cattle_4613/cattle_4613_DSCF0295.jpg,408,327,295,43dc9afbb0c6103478e9d11f0787d923826255c2,abd6e07127868486,dev
cattle_4613,cattle_4613_DSCF0296.jpg,BeefCattle_Muzzle_Individualized/cattle_4613/cattle_4613_DSCF0296.jpg,393,311,296,9cc51cf3b98c93ed5c13d0aaa85b5cc26adacf6e,2b96e07167868686,dev
cattle_4613,cattle_4613_DSCF0297.jpg,BeefCattle_Muzzle_Individualized/cattle_4613/cattle_4613_DSCF0297.jpg,382,275,297,6e8c5063656c9f0b6b5302ad08c41be8fc1f33b3,93d0e07127829686,dev
cattle_4613,cattle_4613_DSCF0298.jpg,BeefCattle_Muzzle_Individualized/cattle_4613/cattle_4613_DSCF0298.jpg,372,301,298,c9828d4f9d4c3ee5bea7e6512a8e3d6da4afd47f,9bd3f07033838286,dev
cattle_4613,cattle_4613_DSCF0300.jpg,BeefCattle_Muzzle_Individualized/cattle_4613/cattle_4613_DSCF0300.jpg,398,296,300,114af0a4fdc27dda4e2e269a7fedf65e976bded4,a9d2e070718686c6,dev
cattle_4613,cattle_4613_DSCF0301.jpg,BeefCattle_Muzzle_Individualized/cattle_4613/cattle_4613_DSCF0301.jpg,418,301,301,519816f97e1661d57cf877fc813b4142bae0c774,9bd270712382c6c6,dev
cattle_4613,cattle_4613_DSCF0303.jpg,BeefCattle_Muzzle_Individualized/cattle_4613/cattle_4613_DSCF0303.jpg,393,311,303,4e92a63752d58d4cd07b776c794da556c52aa4a3,bbd2e0712782c686,dev
cattle_4613,cattle_4613_DSCF0304.jpg,BeefCattle_Muzzle_Individualized/cattle_4613/cattle_4613_DSCF0304.jpg,393,317,304,ab0255f88a7e2dc6d0ae4ded324ffc6dbf00a780,2992e07163828686,dev
cattle_4613,cattle_4613_DSCF0305.jpg,BeefCattle_Muzzle_Individualized/cattle_4613/cattle_4613_DSCF0305.jpg,387,296,305,ad5426699b817d8c0d4f1d99396f47d761de848f,a9d2f070718386c6,dev
cattle_4613,cattle_4613_DSCF0306.jpg,BeefCattle_Muzzle_Individualized/cattle_4613/cattle_4613_DSCF0306.jpg,377,311,306,6dceb98594b1c7869be1dede6ad7f6a18fc7d511,add3f07023838286,dev
cattle_4613,cattle_4613_DSCF0307.jpg,BeefCattle_Muzzle_Individualized/cattle_4613/cattle_4613_DSCF0307.jpg,398,296,307,90912d2cb6f15107da8012867f6a60347bbe14e8,9bd2f071238686c6,dev
cattle_4613,cattle_4613_DSCF0309.jpg,BeefCattle_Muzzle_Individualized/cattle_4613/cattle_4613_DSCF0309.jpg,382,301,309,01cc9beaeca99259975e746294019a929a57d96d,2992e0e071068686,dev
cattle_4613,cattle_4613_DSCF0310.jpg,BeefCattle_Muzzle_Individualized/cattle_4613/cattle_4613_DSCF0310.jpg,398,301,310,c9c539b7a4d3e50bb41d953a2f419cdc8e7679e6,ab92e06173868686,dev
cattle_4613,cattle_4613_DSCF0311.jpg,BeefCattle_Muzzle_Individualized/cattle_4613/cattle_4613_DSCF0311.jpg,393,306,311,ed8a0c4cd5a5cb8c4c47d91903dc2fcc5be501d5,abd2e070238686c6,dev
cattle_4613,cattle_4613_DSCF0314.jpg,BeefCattle_Muzzle_Individualized/cattle_4613/cattle_4613_DSCF0314.jpg,403,317,314,731c8434b97ee6bbf21d94943af27563743962a6,abd270712382c6c2,dev
cattle_4613,cattle_4613_DSCF0315.jpg,BeefCattle_Muzzle_Individualized/cattle_4613/cattle_4613_DSCF0315.jpg,382,291,315,06fe6691b13baa7eee2f73944d1e0bfc82bc5aba,bbd3f070738382c6,dev
cattle_4613,cattle_4613_DSCF0316.jpg,BeefCattle_Muzzle_Individualized/cattle_4613/cattle_4613_DSCF0316.jpg,403,301,316,021b42a705adaec3b52efe6c5bbaab292594120a,aad2e071378686c6,dev
cattle_4613,cattle_4613_DSCF0317.jpg,BeefCattle_Muzzle_Individualized/cattle_4613/cattle_4613_DSCF0317.jpg,387,296,317,6d7dfb481728b26f610f0f8ddc4e8ace0cbc0e77,9bd0f0702b82d6c6,dev
cattle_4613,cattle_4613_DSCF0318.jpg,BeefCattle_Muzzle_Individualized/cattle_4613/cattle_4613_DSCF0318.jpg,398,291,318,e09b889c5a5ba301cff22d5f43a8b5645f432b5a,bbd2f071738296c6,dev
cattle_4613,cattle_4613_DSCF0320.jpg,BeefCattle_Muzzle_Individualized/cattle_4613/cattle_4613_DSCF0320.jpg,403,291,320,599e4a8aaba035e5b7d3e744397f169243147919,abd2f070718796c6,dev
cattle_4613,cattle_4613_DSCF0321.jpg,BeefCattle_Muzzle_Individualized/cattle_4613/cattle_4613_DSCF0321.jpg,418,291,321,9ccd1c0c5310c8c68cf8b7a10dcbb55dd571d1d7,9ad270713786c6c6,dev
cattle_4613,cattle_4613_DSCF0322.jpg,BeefCattle_Muzzle_Individualized/cattle_4613/cattle_4613_DSCF0322.jpg,408,301,322,8a0787e9fa846fee36166d68fa8d70e3d2e80b45,299af071718696c6,dev
cattle_4613,cattle_4613_DSCF0323.jpg,BeefCattle_Muzzle_Individualized/cattle_4613/cattle_4613_DSCF0323.jpg,408,301,323,757ac0c64b2861678143e50d386cc3415fc5656f,bbd2f0713382c6c6,dev
cattle_4613,cattle_4613_DSCF0324.jpg,BeefCattle_Muzzle_Individualized/cattle_4613/cattle_4613_DSCF0324.jpg,387,306,324,6e26f1f9e34831ffe0371d1852041b299d039897,a9d2f070638392c6,dev
cattle_4613,cattle_4613_DSCF0327.jpg,BeefCattle_Muzzle_Individualized/cattle_4613/cattle_4613_DSCF0327.jpg,357,255,327,0f2f78d01fc34a808a9cf00f7861bd5197d44e66,b6e0e0607527a6c6,dev
cattle_4613,cattle_4613_DSCF0328.jpg,BeefCattle_Muzzle_Individualized/cattle_4613/cattle_4613_DSCF0328.jpg,372,270,328,08eae99850218feaa3ae0d78f45be3d3d2a8957a,bb82e06071b686c6,dev
cattle_4613,cattle_4613_DSCF0329.jpg,BeefCattle_Muzzle_Individualized/cattle_4613/cattle_4613_DSCF0329.jpg,372,291,329,e54b080be2b60760e000eb89718dfb76f27698ae,abc260603497d2c7,dev
cattle_4613,cattle_4613_DSCF0330.jpg,BeefCattle_Muzzle_Individualized/cattle_4613/cattle_4613_DSCF0330.jpg,357,275,330,017aab8298733f08e0e6d1b489aa8e60497720ce,bbe2e06034a786c6,dev
cattle_4613,cattle_4613_DSCF0331.jpg,BeefCattle_Muzzle_Individualized/cattle_4613/cattle_4613_DSCF0331.jpg,351,286,331,3f2ceca1ca46f3acbda842cb3209f97af20a29f4,b2e2e06014a68646,dev
cattle_4613,cattle_4613_DSCF0332.jpg,BeefCattle_Muzzle_Individualized/cattle_4613/cattle_4613_DSCF0332.jpg,357,296,332,d7d2c019878d9d51b8ad2f5574375166fb54853d,aba6e06031a68606,dev
cattle_4613,cattle_4613_DSCF0333.jpg,BeefCattle_Muzzle_Individualized/cattle_4613/cattle_4613_DSCF0333.jpg,357,296,333,4f2247b14171a53c41f423c3cf21e253d0fe52d9,2bb6e06031aea646,dev
cattle_4613,cattle_4613_DSCF0334.jpg,BeefCattle_Muzzle_Individualized/cattle_4613/cattle_4613_DSCF0334.jpg,398,286,334,a329061cb73c8f270528ccf07555917b8472b067,9af6f07135a6a69c,dev
cattle_4613,cattle_4613_DSCF0335.jpg,BeefCattle_Muzzle_Individualized/cattle_4613/cattle_4613_DSCF0335.jpg,408,280,335,2671376acbaac205cb98a9d947870f23668bc353,9af67071359696dc,dev
cattle_4613,cattle_4613_DSCF0336.jpg,BeefCattle_Muzzle_Individualized/cattle_4613/cattle_4613_DSCF0336.jpg,398,301,336,adb2803fed6924be139011117f4d86e564ad3613,9bd6f0713596969c,dev
cattle_4613,cattle_4613_DSCF0337.jpg,BeefCattle_Muzzle_Individualized/cattle_4613/cattle_4613_DSCF0337.jpg,387,322,337,817bd838413c2b59be3b0fbb7c0502b25b197170,a9d6f07117a69c9e,dev
cattle_4613,cattle_4613_DSCF0338.jpg,BeefCattle_Muzzle_Individualized/cattle_4613/cattle_4613_DSCF0338.jpg,418,296,338,63414d63d82572e8b83c405777f07a8fc8d21e45,9af670719d96d48c,dev
cattle_4613,cattle_4613_DSCF0340.jpg,BeefCattle_Muzzle_Individualized/cattle_4613/cattle_4613_DSCF0340.jpg,398,296,340,c6b102e174df88f91debbdc495feb6e7659c7edd,dbf270788f96d68e,dev
cattle_4613,cattle_4613_DSCF0341.jpg,BeefCattle_Muzzle_Individualized/cattle_4613/cattle_4613_DSCF0341.jpg,413,311,341,84afdaa6d9831d7bac25a2e94616f97c77c47349,9af2717197969c9c,dev
cattle_4613,cattle_4613_DSCF0342.jpg,BeefCattle_Muzzle_Individualized/cattle_4613/cattle_4613_DSCF0342.jpg,387,301,342,e6319ea4e4493da2293035bc94587b727abce685,baf6e17117268c9c,dev
cattle_4613,cattle_4613_DSCF0343.jpg,BeefCattle_Muzzle_Individualized/cattle_4613/cattle_4613_DSCF0343.jpg,393,306,343,1ef9039d14ffaf2b9957387d61cb5483a04543dc,9bf0707197b69c9e,dev
cattle_4613,cattle_4613_DSCF0345.jpg,BeefCattle_Muzzle_Individualized/cattle_4613/cattle_4613_DSCF0345.jpg,382,332,345,9f0a87631f0ba29c7b3178ee184142af63dafce1,a9d3f07037b69e96,dev
cattle_4613,cattle_4613_DSCF0346.jpg,BeefCattle_Muzzle_Individualized/cattle_4613/cattle_4613_DSCF0346.jpg,408,317,346,855608133643ac8e0926ec234ae9edf0b511541d,9bd2f171b796d48e,dev
cattle_4613,cattle_4613_DSCF0347.jpg,BeefCattle_Muzzle_Individualized/cattle_4613/cattle_4613_DSCF0347.jpg,382,301,347,052a6e9e96523b92675193ef4e9d1059a979d0ba,9bd2f0703f96968e,dev
cattle_4613,cattle_4613_DSCF0349.jpg,BeefCattle_Muzzle_Individualized/cattle_4613/cattle_4613_DSCF0349.jpg,408,291,349,81ee0e966de1bef14dfcba0844112931b6455500,99d2f071719696cc,dev
cattle_4613,cattle_4613_DSCF0350.jpg,BeefCattle_Muzzle_Individualized/cattle_4613/cattle_4613_DSCF0350.jpg,393,296,350,a4f04ed2f5f37aeee34d061b8edf0ee0a40330d6,9bd6f0717586968e,dev
cattle_4613,cattle_4613_DSCF0351.jpg,BeefCattle_Muzzle_Individualized/cattle_4613/cattle_4613_DSCF0351.jpg,387,270,351,3da2d00d5e3ec848451e03aca4652a309eb750f8,9bd2f070719796d6,dev
cattle_4613,cattle_4613_DSCF0352.jpg,BeefCattle_Muzzle_Individualized/cattle_4613/cattle_4613_DSCF0352.jpg,387,311,352,0e90bca9dba72e946807ce1d5deeacefb72c6de2,a9d2f0713586968e,dev
cattle_4613,cattle_4613_DSCF0353.jpg,BeefCattle_Muzzle_Individualized/cattle_4613/cattle_4613_DSCF0353.jpg,408,301,353,ef959a635282f9564d6f86e19703cc565465d67d,9bd27071bf96d6ce,dev
cattle_4613,cattle_4613_DSCF0354.jpg,BeefCattle_Muzzle_Individualized/cattle_4613/cattle_4613_DSCF0354.jpg,387,311,354,447d1cd61d80539ec0b929eee0cd78154d4dcaaa,a9d3f0707987968e,dev
cattle_4613,cattle_4613_DSCF0355.jpg,BeefCattle_Muzzle_Individualized/cattle_4613/cattle_4613_DSCF0355.jpg,387,296,355,c13ca0041c57795ddb6c5da85e5925b48bed3b9a,9bd2f0707596968e,dev
cattle_4613,cattle_4613_DSCF0356.jpg,BeefCattle_Muzzle_Individualized/cattle_4613/cattle_4613_DSCF0356.jpg,408,306,356,9057bd8c89b28a1418f594d690f412902be0bbce,abd6f0717596968e,dev
cattle_4613,cattle_4613_DSCF0358.jpg,BeefCattle_Muzzle_Individualized/cattle_4613/cattle_4613_DSCF0358.jpg,403,306,358,bd6c7ae4d1f8b37e881a444f33d38729f3b413c5,9bd2f0713796d68e,dev
cattle_4613,cattle_4613_DSCF0360.jpg,BeefCattle_Muzzle_Individualized/cattle_4613/cattle_4613_DSCF0360.jpg,403,322,360,d8e61baa3a9f3edba6b8aef3307622ec0f9b61b2,9af470719696ce96,dev
cattle_4614,cattle_4614_DSCF0843.jpg,BeefCattle_Muzzle_Individualized/cattle_4614/cattle_4614_DSCF0843.jpg,367,286,843,6a3e914f748912d5fe0eaac8c2109a35a782282a,0b8ef871199ebcb9,test
cattle_4614,cattle_4614_DSCF0844.jpg,BeefCattle_Muzzle_Individualized/cattle_4614/cattle_4614_DSCF0844.jpg,367,275,844,5f327fe45630f56a19e9d88fdb7a3978e6456edd,8bcef171199ebcb0,test
cattle_4614,cattle_4614_DSCF0845.jpg,BeefCattle_Muzzle_Individualized/cattle_4614/cattle_4614_DSCF0845.jpg,377,265,845,29f0bea71e8bc139231f3948f041e4132657ded5,8fd8f171199cb8b9,test
cattle_4614,cattle_4614_DSCF0846.jpg,BeefCattle_Muzzle_Individualized/cattle_4614/cattle_4614_DSCF0846.jpg,336,280,846,6ad09dc44bf5af659c450d85d89d3fd23cde195e,0dcef870189eb4bc,test
cattle_4614,cattle_4614_DSCF0848.jpg,BeefCattle_Muzzle_Individualized/cattle_4614/cattle_4614_DSCF0848.jpg,351,280,848,df09ac382c45247b61aaf56b41cf08585a56e273,89cef871199ebcbc,test
cattle_4614,cattle_4614_DSCF0849.jpg,BeefCattle_Muzzle_Individualized/cattle_4614/cattle_4614_DSCF0849.jpg,341,296,849,7dd9256bcc2be5eddbf1d96f6fc1d4528d46acff,8dcef8711d9eb43c,test
cattle_4614,cattle_4614_DSCF0850.jpg,BeefCattle_Muzzle_Individualized/cattle_4614/cattle_4614_DSCF0850.jpg,362,265,850,cd8d20494b41f13e1bd6543a60ab4e8cfad11232,098ef8f1711c9eb0,test
cattle_4614,cattle_4614_DSCF0851.jpg,BeefCattle_Muzzle_Individualized/cattle_4614/cattle_4614_DSCF0851.jpg,362,270,851,7dc9df590d35d0f546e4d1099766f124395bec6e,0bd8f171199ebcbc,test
cattle_4614,cattle_4614_DSCF0852.jpg,BeefCattle_Muzzle_Individualized/cattle_4614/cattle_4614_DSCF0852.jpg,372,275,852,f9febe4ff7062135c240ba4b6cfbaacc77fb736e,0b8cf171119ebcb1,test
cattle_4614,cattle_4614_DSCF0853.jpg,BeefCattle_Muzzle_Individualized/cattle_4614/cattle_4614_DSCF0853.jpg,357,275,853,1fe2ada4c8136a340759905f6a0dfd923f4ef910,0b8ef071199e9cb4,test
cattle_4614,cattle_4614_DSCF0854.jpg,BeefCattle_Muzzle_Individualized/cattle_4614/cattle_4614_DSCF0854.jpg,357,260,854,077505a6ed929596e0183612a49b4c912eeca60a,0bd8f071199e9cb0,test
cattle_4614,cattle_4614_DSCF0855.jpg,BeefCattle_Muzzle_Individualized/cattle_4614/cattle_4614_DSCF0855.jpg,367,270,855,75d41046b061ffb84a0c8db21479fe0a7db161e6,0b9cf171199ebcb0,test
cattle_4614,cattle_4614_DSCF0856.jpg,BeefCattle_Muzzle_Individualized/cattle_4614/cattle_4614_DSCF0856.jpg,341,260,856,c19021e0a41d603f51f69b689cacac90fad4f7b9,0bc8f871199e9eb0,test
cattle_4614,cattle_4614_DSCF0857.jpg,BeefCattle_Muzzle_Individualized/cattle_4614/cattle_4614_DSCF0857.jpg,351,286,857,3176d806a8ef748faaf13af3fbea0076bfa6f12c,0b9cd0f1111ebcb8,test
cattle_4614,cattle_4614_DSCF0858.jpg,BeefCattle_Muzzle_Individualized/cattle_4614/cattle_4614_DSCF0858.jpg,341,260,858,0d484d13ff944dde34d9b9792933ceaaca2206e5,098cf871199e9eb0,test
cattle_4614,cattle_4614_DSCF0859.jpg,BeefCattle_Muzzle_Individualized/cattle_4614/cattle_4614_DSCF0859.jpg,346,280,859,fbfc6f44fdc8a6f7123967e0c77cc73d8c210f8b,098ef8f1191ebcb4,test
cattle_4614,cattle_4614_DSCF0861.jpg,BeefCattle_Muzzle_Individualized/cattle_4614/cattle_4614_DSCF0861.jpg,346,255,861,8b0fc8439e5141ca10cba06ebbe9836c2653a4c9,0bcef871191e9eb0,test
cattle_4614,cattle_4614_DSCF0862.jpg,BeefCattle_Muzzle_Individualized/cattle_4614/cattle_4614_DSCF0862.jpg,377,255,862,04b489164a53966bd9dc572a730765998c2c5c77,098ee871719d9e9c,test
cattle_4614,cattle_4614_DSCF0863.jpg,BeefCattle_Muzzle_Individualized/cattle_4614/cattle_4614_DSCF0863.jpg,372,270,863,55ca70fad113330ee36aef46e628ad96d5714685,0b8ef871519c9cb0,test
cattle_4614,cattle_4614_DSCF0865.jpg,BeefCattle_Muzzle_Individualized/cattle_4614/cattle_4614_DSCF0865.jpg,357,255,865,e1a1e481416cd6ddad0eff25719f15ff5cf911bb,8ec8f1711d9eb4bc,test
cattle_4649,cattle_4649_DSCF0413.jpg,BeefCattle_Muzzle_Individualized/cattle_4649/cattle_4649_DSCF0413.jpg,434,342,413,d6e941fe4be3af29f0749d70d6c3091c71ecd1c5,8e8ce071438280e4,train
cattle_4649,cattle_4649_DSCF0414.jpg,BeefCattle_Muzzle_Individualized/cattle_4649/cattle_4649_DSCF0414.jpg,434,296,414,3d790a6a92a99430e3734c4e131a46dbda3770c8,8ee0f07143828ac0,train
cattle_4649,cattle_4649_DSCF0415.jpg,BeefCattle_Muzzle_Individualized/cattle_4649/cattle_4649_DSCF0415.jpg,418,332,415,ef74ea853b1c0904740319ec66e5f4f53230565a,8e8ce0f151828ae0,train
cattle_4649,cattle_4649_DSCF0416.jpg,BeefCattle_Muzzle_Individualized/cattle_4649/cattle_4649_DSCF0416.jpg,413,363,416,cab06018fecafa1ac47790e54549f240e8416615,8e8ce070c38388c6,train
cattle_4649,cattle_4649_DSCF0417.jpg,BeefCattle_Muzzle_Individualized/cattle_4649/cattle_4649_DSCF0417.jpg,429,332,417,2b3ec10a335422649c2b5234e0fe954ee45da6b9,8ecce07153868ae0,train
cattle_4649,cattle_4649_DSCF0420.jpg,BeefCattle_Muzzle_Individualized/cattle_4649/cattle_4649_DSCF0420.jpg,449,337,420,7ddefb8d6882f2fb7ca0d3408cadd07477551780,8ee4e0714382c8e4,train
cattle_4649,cattle_4649_DSCF0421.jpg,BeefCattle_Muzzle_Individualized/cattle_4649/cattle_4649_DSCF0421.jpg,449,342,421,bec5de44af0f622edbcb4c06b519523172ff1b7a,8ee8e071c286c0cc,train
cattle_4649,cattle_4649_DSCF0423.jpg,BeefCattle_Muzzle_Individualized/cattle_4649/cattle_4649_DSCF0423.jpg,434,353,423,fba42561b731e4f5631462abe54cae9385ce4366,8eccf071038688ce,train
cattle_4649,cattle_4649_DSCF0424.jpg,BeefCattle_Muzzle_Individualized/cattle_4649/cattle_4649_DSCF0424.jpg,444,353,424,b29dc506c2bdbb5402cb86d61a3387447fe9e09c,8ee8f0518286c0ce,train
cattle_4649,cattle_4649_DSCF0425.jpg,BeefCattle_Muzzle_Individualized/cattle_4649/cattle_4649_DSCF0425.jpg,449,363,425,56df9e5fa05734791f9ce76953482e7e4802b480,8eccf071c382c0ce,train
cattle_4649,cattle_4649_DSCF0426.jpg,BeefCattle_Muzzle_Individualized/cattle_4649/cattle_4649_DSCF0426.jpg,444,358,426,fd956b540d5275ec20e118dd58d80efe3479e6e9,8e8ce071438680cc,train
cattle_4649,cattle_4649_DSCF0427.jpg,BeefCattle_Muzzle_Individualized/cattle_4649/cattle_4649_DSCF0427.jpg,444,358,427,80195f994ee50606a534231fe06f2e653b134160,8eece0718386c0ce,train
cattle_4649,cattle_4649_DSCF0428.jpg,BeefCattle_Muzzle_Individualized/cattle_4649/cattle_4649_DSCF0428.jpg,439,348,428,306942f1fa7817e34057ef709361244a7f548825,8eecf0718382c8ce,train
cattle_4649,cattle_4649_DSCF0429.jpg,BeefCattle_Muzzle_Individualized/cattle_4649/cattle_4649_DSCF0429.jpg,434,363,429,c3e9a1bd4f89f26e9ecbf27c2708f66f72db018c,8cc8d051128e808c,train
cattle_4649,cattle_4649_DSCF0430.jpg,BeefCattle_Muzzle_Individualized/cattle_4649/cattle_4649_DSCF0430.jpg,434,358,430,809a9c99da38acdb496e167eb4dda938fad88efb,8c8cf051138688c8,train
cattle_4649,cattle_4649_DSCF0431.jpg,BeefCattle_Muzzle_Individualized/cattle_4649/cattle_4649_DSCF0431.jpg,429,384,431,07e99e8b1ad067ce9dc8e624008f3ae377c2ab8a,8c8cf0510296880c,train
cattle_4649,cattle_4649_DSCF0432.jpg,BeefCattle_Muzzle_Individualized/cattle_4649/cattle_4649_DSCF0432.jpg,439,358,432,cf309a8832189ac970707010196dc354059df3a9,8c8ce051138684c8,train
cattle_4649,cattle_4649_DSCF0433.jpg,BeefCattle_Muzzle_Individualized/cattle_4649/cattle_4649_DSCF0433.jpg,421,342,433,c6ed68b0feb60f3c88ab1fbbe7e025926ab658d3,8c80c051838280c6,train
cattle_4649,cattle_4649_DSCF0434.jpg,BeefCattle_Muzzle_Individualized/cattle_4649/cattle_4649_DSCF0434.jpg,418,357,434,bc2bdab0d4d6d532fde96b402463ad767cb49e85,8c88c051438288e4,train
cattle_4649,cattle_4649_DSCF0435.jpg,BeefCattle_Muzzle_Individualized/cattle_4649/cattle_4649_DSCF0435.jpg,426,388,435,7b402d8442759626f9b0d11806773ccbba8e4968,8e88e0718382c4e2,train
cattle_4649,cattle_4649_DSCF0436.jpg,BeefCattle_Muzzle_Individualized/cattle_4649/cattle_4649_DSCF0436.jpg,433,374,436,805314ddaaac11bc09df5c15f26924dbe799f26e,8c88c071828280c2,train
cattle_4649,cattle_4649_DSCF0437.jpg,BeefCattle_Muzzle_Individualized/cattle_4649/cattle_4649_DSCF0437.jpg,419,372,437,a40162298e545d987bc5b31d193a834a2443faef,8c80c061028a80c6,train
cattle_4649,cattle_4649_DSCF0438.jpg,BeefCattle_Muzzle_Individualized/cattle_4649/cattle_4649_DSCF0438.jpg,449,358,438,1b8bbbfe473f8c9af5b6b256123b122b0b27ae77,8eecf0710386c8e0,train
cattle_4649,cattle_4649_DSCF0439.jpg,BeefCattle_Muzzle_Individualized/cattle_4649/cattle_4649_DSCF0439.jpg,455,373,439,48eb239992aace81a539c49b529daecccc7d331d,8cecf0718286c08c,train
cattle_4649,cattle_4649_DSCF0440.jpg,BeefCattle_Muzzle_Individualized/cattle_4649/cattle_4649_DSCF0440.jpg,460,384,440,e859ef0a0a010cd3a018868088bf5745b8022bf8,8cecf0719286c80c,train
cattle_4649,cattle_4649_DSCF0441.jpg,BeefCattle_Muzzle_Individualized/cattle_4649/cattle_4649_DSCF0441.jpg,449,373,441,82c709de3683d6335e6faf960e778a1131f6f059,8ccce071138680cc,train
cattle_4649,cattle_4649_DSCF0442.jpg,BeefCattle_Muzzle_Individualized/cattle_4649/cattle_4649_DSCF0442.jpg,439,358,442,22656872ef6a08eceaf642a6559cdad53f91fb77,8ecce071138698c8,train
cattle_4649,cattle_4649_DSCF0444.jpg,BeefCattle_Muzzle_Individualized/cattle_4649/cattle_4649_DSCF0444.jpg,460,373,444,0e641daaac73697bab7a96bf35937b1b5c1d498c,8cecf1518686c084,train
cattle_4649,cattle_4649_DSCF0445.jpg,BeefCattle_Muzzle_Individualized/cattle_4649/cattle_4649_DSCF0445.jpg,460,348,445,a8f662025248f18a0273d499e3427131ad1daa3e,8eec71718286c0ec,train
cattle_4668,cattle_4668_DSCF1476.jpg,BeefCattle_Muzzle_Individualized/cattle_4668/cattle_4668_DSCF1476.jpg,547,409,1476,f95562b74a036e6a78da2426744fd1d9795783f4,e6e07073179fb72d,train
cattle_4668,cattle_4668_DSCF1477.jpg,BeefCattle_Muzzle_Individualized/cattle_4668/cattle_4668_DSCF1477.jpg,547,430,1477,f33e5ff45657fbe63037922cab15ac3f1062fe4f,e7e67071379fb76d,train
cattle_4668,cattle_4668_DSCF1478.jpg,BeefCattle_Muzzle_Individualized/cattle_4668/cattle_4668_DSCF1478.jpg,547,415,1478,42400cb14a6de4ba93f4191bb2236fe67067f6ca,e7f27071379fb7ad,train
cattle_4668,cattle_4668_DSCF1479.jpg,BeefCattle_Muzzle_Individualized/cattle_4668/cattle_4668_DSCF1479.jpg,542,435,1479,e0161baa4afb491316d8dd690f3f7f8aa973f3e6,e7e6f071779fb7ad,train
cattle_4668,cattle_4668_DSCF1482.jpg,BeefCattle_Muzzle_Individualized/cattle_4668/cattle_4668_DSCF1482.jpg,547,415,1482,af4eee335058d9b12f27e83c7ef44f3ea83d2e9c,e7e6f071f71e9f25,train
cattle_4668,cattle_4668_DSCF1484.jpg,BeefCattle_Muzzle_Individualized/cattle_4668/cattle_4668_DSCF1484.jpg,532,420,1484,861d3cf31a3b1c75a7c14d559d34eb40e14f3607,e7e6f071f71fb72d,train
cattle_4668,cattle_4668_DSCF1485.jpg,BeefCattle_Muzzle_Individualized/cattle_4668/cattle_4668_DSCF1485.jpg,537,420,1485,88d38c73f0ef2fbd15dc4d9448a1c0d7bc66594e,e7e6f073771fa72d,train
cattle_4668,cattle_4668_DSCF1487.jpg,BeefCattle_Muzzle_Individualized/cattle_4668/cattle_4668_DSCF1487.jpg,547,425,1487,5f33931b053573350069574b3575d1cd3666f94e,e7e6f073769ea76d,train
cattle_4668,cattle_4668_DSCF1489.jpg,BeefCattle_Muzzle_Individualized/cattle_4668/cattle_4668_DSCF1489.jpg,547,425,1489,007aa3fec74215b571cf4af25fda0f07fea0c13a,e6f27073169fa7ed,train
cattle_4668,cattle_4668_DSCF1491.jpg,BeefCattle_Muzzle_Individualized/cattle_4668/cattle_4668_DSCF1491.jpg,563,425,1491,715c6a775ec09c88ebc263b9abffb2d59b0bfc94,e7f67071779e97ad,train
cattle_4668,cattle_4668_DSCF1492.jpg,BeefCattle_Muzzle_Individualized/cattle_4668/cattle_4668_DSCF1492.jpg,537,420,1492,bc560e786d3d2d3535f65476eff31573c0a72ef3,e7e67073369fa76d,train
cattle_4668,cattle_4668_DSCF1495.jpg,BeefCattle_Muzzle_Individualized/cattle_4668/cattle_4668_DSCF1495.jpg,522,420,1495,387b8a82ca518c52beb4cd48850a15a5eaf38592,e7e6f0f3371f276d,train
cattle_4668,cattle_4668_DSCF1496.jpg,BeefCattle_Muzzle_Individualized/cattle_4668/cattle_4668_DSCF1496.jpg,522,425,1496,bd6f036b2a35cc3a20bb2051ab680553fa5ef35f,e7e6f0f3f61f2f6f,train
cattle_4678,cattle_4678_DSCF1248.jpg,BeefCattle_Muzzle_Individualized/cattle_4678/cattle_4678_DSCF1248.jpg,372,275,1248,2e29507bd472f2694db4c6e3c55b0f33f0062779,0a98d871c090d0c8,train
cattle_4678,cattle_4678_DSCF1249.jpg,BeefCattle_Muzzle_Individualized/cattle_4678/cattle_4678_DSCF1249.jpg,372,260,1249,0888763815e1e9993aefb30368f29532ed0c4f51,0f8ad870619290f0,train
cattle_4678,cattle_4678_DSCF1250.jpg,BeefCattle_Muzzle_Individualized/cattle_4678/cattle_4678_DSCF1250.jpg,377,286,1250,f5a2ecaa9a99c9333c754e83ae57e0c8f6cc86da,0f8ad870c192d0c8,train
cattle_4678,cattle_4678_DSCF1251.jpg,BeefCattle_Muzzle_Individualized/cattle_4678/cattle_4678_DSCF1251.jpg,351,255,1251,ee5baeeb7d8c82cb29b2575ca931c1e5f8e50ce5,0a90d8e14192b0e0,train
cattle_4678,cattle_4678_DSCF1252.jpg,BeefCattle_Muzzle_Individualized/cattle_4678/cattle_4678_DSCF1252.jpg,367,275,1252,7e9d8bde0983f08f877a96f78e2eeea7f61f4905,0f0ad8f8619290f0,train
cattle_4678,cattle_4678_DSCF1254.jpg,BeefCattle_Muzzle_Individualized/cattle_4678/cattle_4678_DSCF1254.jpg,357,275,1254,fd7792a671398230de4f2a345356c2065d7a65f4,0f1ad8f0419290e8,train
cattle_4678,cattle_4678_DSCF1255.jpg,BeefCattle_Muzzle_Individualized/cattle_4678/cattle_4678_DSCF1255.jpg,367,275,1255,49ae8e1d3715d2fe1d6c12ecf0581103411951e6,0f98d871c19290e8,train
cattle_4678,cattle_4678_DSCF1256.jpg,BeefCattle_Muzzle_Individualized/cattle_4678/cattle_4678_DSCF1256.jpg,362,286,1256,b3ce805c6190e7c03f22ed1262a89c10e949b037,0f88d8708092d0c8,train
cattle_4678,cattle_4678_DSCF1258.jpg,BeefCattle_Muzzle_Individualized/cattle_4678/cattle_4678_DSCF1258.jpg,351,260,1258,c5c22239cb4cad6f5fb3ce58703d72cac18a4340,0b8ad870c19290f0,train
cattle_4678,cattle_4678_DSCF1260.jpg,BeefCattle_Muzzle_Individualized/cattle_4678/cattle_4678_DSCF1260.jpg,351,270,1260,59508c7c1da986d5772be1e3b688442d2ae35a79,0b98d861919290c8,train
cattle_4678,cattle_4678_DSCF1261.jpg,BeefCattle_Muzzle_Individualized/cattle_4678/cattle_4678_DSCF1261.jpg,372,260,1261,e7554b330befd69380e82711658640ba4e75c791,8ac8f8618092d0c8,train
cattle_4678,cattle_4678_DSCF1262.jpg,BeefCattle_Muzzle_Individualized/cattle_4678/cattle_4678_DSCF1262.jpg,372,275,1262,65868efd4e93b064f8553fedc087a2b78f6f1d95,0f8ac870e1d2d0e8,train
cattle_4678,cattle_4678_DSCF1263.jpg,BeefCattle_Muzzle_Individualized/cattle_4678/cattle_4678_DSCF1263.jpg,367,270,1263,2204cb15ca8a5a5d693e50bd9ce4ce4d74f5f0b8,0b88d871c192d0e8,train
cattle_4678,cattle_4678_DSCF1265.jpg,BeefCattle_Muzzle_Individualized/cattle_4678/cattle_4678_DSCF1265.jpg,377,280,1265,a3f205d39ec35cbe639c7fa2f411d046e3287ffc,0f8ad871619290e8,train
cattle_4679,cattle_4679_DSCF0917.jpg,BeefCattle_Muzzle_Individualized/cattle_4679/cattle_4679_DSCF0917.jpg,614,456,917,ce160c7f9e23d131f592620a7cbc42ac270c2f04,0c8cf870519a88c8,train
cattle_4679,cattle_4679_DSCF0918.jpg,BeefCattle_Muzzle_Individualized/cattle_4679/cattle_4679_DSCF0918.jpg,635,476,918,5ca2578c74b914725239123a078f332e1d2d1bd8,0d8cf871719288c8,train
cattle_4679,cattle_4679_DSCF0922.jpg,BeefCattle_Muzzle_Individualized/cattle_4679/cattle_4679_DSCF0922.jpg,635,461,922,bd3efdb53f520f00df8a00bd944da73bdceae4fd,0c9cf871519288c8,train
cattle_4679,cattle_4679_DSCF0924.jpg,BeefCattle_Muzzle_Individualized/cattle_4679/cattle_4679_DSCF0924.jpg,583,471,924,7bcc33e399ecb8d1c4888c142470f33931f0a724,0e8cf870588b8cca,train
cattle_4679,cattle_4679_DSCF0930.jpg,BeefCattle_Muzzle_Individualized/cattle_4679/cattle_4679_DSCF0930.jpg,645,471,930,8e48efce59e4c9f80bc3665679a3d5d7adc07fd4,0c8cf871719a8868,train
cattle_4680,cattle_4680_DSCF1248.jpg,BeefCattle_Muzzle_Individualized/cattle_4680/cattle_4680_DSCF1248.jpg,326,275,1248,d7c36c3e2094e16f2c2ad640d59344b5583324e3,0808f0711194d4d4,train
cattle_4680,cattle_4680_DSCF1249.jpg,BeefCattle_Muzzle_Individualized/cattle_4680/cattle_4680_DSCF1249.jpg,315,265,1249,11ae2c622dbdfd8e6411234e6c3db5d671f5cff0,0888f0711096d4d4,train
cattle_4680,cattle_4680_DSCF1251.jpg,BeefCattle_Muzzle_Individualized/cattle_4680/cattle_4680_DSCF1251.jpg,320,270,1251,ce3579514389d0191cee4fd77b794f487f0a3696,0c8cf870109ad094,train
cattle_4680,cattle_4680_DSCF1252.jpg,BeefCattle_Muzzle_Individualized/cattle_4680/cattle_4680_DSCF1252.jpg,331,280,1252,bdf4eda5e02c7ee6851cab11bd4e3afd80362c7f,0c08e8711192d0d4,train
cattle_4680,cattle_4680_DSCF1253.jpg,BeefCattle_Muzzle_Individualized/cattle_4680/cattle_4680_DSCF1253.jpg,331,275,1253,700f3082e2f2e2dc0274ef2dc52a4411c0f3f7de,0c0878715192d0dc,train
cattle_4680,cattle_4680_DSCF1255.jpg,BeefCattle_Muzzle_Individualized/cattle_4680/cattle_4680_DSCF1255.jpg,331,265,1255,be099d96ab2dd3da85c688a490b1372afa5a44ec,0888f1711194d49c,train
cattle_4680,cattle_4680_DSCF1257.jpg,BeefCattle_Muzzle_Individualized/cattle_4680/cattle_4680_DSCF1257.jpg,310,265,1257,efb9131fddbd6663ecf32edc4f8d2fb34d91a09e,0c0ce8705092d2d4,train
cattle_4680,cattle_4680_DSCF1260.jpg,BeefCattle_Muzzle_Individualized/cattle_4680/cattle_4680_DSCF1260.jpg,315,275,1260,6fd9a191bcd931cc4ae1afd0850a1eaedae906eb,0c08f8701092d094,train
cattle_4680,cattle_4680_DSCF1261.jpg,BeefCattle_Muzzle_Individualized/cattle_4680/cattle_4680_DSCF1261.jpg,320,260,1261,5c5fdf3eb133d14231433fdfc6070f33f19c7c97,0888f071119294d4,train
cattle_4680,cattle_4680_DSCF1262.jpg,BeefCattle_Muzzle_Individualized/cattle_4680/cattle_4680_DSCF1262.jpg,320,270,1262,9a7099d30754ef94c98e7297e88c7d18ced88548,0c88f0711192d094,train
cattle_4680,cattle_4680_DSCF1265.jpg,BeefCattle_Muzzle_Individualized/cattle_4680/cattle_4680_DSCF1265.jpg,341,275,1265,cbd1ccbe0ee687d0c4756766bca3785bc9ad3d88,0c0878715190d454,train
cattle_4685,cattle_4685_DSCF6699.jpg,BeefCattle_Muzzle_Individualized/cattle_4685/cattle_4685_DSCF6699.jpg,447,351,6699,6bff874d2dc6a46d857bae08e7b4f6c6f6a31b13,ecc8f0703102828c,train
cattle_4685,cattle_4685_DSCF6700.jpg,BeefCattle_Muzzle_Individualized/cattle_4685/cattle_4685_DSCF6700.jpg,487,334,6700,f9f7e57649b6668cab0aeb40b82d5d1871c53c62,c8c0f17122040488,train
cattle_4685,cattle_4685_DSCF6701.jpg,BeefCattle_Muzzle_Individualized/cattle_4685/cattle_4685_DSCF6701.jpg,493,351,6701,dcbf8cd3051cf5e8219fb1167dfdfa6169440e8f,e8c8f17121848088,train
cattle_4685,cattle_4685_DSCF6702.jpg,BeefCattle_Muzzle_Individualized/cattle_4685/cattle_4685_DSCF6702.jpg,475,357,6702,0c541cd7e265c2333f112130194e97654a89372e,e8e870713182808c,train
cattle_4685,cattle_4685_DSCF6703.jpg,BeefCattle_Muzzle_Individualized/cattle_4685/cattle_4685_DSCF6703.jpg,453,328,6703,67f5ad3e8211820496f53652a5406ccd6324dc1b,c8e8f0713102008c,train
cattle_4685,cattle_4685_DSCF6704.jpg,BeefCattle_Muzzle_Individualized/cattle_4685/cattle_4685_DSCF6704.jpg,458,322,6704,71967d1e8b87d5e1fdde94c16785045856233b46,e8c8f07171020220,train
cattle_4685,cattle_4685_DSCF6705.jpg,BeefCattle_Muzzle_Individualized/cattle_4685/cattle_4685_DSCF6705.jpg,475,311,6705,4b9ebf4b60d40f31e511042dc3c5dd8ace4634a8,c2c04871113624c8,train
cattle_4685,cattle_4685_DSCF6727.jpg,BeefCattle_Muzzle_Individualized/cattle_4685/cattle_4685_DSCF6727.jpg,413,294,6727,01efe4ce2d49fadb4fa0da6df7ffd5723463e8f8,d8d0607109839087,train
cattle_4685,cattle_4685_DSCF6728.jpg,BeefCattle_Muzzle_Individualized/cattle_4685/cattle_4685_DSCF6728.jpg,401,271,6728,ed41979f02558e3f533b5131265e3a72b856a9fe,98d06070098b9184,train
cattle_4685,cattle_4685_DSCF6729.jpg,BeefCattle_Muzzle_Individualized/cattle_4685/cattle_4685_DSCF6729.jpg,378,277,6729,c47aed853f7a02367fd57f385120998d0bfea772,98d8707008199086,train
cattle_4685,cattle_4685_DSCF6730.jpg,BeefCattle_Muzzle_Individualized/cattle_4685/cattle_4685_DSCF6730.jpg,407,288,6730,a47de7af574a4d5b2829117e11df70fb245b0565,c8d8f07019089290,train
cattle_4686,cattle_4686_DSCF0555.jpg,BeefCattle_Muzzle_Individualized/cattle_4686/cattle_4686_DSCF0555.jpg,460,332,555,8fdc2f8cab1d81350fbff1b6bc1837ff95a81c97,0796e870928eaab0,train
cattle_4686,cattle_4686_DSCF0557.jpg,BeefCattle_Muzzle_Individualized/cattle_4686/cattle_4686_DSCF0557.jpg,460,322,557,4f2f43ac748a530e96a1bf352894da4b64221636,0b86e8e0708e8ab8,train
cattle_4686,cattle_4686_DSCF0560.jpg,BeefCattle_Muzzle_Individualized/cattle_4686/cattle_4686_DSCF0560.jpg,470,337,560,39b41c74590d0d51240a9ea348acc9240b57b173,0f97e070908eaab0,train
cattle_4686,cattle_4686_DSCF0563.jpg,BeefCattle_Muzzle_Individualized/cattle_4686/cattle_4686_DSCF0563.jpg,470,348,563,48d9295a764b6a241d20bcedd6432e0e60b55441,0b86e870928ea830,train
cattle_4686,cattle_4686_DSCF0564.jpg,BeefCattle_Muzzle_Individualized/cattle_4686/cattle_4686_DSCF0564.jpg,465,322,564,4e337266f03bdd63b90b918993280ebed974b688,0386e870908eaab8,train
cattle_4686,cattle_4686_DSCF0566.jpg,BeefCattle_Muzzle_Individualized/cattle_4686/cattle_4686_DSCF0566.jpg,460,317,566,4d094714669e7c17d2756f2587908d98b81530a7,0b87e4e870868ea8,train
cattle_4686,cattle_4686_DSCF0567.jpg,BeefCattle_Muzzle_Individualized/cattle_4686/cattle_4686_DSCF0567.jpg,470,337,567,9c10ca0f22616cacb294117d815066465850ad01,0b86e0e030868ab0,train
cattle_4686,cattle_4686_DSCF0570.jpg,BeefCattle_Muzzle_Individualized/cattle_4686/cattle_4686_DSCF0570.jpg,475,332,570,e148724f4d49d47eafce1449a71a2cafe811419c,0396e870928ea8b4,train
cattle_4686,cattle_4686_DSCF0574.jpg,BeefCattle_Muzzle_Individualized/cattle_4686/cattle_4686_DSCF0574.jpg,475,317,574,24af753011675df3202e8ea3f8e3882d5fe81475,0396e07030868aa8,train
cattle_4686,cattle_4686_DSCF0576.jpg,BeefCattle_Muzzle_Individualized/cattle_4686/cattle_4686_DSCF0576.jpg,470,332,576,50a1412707eb002791300103fa42e167c4381301,0b86e870108ea8b0,train
cattle_4686,cattle_4686_DSCF0577.jpg,BeefCattle_Muzzle_Individualized/cattle_4686/cattle_4686_DSCF0577.jpg,470,342,577,76429522d63cb2429ae6dc7261cae522bd723133,0f86e8f0b08ea8b0,train
cattle_4686,cattle_4686_DSCF0579.jpg,BeefCattle_Muzzle_Individualized/cattle_4686/cattle_4686_DSCF0579.jpg,480,342,579,cd27538a55c460f4ffdea3d2e25cea71dc43e349,0796e870908ee8b4,train
cattle_4686,cattle_4686_DSCF0583.jpg,BeefCattle_Muzzle_Individualized/cattle_4686/cattle_4686_DSCF0583.jpg,460,348,583,ab68cbfbd2695d51f9559b9831172b56adf9cfb3,0793e870908eaab0,train
cattle_4716,cattle_4716_DSCF9193.jpg,BeefCattle_Muzzle_Individualized/cattle_4716/cattle_4716_DSCF9193.jpg,338,271,9193,c6870332f21c1f183aefe8540087bab458496200,4c8cc8f0719e8ec8,train
cattle_4716,cattle_4716_DSCF9194.jpg,BeefCattle_Muzzle_Individualized/cattle_4716/cattle_4716_DSCF9194.jpg,350,237,9194,f4e630aa5af98ba13ebc42c36ab643592368057c,8eccf870d48ecec0,train
cattle_4716,cattle_4716_DSCF9195.jpg,BeefCattle_Muzzle_Individualized/cattle_4716/cattle_4716_DSCF9195.jpg,367,248,9195,c8dfb37ef894d7e77319f3fd5909a820af5e867e,cecce870f0cece48,train
cattle_4716,cattle_4716_DSCF9196.jpg,BeefCattle_Muzzle_Individualized/cattle_4716/cattle_4716_DSCF9196.jpg,372,248,9196,77e8984f85b849731ce2786089f6c03d333fe906,8ecce871dccece48,train
cattle_4716,cattle_4716_DSCF9197.jpg,BeefCattle_Muzzle_Individualized/cattle_4716/cattle_4716_DSCF9197.jpg,361,242,9197,61ae6068ebdd40a7096ff3d7f88a8dff8ea25db6,8e8ce871d08e8ec0,train
cattle_4716,cattle_4716_DSCF9198.jpg,BeefCattle_Muzzle_Individualized/cattle_4716/cattle_4716_DSCF9198.jpg,367,265,9198,ee01a79460ad9896403eb4052426a41b51ab6751,4c8cc8f071ceced0,train
cattle_4716,cattle_4716_DSCF9199.jpg,BeefCattle_Muzzle_Individualized/cattle_4716/cattle_4716_DSCF9199.jpg,332,237,9199,bd328f2bd79662b13212ee6bcf0ac0e18e0566b6,8eccf8f1948e9ec8,train
cattle_4716,cattle_4716_DSCF9200.jpg,BeefCattle_Muzzle_Individualized/cattle_4716/cattle_4716_DSCF9200.jpg,338,254,9200,bfbbad2950410e1968ad8233b89c482b73aa8362,8e8ce8f1d48e96c8,train
cattle_4716,cattle_4716_DSCF9202.jpg,BeefCattle_Muzzle_Individualized/cattle_4716/cattle_4716_DSCF9202.jpg,350,248,9202,d4b7d62db5d13f11cf4468dae5e15f9f9b83be2e,8eccf871948ed4c8,train
cattle_4716,cattle_4716_DSCF9203.jpg,BeefCattle_Muzzle_Individualized/cattle_4716/cattle_4716_DSCF9203.jpg,355,242,9203,1016af16317181e5ef41662ff1c826858eff3365,8ecce870f0ceced8,train
cattle_4716,cattle_4716_DSCF9204.jpg,BeefCattle_Muzzle_Individualized/cattle_4716/cattle_4716_DSCF9204.jpg,327,231,9204,5f48ed8c812e253ba6f4b5716d2e9b2d2939f8c7,0e98d0f1989e9e90,train
cattle_4716,cattle_4716_DSCF9205.jpg,BeefCattle_Muzzle_Individualized/cattle_4716/cattle_4716_DSCF9205.jpg,344,260,9205,ac865f7432904ff06c4807471463c490bdb4ce77,8c8ce870d88edec8,train
cattle_4716,cattle_4716_DSCF9206.jpg,BeefCattle_Muzzle_Individualized/cattle_4716/cattle_4716_DSCF9206.jpg,338,260,9206,d04616c916a65541e4906ca15109c81e652cacc6,8cd8f0f19c8e928c,train
cattle_4716,cattle_4716_DSCF9207.jpg,BeefCattle_Muzzle_Individualized/cattle_4716/cattle_4716_DSCF9207.jpg,332,265,9207,02cdcb4030875fb92822b28fdea6618d8aa08617,8c9cd0f1d08e9ec8,train
cattle_4716,cattle_4716_DSCF9208.jpg,BeefCattle_Muzzle_Individualized/cattle_4716/cattle_4716_DSCF9208.jpg,321,265,9208,e9c1cbbb54ddec4abf9087e8322973d463fc78bd,9c98f0e1989e964c,train
cattle_4717,cattle_4717_DSCF0115.jpg,BeefCattle_Muzzle_Individualized/cattle_4717/cattle_4717_DSCF0115.jpg,320,260,115,d63c8c2a105ec6e0cf57bfd27af073952184500a,0a88d871118684cc,train
cattle_4717,cattle_4717_DSCF0116.jpg,BeefCattle_Muzzle_Individualized/cattle_4717/cattle_4717_DSCF0116.jpg,305,275,116,45f90924e2dac6192265409297910679f9acd4de,0f88d870108686cc,train
cattle_4717,cattle_4717_DSCF0117.jpg,BeefCattle_Muzzle_Individualized/cattle_4717/cattle_4717_DSCF0117.jpg,305,260,117,9b4a3fbe222ffc83c12719c356d5003e76ba00fe,0898f071010684cc,train
cattle_4717,cattle_4717_DSCF0118.jpg,BeefCattle_Muzzle_Individualized/cattle_4717/cattle_4717_DSCF0118.jpg,305,270,118,926adda710ee7dcb283c02c78cdf48e8d7d9b302,0a98d8710186844c,train
cattle_4717,cattle_4717_DSCF0119.jpg,BeefCattle_Muzzle_Individualized/cattle_4717/cattle_4717_DSCF0119.jpg,295,260,119,a9518c4779191f6f5b118c6aa517d7abaf589773,0a88d83111860644,train
cattle_4733,cattle_4733_DSCF8107.jpg,BeefCattle_Muzzle_Individualized/cattle_4733/cattle_4733_DSCF8107.jpg,573,414,8107,a21662ca1abff50a7f74cb7a7a12ab53c0c64272,9cd87870109a80cc,dev
cattle_4733,cattle_4733_DSCF8109.jpg,BeefCattle_Muzzle_Individualized/cattle_4733/cattle_4733_DSCF8109.jpg,578,414,8109,15e79da4c9d30c24b58317d602fb6b395ebc7e6f,9cd8f870109880c8,dev
cattle_4733,cattle_4733_DSCF8110.jpg,BeefCattle_Muzzle_Individualized/cattle_4733/cattle_4733_DSCF8110.jpg,613,460,8110,ad8bd929a3ed9d537b144a86e7badb767e009474,98d8f870909080cc,dev
cattle_4733,cattle_4733_DSCF8111.jpg,BeefCattle_Muzzle_Individualized/cattle_4733/cattle_4733_DSCF8111.jpg,561,420,8111,43e458c9eedb3d121b9208f1f031ffc26f22f224,9cd8f878189880cc,dev
cattle_4733,cattle_4733_DSCF8112.jpg,BeefCattle_Muzzle_Individualized/cattle_4733/cattle_4733_DSCF8112.jpg,561,431,8112,959fc6f331d429102a46a57b45ecb33c6a53a65b,8cd87878988880cc,dev
cattle_4733,cattle_4733_DSCF8114.jpg,BeefCattle_Muzzle_Individualized/cattle_4733/cattle_4733_DSCF8114.jpg,578,420,8114,6c90eba1466305ebb5d18369470d66597f08c67b,98d8f071109080cc,dev
cattle_4733,cattle_4733_DSCF8115.jpg,BeefCattle_Muzzle_Individualized/cattle_4733/cattle_4733_DSCF8115.jpg,584,431,8115,d2e3fb1a548f11e0f6f6ab3abb904530e010f02d,9cd8f071909880cc,dev
cattle_4733,cattle_4733_DSCF8117.jpg,BeefCattle_Muzzle_Individualized/cattle_4733/cattle_4733_DSCF8117.jpg,584,402,8117,9084da3f2e73447daea4865bc1669a0c2a90984a,98d8f071309080c0,dev
cattle_4733,cattle_4733_DSCF8119.jpg,BeefCattle_Muzzle_Individualized/cattle_4733/cattle_4733_DSCF8119.jpg,578,460,8119,f1924eabf0116e4ab576a2023bd9f4dcf46bd604,98d8f870908a80ce,dev
cattle_4733,cattle_4733_DSCF8120.jpg,BeefCattle_Muzzle_Individualized/cattle_4733/cattle_4733_DSCF8120.jpg,584,454,8120,52e6d16bffe797c8fc990005c10ae2962d4b6eed,18d8f870109880cc,dev
cattle_4733,cattle_4733_DSCF8124.jpg,BeefCattle_Muzzle_Individualized/cattle_4733/cattle_4733_DSCF8124.jpg,595,425,8124,7d05b6ef7ccdab3ef28d647bec0ba2ef7173560c,98d87878989880cc,dev
cattle_4733,cattle_4733_DSCF8125.jpg,BeefCattle_Muzzle_Individualized/cattle_4733/cattle_4733_DSCF8125.jpg,578,460,8125,37ee39278331917552d2b01775c1a63d356f9407,88c8f878989880d8,dev
cattle_4733,cattle_4733_DSCF8126.jpg,BeefCattle_Muzzle_Individualized/cattle_4733/cattle_4733_DSCF8126.jpg,595,460,8126,2f02c7a4ff1cd65437a998427b97b31786ff038d,88c8f878109080d8,dev
cattle_4733,cattle_4733_DSCF8128.jpg,BeefCattle_Muzzle_Individualized/cattle_4733/cattle_4733_DSCF8128.jpg,578,448,8128,902963cafc4fe97171ebc43cdce3537e9ec98352,18c8f87810909080,dev
cattle_4733,cattle_4733_DSCF8129.jpg,BeefCattle_Muzzle_Individualized/cattle_4733/cattle_4733_DSCF8129.jpg,590,437,8129,c66f9f492725f7ad3f6ed576c05fab3aae86773e,88c8f878309890e0,dev
cattle_4733,cattle_4733_DSCF8131.jpg,BeefCattle_Muzzle_Individualized/cattle_4733/cattle_4733_DSCF8131.jpg,613,454,8131,65c62626c52d50c12b12d0228bb5895cf80ed18e,98d8f8e1b090e0cc,dev
cattle_4733,cattle_4733_DSCF8133.jpg,BeefCattle_Muzzle_Individualized/cattle_4733/cattle_4733_DSCF8133.jpg,630,425,8133,85cef4a3dbdaeedcbde193c49e05623014b16705,98d8f8e1f090a0e8,dev
cattle_4739,cattle_4739_DSCF0362.jpg,BeefCattle_Muzzle_Individualized/cattle_4739/cattle_4739_DSCF0362.jpg,326,239,362,e13e270f0514d7cc218854e660e3617926035bb8,c8e0f0714c8ea6cc,train
cattle_4739,cattle_4739_DSCF0363.jpg,BeefCattle_Muzzle_Individualized/cattle_4739/cattle_4739_DSCF0363.jpg,315,234,363,83c68b7fe6babe68939cf64195a3c5af7f917442,d8e0f0704c8ea6ce,train
cattle_4739,cattle_4739_DSCF0364.jpg,BeefCattle_Muzzle_Individualized/cattle_4739/cattle_4739_DSCF0364.jpg,331,239,364,32ed9a959baccb3f1ffe827f2513a0c009731e74,e8d0f071698ea6cc,train
cattle_4739,cattle_4739_DSCF0365.jpg,BeefCattle_Muzzle_Individualized/cattle_4739/cattle_4739_DSCF0365.jpg,331,234,365,4112aeafd2abf06d4aa47505223fabdc6dccd692,c8e0f071698ea6c4,train
cattle_4739,cattle_4739_DSCF0366.jpg,BeefCattle_Muzzle_Individualized/cattle_4739/cattle_4739_DSCF0366.jpg,331,234,366,23706d87c347f52ed91a0646a711424cd3041a70,d8e0f0716c8ee6cc,train
cattle_4739,cattle_4739_DSCF0367.jpg,BeefCattle_Muzzle_Individualized/cattle_4739/cattle_4739_DSCF0367.jpg,346,234,367,2a096b003aa44a9908a6f79b3432bf6d4f55651b,e8f07071698ee6c4,train
cattle_4739,cattle_4739_DSCF0368.jpg,BeefCattle_Muzzle_Individualized/cattle_4739/cattle_4739_DSCF0368.jpg,336,250,368,ed0ab0ae7f0d7ec67c2844b4cc1e75164ae0a90c,e8f070706c8ee6cc,train
cattle_4739,cattle_4739_DSCF0369.jpg,BeefCattle_Muzzle_Individualized/cattle_4739/cattle_4739_DSCF0369.jpg,326,244,369,23d66ffb56c3b2a4e4089db5065f3811aa1cab99,e8d0f070688ea6c4,train
cattle_4739,cattle_4739_DSCF0370.jpg,BeefCattle_Muzzle_Individualized/cattle_4739/cattle_4739_DSCF0370.jpg,320,270,370,230323a217274726aef7234dc9d97ed857578fc8,e8d0f0710c8ee6cc,train
cattle_4739,cattle_4739_DSCF0372.jpg,BeefCattle_Muzzle_Individualized/cattle_4739/cattle_4739_DSCF0372.jpg,341,255,372,850eefbaa501ab953335d7dd275fcbb97c9651d2,c8d0f071498ee4cc,train
cattle_4739,cattle_4739_DSCF0373.jpg,BeefCattle_Muzzle_Individualized/cattle_4739/cattle_4739_DSCF0373.jpg,341,255,373,9c8117497e1039cc0fe265eaa66b6733e7d120d4,c8e0f0718c8ee4cc,train
cattle_4739,cattle_4739_DSCF0374.jpg,BeefCattle_Muzzle_Individualized/cattle_4739/cattle_4739_DSCF0374.jpg,336,270,374,030d7bb942c0c4dc8cfd42e4a33aeb0dfba351be,e8d0f0718c8ec4cc,train
cattle_4739,cattle_4739_DSCF0377.jpg,BeefCattle_Muzzle_Individualized/cattle_4739/cattle_4739_DSCF0377.jpg,315,260,377,16fda4e31ec2b4157e4a61971e4aa310fc80b49e,d8e070708e86c6cc,train
cattle_4739,cattle_4739_DSCF0380.jpg,BeefCattle_Muzzle_Individualized/cattle_4739/cattle_4739_DSCF0380.jpg,372,291,380,014ca99b31de8b6d8d66fda5db6ff38a3877f865,c0e8f0718c8ccccc,train
cattle_4739,cattle_4739_DSCF0381.jpg,BeefCattle_Muzzle_Individualized/cattle_4739/cattle_4739_DSCF0381.jpg,362,286,381,4159fb85df97b5586c4f03fbd6e554b5883031ae,e8e0f070c88ec4cc,train
cattle_4739,cattle_4739_DSCF0382.jpg,BeefCattle_Muzzle_Individualized/cattle_4739/cattle_4739_DSCF0382.jpg,372,296,382,25a5ccd21780c6515e1d35e53d16af7835d6e40b,e8c0f071488ecccc,train
cattle_4739,cattle_4739_DSCF0383.jpg,BeefCattle_Muzzle_Individualized/cattle_4739/cattle_4739_DSCF0383.jpg,372,301,383,886ef47b2214e191487e02565a02946f29e38738,c8c0f0f1488ccccc,train
cattle_4739,cattle_4739_DSCF0387.jpg,BeefCattle_Muzzle_Individualized/cattle_4739/cattle_4739_DSCF0387.jpg,382,291,387,a698db9ed7321dea6e8ee4de14199349aab0eaf6,e8e0f071c88ccccc,train
cattle_4748,cattle_4748_DSCF1497.jpg,BeefCattle_Muzzle_Individualized/cattle_4748/cattle_4748_DSCF1497.jpg,604,425,1497,dea1ea67a08469cef615015c05bad488cad1676c,cee8616135b6b6c6,train
cattle_4748,cattle_4748_DSCF1498.jpg,BeefCattle_Muzzle_Individualized/cattle_4748/cattle_4748_DSCF1498.jpg,614,430,1498,56b5d254220acf2e668b08cba7b62325467ccc14,cee861692d26368c,train
cattle_4748,cattle_4748_DSCF1499.jpg,BeefCattle_Muzzle_Individualized/cattle_4748/cattle_4748_DSCF1499.jpg,604,425,1499,d59e869f69c903e803003890239c9bd021aadaad,cecce169252636e6,train
cattle_4748,cattle_4748_DSCF1500.jpg,BeefCattle_Muzzle_Individualized/cattle_4748/cattle_4748_DSCF1500.jpg,594,425,1500,0423e07329adeece334a45efcc17008b9a11d85e,8ecce169252626a6,train
cattle_4748,cattle_4748_DSCF1501.jpg,BeefCattle_Muzzle_Individualized/cattle_4748/cattle_4748_DSCF1501.jpg,609,430,1501,d2306959d4165f3b26e253297d70760f8a63a199,efcce06135b6b6d6,train
cattle_4748,cattle_4748_DSCF1502.jpg,BeefCattle_Muzzle_Individualized/cattle_4748/cattle_4748_DSCF1502.jpg,609,435,1502,e49adc42b18d25ad8bd18d7be6387cb047b8b8b9,efcce069652636a6,train
cattle_4748,cattle_4748_DSCF1504.jpg,BeefCattle_Muzzle_Individualized/cattle_4748/cattle_4748_DSCF1504.jpg,589,420,1504,5d9db6736aebab64985c089374dec4d4844d4380,8ecce1696d2e26a6,train
cattle_4748,cattle_4748_DSCF1508.jpg,BeefCattle_Muzzle_Individualized/cattle_4748/cattle_4748_DSCF1508.jpg,578,425,1508,128a65ec83db0b1a194b25531998b90f52efacbc,8fcce069252636a6,train
cattle_4748,cattle_4748_DSCF1509.jpg,BeefCattle_Muzzle_Individualized/cattle_4748/cattle_4748_DSCF1509.jpg,609,445,1509,4ab156d7f9a88cdd90463d0c8c5125b079eddb14,efcce0692526b6c6,train
cattle_4770,cattle_4770_DSCF6725.jpg,BeefCattle_Muzzle_Individualized/cattle_4770/cattle_4770_DSCF6725.jpg,350,294,6725,aa6117155f53d4166b4281d3f45efcce4210d030,8cc8c06068898d8c,dev
cattle_4770,cattle_4770_DSCF6726.jpg,BeefCattle_Muzzle_Individualized/cattle_4770/cattle_4770_DSCF6726.jpg,344,254,6726,ed64f7a130e7ee17c82d97da32a281431523f2d5,98c8c861718b8f86,dev
cattle_4770,cattle_4770_DSCF6727.jpg,BeefCattle_Muzzle_Individualized/cattle_4770/cattle_4770_DSCF6727.jpg,378,265,6727,9b31197b05320a8bf5bcd5f50076b9a9eee877b0,d1c1c173128a8e0f,dev
cattle_4770,cattle_4770_DSCF6728.jpg,BeefCattle_Muzzle_Individualized/cattle_4770/cattle_4770_DSCF6728.jpg,378,277,6728,62c844be2ca85e4cd3d00b8c2a44e2ead9a1935a,c8c8c16109898e05,dev
cattle_4770,cattle_4770_DSCF6729.jpg,BeefCattle_Muzzle_Individualized/cattle_4770/cattle_4770_DSCF6729.jpg,372,311,6729,0e660e82b4de4fb8b03836725862d768d34bdb9d,cce8e06129c58607,dev
cattle_4770,cattle_4770_DSCF6730.jpg,BeefCattle_Muzzle_Individualized/cattle_4770/cattle_4770_DSCF6730.jpg,367,254,6730,b340c88b4775c70dd5241a16f982334767ee0d3d,c8c8e06129898586,dev
cattle_4770,cattle_4770_DSCF6731.jpg,BeefCattle_Muzzle_Individualized/cattle_4770/cattle_4770_DSCF6731.jpg,390,288,6731,cdffb6036288f11ea3a2df7f4aa44559a3e6ca61,88c9c961298b8e84,dev
cattle_4770,cattle_4770_DSCF6732.jpg,BeefCattle_Muzzle_Individualized/cattle_4770/cattle_4770_DSCF6732.jpg,350,294,6732,816dde59fb5768e8c660754d3365774dc89f99b5,ccc4c06028c08484,dev
cattle_4770,cattle_4770_DSCF6782.jpg,BeefCattle_Muzzle_Individualized/cattle_4770/cattle_4770_DSCF6782.jpg,315,225,6782,cfc736fff66c754df3020e01ff24c4e7cd4302cd,c888c0c0c0848684,dev
cattle_4770,cattle_4770_DSCF6783.jpg,BeefCattle_Muzzle_Individualized/cattle_4770/cattle_4770_DSCF6783.jpg,310,214,6783,5f180ec8da4161da11db6889587e3d914b1cfc2a,8880c0c0848484c7,dev
cattle_4770,cattle_4770_DSCF6784.jpg,BeefCattle_Muzzle_Individualized/cattle_4770/cattle_4770_DSCF6784.jpg,390,288,6784,b5b2263d8be04bffc5a9a7c09c5a238b68b57c6a,c888c0c8c0869684,dev
cattle_4775,cattle_4775_DSCF6735.jpg,BeefCattle_Muzzle_Individualized/cattle_4775/cattle_4775_DSCF6735.jpg,270,231,6735,31df4eaefd2ee33fadd7fb985e585dd2cc70b839,60e9e97333272707,train
cattle_4775,cattle_4775_DSCF6736.jpg,BeefCattle_Muzzle_Individualized/cattle_4775/cattle_4775_DSCF6736.jpg,287,208,6736,3dbcc19fbecf923a404f0b72d2486a54c4ec0e63,a4e9797333371717,train
cattle_4775,cattle_4775_DSCF6737.jpg,BeefCattle_Muzzle_Individualized/cattle_4775/cattle_4775_DSCF6737.jpg,372,311,6737,82ef23beb292f65b29618be85437753ee840d8d9,e0e0717133131303,train
cattle_4775,cattle_4775_DSCF6738.jpg,BeefCattle_Muzzle_Individualized/cattle_4775/cattle_4775_DSCF6738.jpg,367,288,6738,3df564761556ce0b4575d2d6d3b96b99e96e806d,e0e9617333031317,train
cattle_4775,cattle_4775_DSCF6739.jpg,BeefCattle_Muzzle_Individualized/cattle_4775/cattle_4775_DSCF6739.jpg,395,305,6739,7d914f0a2735cfb6a91761fa3057ed9924a1733c,e069713333031303,train
cattle_4775,cattle_4775_DSCF6741.jpg,BeefCattle_Muzzle_Individualized/cattle_4775/cattle_4775_DSCF6741.jpg,361,271,6741,f489394931e5c1ae02ca466afc198c2806cda3d4,f0ec707133131313,train
cattle_4775,cattle_4775_DSCF6742.jpg,BeefCattle_Muzzle_Individualized/cattle_4775/cattle_4775_DSCF6742.jpg,372,282,6742,fc5029ecc13462ebcb47cefdba14b6d7848516ac,f0e8713133031313,train
cattle_4775,cattle_4775_DSCF6743.jpg,BeefCattle_Muzzle_Individualized/cattle_4775/cattle_4775_DSCF6743.jpg,372,300,6743,79e45ac2e219e1bb4edbd1780c26291fd5f2792a,e0e8613333071707,train
cattle_4775,cattle_4775_DSCF6744.jpg,BeefCattle_Muzzle_Individualized/cattle_4775/cattle_4775_DSCF6744.jpg,372,311,6744,aee5c7b9f3ff8f97407d6cdace43fb3a7c9ab7f7,f171713b13133323,train
cattle_4775,cattle_4775_DSCF6745.jpg,BeefCattle_Muzzle_Individualized/cattle_4775/cattle_4775_DSCF6745.jpg,372,322,6745,9f7dd636803884ce904d52d77f05d5dca5e36c12,e0e161230f0f1f07,train
cattle_4775,cattle_4775_DSCF6746.jpg,BeefCattle_Muzzle_Individualized/cattle_4775/cattle_4775_DSCF6746.jpg,355,300,6746,b11102aff00c30e96301cd8154f58700a7a4110e,e0e061631f1f1f1f,train
cattle_4775,cattle_4775_DSCF6747.jpg,BeefCattle_Muzzle_Individualized/cattle_4775/cattle_4775_DSCF6747.jpg,361,311,6747,d8af2cf9c8db121bd898a1d5ebecd616ca3b6f92,861c39393b775313,train
cattle_4775,cattle_4775_DSCF6748.jpg,BeefCattle_Muzzle_Individualized/cattle_4775/cattle_4775_DSCF6748.jpg,350,305,6748,1d188a8722e017b64078514689b2d5decbec8642,f0f0713b1b0b1307,train
cattle_4775,cattle_4775_DSCF6749.jpg,BeefCattle_Muzzle_Individualized/cattle_4775/cattle_4775_DSCF6749.jpg,355,260,6749,7832d8943aa7532fa869cfb8fcab893cdc9f9935,f1e1733323232323,train
cattle_4776,cattle_4776_DSCF0586.jpg,BeefCattle_Muzzle_Individualized/cattle_4776/cattle_4776_DSCF0586.jpg,310,250,586,5425ed2239142694b452af5fc7ce17141625a9df,8fcee4719196f6f1,train
cattle_4776,cattle_4776_DSCF0587.jpg,BeefCattle_Muzzle_Individualized/cattle_4776/cattle_4776_DSCF0587.jpg,290,255,587,e51e8024d81da215adcc6b28e82a25abe577fb4b,8fc7f4719596f6f5,train
cattle_4776,cattle_4776_DSCF0588.jpg,BeefCattle_Muzzle_Individualized/cattle_4776/cattle_4776_DSCF0588.jpg,287,243,588,ded95c13730c691d043b8c7a860c6265529a3f96,8fcef0719696f0f0,train
cattle_4776,cattle_4776_DSCF0589.jpg,BeefCattle_Muzzle_Individualized/cattle_4776/cattle_4776_DSCF0589.jpg,274,238,589,6192cd2e0a837019913d09ce09764aaabea45655,0f8ef070fb9392f0,train
cattle_4776,cattle_4776_DSCF0590.jpg,BeefCattle_Muzzle_Individualized/cattle_4776/cattle_4776_DSCF0590.jpg,277,248,590,80adab149fc2235b3ac439bb63256b230e415cb8,0f86f0707393d2f8,train
cattle_4776,cattle_4776_DSCF0591.jpg,BeefCattle_Muzzle_Individualized/cattle_4776/cattle_4776_DSCF0591.jpg,279,237,591,b0ed74fc3e20ace995bc4605ce0ebb99062efcdf,8fc6f0716b93d2f0,train
cattle_4776,cattle_4776_DSCF0592.jpg,BeefCattle_Muzzle_Individualized/cattle_4776/cattle_4776_DSCF0592.jpg,284,248,592,254b97bf8f7cf58e17b0176670af1485b66159c0,0f86f0707bcbd8f0,train
cattle_4776,cattle_4776_DSCF0594.jpg,BeefCattle_Muzzle_Individualized/cattle_4776/cattle_4776_DSCF0594.jpg,277,255,594,d3d2cd9d9da0d78ceee2dd2620fc218a001f7014,4f0ee471719392f0,train
cattle_4776,cattle_4776_DSCF0595.jpg,BeefCattle_Muzzle_Individualized/cattle_4776/cattle_4776_DSCF0595.jpg,292,249,595,baa43309ce73040f5307b6079258f72010cfcfe0,8fc6f071df96f2f0,train
cattle_4776,cattle_4776_DSCF0596.jpg,BeefCattle_Muzzle_Individualized/cattle_4776/cattle_4776_DSCF0596.jpg,290,244,596,d8ff4bf9a2d34018531cd2b786ef85c804ba8b13,8fcfe4709196a6f5,train
cattle_4776,cattle_4776_DSCF0597.jpg,BeefCattle_Muzzle_Individualized/cattle_4776/cattle_4776_DSCF0597.jpg,280,246,597,63231686507998784282dcb05699d668b8a0289a,0fc6f071db93f2fc,train
cattle_4776,cattle_4776_DSCF0598.jpg,BeefCattle_Muzzle_Individualized/cattle_4776/cattle_4776_DSCF0598.jpg,278,237,598,6de1ed94e001f2f24335165f8e1cd946e2249160,0f8ef0707383d2f0,train
cattle_4776,cattle_4776_DSCF0600.jpg,BeefCattle_Muzzle_Individualized/cattle_4776/cattle_4776_DSCF0600.jpg,287,232,600,5987442eb60032f20dc6b8b6b050e8b752ae1320,8ec4f0716b83d2f0,train
cattle_4776,cattle_4776_DSCF0601.jpg,BeefCattle_Muzzle_Individualized/cattle_4776/cattle_4776_DSCF0601.jpg,278,235,601,db43feb0290d1016a396e36fe13a25f7f359c772,8fc6f0719793f2f0,train
cattle_4776,cattle_4776_DSCF0602.jpg,BeefCattle_Muzzle_Individualized/cattle_4776/cattle_4776_DSCF0602.jpg,286,242,602,ecaec47aa8f272d936584a02456d2b7866f83144,8fc6f0705793f2f0,train
cattle_4776,cattle_4776_DSCF0603.jpg,BeefCattle_Muzzle_Individualized/cattle_4776/cattle_4776_DSCF0603.jpg,282,246,603,9f6b3bbe579513c1eebbe99bbf76efed5830a0a0,0f8ee4717193d2f0,train
cattle_4776,cattle_4776_DSCF0604.jpg,BeefCattle_Muzzle_Individualized/cattle_4776/cattle_4776_DSCF0604.jpg,287,251,604,fa155b0aa51806f08207175551fbf9e8d5d8d5dd,0f86f0707b8bd2f4,train
cattle_4776,cattle_4776_DSCF0606.jpg,BeefCattle_Muzzle_Individualized/cattle_4776/cattle_4776_DSCF0606.jpg,278,244,606,ce8bba540cccaea7d50600c064518806db67d810,4f86e0707bcbdaf8,train
cattle_4776,cattle_4776_DSCF0607.jpg,BeefCattle_Muzzle_Individualized/cattle_4776/cattle_4776_DSCF0607.jpg,277,245,607,4e981bea59f6910bc8f4eac097f249e25aa82566,0f8ef0707b8bdaf8,train
cattle_4776,cattle_4776_DSCF0608.jpg,BeefCattle_Muzzle_Individualized/cattle_4776/cattle_4776_DSCF0608.jpg,279,241,608,566c462cc7f363a8dcc0797049d83510edad39de,8fc6f0707bc3d8f8,train
cattle_4776,cattle_4776_DSCF0609.jpg,BeefCattle_Muzzle_Individualized/cattle_4776/cattle_4776_DSCF0609.jpg,279,224,609,9d523a96a2d174b2376b50a00aa4499fb6f48f42,8fe6f0719596b6f0,train
cattle_4776,cattle_4776_DSCF0610.jpg,BeefCattle_Muzzle_Individualized/cattle_4776/cattle_4776_DSCF0610.jpg,269,224,610,3f4c38bfa1e317b17abbd581ad24fbc20f540e22,87c7f4709496b6f0,train
cattle_4804,cattle_4804_DSCF0748.jpg,BeefCattle_Muzzle_Individualized/cattle_4804/cattle_4804_DSCF0748.jpg,681,513,748,d27740b81c7ad1473a3053d9750779fbfd9d860f,efcee0717b9ec4ed,dev
cattle_4804,cattle_4804_DSCF0749.jpg,BeefCattle_Muzzle_Individualized/cattle_4804/cattle_4804_DSCF0749.jpg,661,492,749,33a9b8db61cca1ca2d7dc3ee18c60b94277f26f3,8bcce0f1769e8cc9,dev
cattle_4804,cattle_4804_DSCF0750.jpg,BeefCattle_Muzzle_Individualized/cattle_4804/cattle_4804_DSCF0750.jpg,676,538,750,5b11c8cc0298f23df5472b8d821906c2d0b9a439,ce8ee8f1779e84cd,dev
cattle_4804,cattle_4804_DSCF0751.jpg,BeefCattle_Muzzle_Individualized/cattle_4804/cattle_4804_DSCF0751.jpg,661,569,751,8fb1cf4fb1f488080e45b808a3b8c9ef4d6ceb17,ce8eccf0731e8cc9,dev
cattle_4804,cattle_4804_DSCF0752.jpg,BeefCattle_Muzzle_Individualized/cattle_4804/cattle_4804_DSCF0752.jpg,687,507,752,2acc75d15cd2fe93d86da7efffdede04994f0d65,cfcee0717e9ec4ed,dev
cattle_4804,cattle_4804_DSCF0753.jpg,BeefCattle_Muzzle_Individualized/cattle_4804/cattle_4804_DSCF0753.jpg,702,487,753,e5b7dedb08c2d24e20e66602d13de569f119044d,cfec70793a8ec4ed,dev
cattle_4804,cattle_4804_DSCF0757.jpg,BeefCattle_Muzzle_Individualized/cattle_4804/cattle_4804_DSCF0757.jpg,697,492,757,43896542acddec439274c329a07cdfe9c0f8c0b3,8fec70793e8ec4cd,dev
cattle_4804,cattle_4804_DSCF0758.jpg,BeefCattle_Muzzle_Individualized/cattle_4804/cattle_4804_DSCF0758.jpg,671,471,758,5c8e4fc3220edee8562c9588ad875ac9e9001cf6,8fcee0797b9ec4e8,dev
cattle_4804,cattle_4804_DSCF0759.jpg,BeefCattle_Muzzle_Individualized/cattle_4804/cattle_4804_DSCF0759.jpg,650,487,759,b6d4c4450b77ae82c33ebd0bb0065d9e324ea251,8fcef0f17e9e8cc8,dev
cattle_4804,cattle_4804_DSCF0761.jpg,BeefCattle_Muzzle_Individualized/cattle_4804/cattle_4804_DSCF0761.jpg,640,476,761,768559f605b3ade925f0360c0986b4e447fbd480,8fcce0f17e9e84c8,dev
cattle_4804,cattle_4804_DSCF0762.jpg,BeefCattle_Muzzle_Individualized/cattle_4804/cattle_4804_DSCF0762.jpg,656,518,762,e3b2b0d901301c61f117130fd2c6a042216a3f63,efcee0f17e9e84cd,dev
cattle_4819,cattle_4819_DSCF9439.jpg,BeefCattle_Muzzle_Individualized/cattle_4819/cattle_4819_DSCF9439.jpg,544,397,9439,946772f30cbd2cafb00b4b242ed7b36271e179c0,0ecce8f0909694ac,train
cattle_4819,cattle_4819_DSCF9441.jpg,BeefCattle_Muzzle_Individualized/cattle_4819/cattle_4819_DSCF9441.jpg,561,397,9441,0549735a7844ec542cedcc35a5a3c6853aa63d9d,8ecce8f1909694ec,train
cattle_4819,cattle_4819_DSCF9442.jpg,BeefCattle_Muzzle_Individualized/cattle_4819/cattle_4819_DSCF9442.jpg,538,385,9442,9f7ec62e22c7ce5a25e2104acd9f8acd03a49754,0fcee8f0d09686b4,train
cattle_4819,cattle_4819_DSCF9444.jpg,BeefCattle_Muzzle_Individualized/cattle_4819/cattle_4819_DSCF9444.jpg,555,391,9444,ed9fde76ffb9ec2554257cf9756b4308cb5d603e,8ecce8f0909686fc,train
cattle_4819,cattle_4819_DSCF9445.jpg,BeefCattle_Muzzle_Individualized/cattle_4819/cattle_4819_DSCF9445.jpg,538,408,9445,bac0d5f0b283b7c7a6ad784185bb4714dcaedd21,0f8ee8f8f096869c,train
cattle_4819,cattle_4819_DSCF9446.jpg,BeefCattle_Muzzle_Individualized/cattle_4819/cattle_4819_DSCF9446.jpg,538,380,9446,441c688aa1a0cdbb1c861434dc78519bad645cf0,8fcee8f8d0968694,train
cattle_4819,cattle_4819_DSCF9447.jpg,BeefCattle_Muzzle_Individualized/cattle_4819/cattle_4819_DSCF9447.jpg,527,385,9447,674db14e68024ea6059e3167bffd0f4fba35acfb,0ecce8f0b0968cb4,train
cattle_4819,cattle_4819_DSCF9448.jpg,BeefCattle_Muzzle_Individualized/cattle_4819/cattle_4819_DSCF9448.jpg,538,397,9448,e31a6012e0a4c1eb103a93bd626c0ac6957a03c9,0fcee8f8909696ac,train
cattle_4819,cattle_4819_DSCF9451.jpg,BeefCattle_Muzzle_Individualized/cattle_4819/cattle_4819_DSCF9451.jpg,555,402,9451,7c3ac9a5115be315ab7853bd5e90c86a975f1467,8ecee8f8d09696ec,train
cattle_4819,cattle_4819_DSCF9452.jpg,BeefCattle_Muzzle_Individualized/cattle_4819/cattle_4819_DSCF9452.jpg,538,402,9452,0ad0e11d3924d6df82f79f506b215593e706db40,0bcee8f8f09686b4,train
cattle_4819,cattle_4819_DSCF9455.jpg,BeefCattle_Muzzle_Individualized/cattle_4819/cattle_4819_DSCF9455.jpg,544,385,9455,048e0565b8cf8274a3306e84abe9aac3f640a67e,8ecce8f0909694b4,train
cattle_4820,cattle_4820_DSCF7847.jpg,BeefCattle_Muzzle_Individualized/cattle_4820/cattle_4820_DSCF7847.jpg,264,202,7847,9e4f83c0f4f783d790d097efc6760b2c32b27955,0ecce061478ecce0,train
cattle_4820,cattle_4820_DSCF7848.jpg,BeefCattle_Muzzle_Individualized/cattle_4820/cattle_4820_DSCF7848.jpg,264,214,7848,eba12b1a1cfe41effa558b552713fcc93ccc4cbb,4f8cc061438e8cf0,train
cattle_4820,cattle_4820_DSCF7849.jpg,BeefCattle_Muzzle_Individualized/cattle_4820/cattle_4820_DSCF7849.jpg,275,191,7849,15137faeafe50bea02ef6d87935299a4cf17ccaf,8ecce161468e8cf0,train
cattle_4820,cattle_4820_DSCF7850.jpg,BeefCattle_Muzzle_Individualized/cattle_4820/cattle_4820_DSCF7850.jpg,281,220,7850,1feab3c98a213ee4330e3cad9bee0a10f9142c40,6e8ce1614e8ed8e0,train
cattle_4820,cattle_4820_DSCF7851.jpg,BeefCattle_Muzzle_Individualized/cattle_4820/cattle_4820_DSCF7851.jpg,270,202,7851,0c695739618d16d11b3a1d5560715f690735aa9a,ee8ce061638ecef0,train
cattle_4820,cattle_4820_DSCF7853.jpg,BeefCattle_Muzzle_Individualized/cattle_4820/cattle_4820_DSCF7853.jpg,270,202,7853,7b6aed95d51948f0c0272cec685798ab6e4bd1d9,6e8cc061668e8cf0,train
cattle_4820,cattle_4820_DSCF7854.jpg,BeefCattle_Muzzle_Individualized/cattle_4820/cattle_4820_DSCF7854.jpg,270,202,7854,ec9424e0f6b7cb892c6a2ce22bce39170631a2e0,2e8ce061468e88e0,train
cattle_4820,cattle_4820_DSCF7857.jpg,BeefCattle_Muzzle_Individualized/cattle_4820/cattle_4820_DSCF7857.jpg,281,208,7857,97dcdde0ec5999c6a92a7796e3fdadc19e267c13,8e8ce161468edce0,train
cattle_4820,cattle_4820_DSCF7859.jpg,BeefCattle_Muzzle_Individualized/cattle_4820/cattle_4820_DSCF7859.jpg,275,214,7859,19563a96c4e6a2893ab86f053fbd4e726996f19b,ee8ce061468ed860,train
cattle_4820,cattle_4820_DSCF8165.jpg,BeefCattle_Muzzle_Individualized/cattle_4820/cattle_4820_DSCF8165.jpg,390,254,8165,f92508c49cba50304defcbb701f2997f229d8e59,98d8e07018808c58,train
cattle_4820,cattle_4820_DSCF8166.jpg,BeefCattle_Muzzle_Individualized/cattle_4820/cattle_4820_DSCF8166.jpg,395,288,8166,322d915fe880fa1fa503e5a2abf90ceb7a5accf4,98d8e07018884840,train
cattle_4820,cattle_4820_DSCF8167.jpg,BeefCattle_Muzzle_Individualized/cattle_4820/cattle_4820_DSCF8167.jpg,372,271,8167,02e3f63040e8e197db91998c20151b1d321ea34e,18d8e0701888c8f0,train
cattle_4820,cattle_4820_DSCF8169.jpg,BeefCattle_Muzzle_Individualized/cattle_4820/cattle_4820_DSCF8169.jpg,384,294,8169,793ab1ee1eb4c8401675b8b8424af2a9ecf6a8bd,8898f07808844c70,train
cattle_4820,cattle_4820_DSCF8170.jpg,BeefCattle_Muzzle_Individualized/cattle_4820/cattle_4820_DSCF8170.jpg,384,294,8170,61e1c10e4b0e307511c74cd82e03ab9ed170954e,8898f870088c4860,train
cattle_4820,cattle_4820_DSCF8171.jpg,BeefCattle_Muzzle_Individualized/cattle_4820/cattle_4820_DSCF8171.jpg,378,288,8171,8e93c8763cdf7080d7ec684b6f5ed829d0f91849,88d8f07808844860,train
cattle_4820,cattle_4820_DSCF8173.jpg,BeefCattle_Muzzle_Individualized/cattle_4820/cattle_4820_DSCF8173.jpg,378,282,8173,7a79167f2535caf366f52c2001ad01e9c9d9aff4,88d8707808844070,train
cattle_4820,cattle_4820_DSCF8174.jpg,BeefCattle_Muzzle_Individualized/cattle_4820/cattle_4820_DSCF8174.jpg,361,282,8174,a671ce52efdeeca2681aba6c787a59f29e780e55,08d8e07018804070,train
cattle_4820,cattle_4820_DSCF8175.jpg,BeefCattle_Muzzle_Individualized/cattle_4820/cattle_4820_DSCF8175.jpg,401,300,8175,89651287735d6d092938c4ba5f1fe4e623c989ef,88d8707008846860,train
cattle_4820,cattle_4820_DSCF8176.jpg,BeefCattle_Muzzle_Individualized/cattle_4820/cattle_4820_DSCF8176.jpg,367,271,8176,4d8dea62d7387c8e174de3ed0334f40e0f0edc2c,98d8e07808844070,train
cattle_4820,cattle_4820_DSCF8178.jpg,BeefCattle_Muzzle_Individualized/cattle_4820/cattle_4820_DSCF8178.jpg,390,254,8178,ae8f0b80ee175de5c3794051e36d8f1b04cc3944,98d8e07008800078,train
cattle_4820,cattle_4820_DSCF8179.jpg,BeefCattle_Muzzle_Individualized/cattle_4820/cattle_4820_DSCF8179.jpg,367,288,8179,e52df3b6d9fa080300fe1093bb254534ebc7d3c5,1890e07010880060,train
cattle_4820,cattle_4820_DSCF8180.jpg,BeefCattle_Muzzle_Individualized/cattle_4820/cattle_4820_DSCF8180.jpg,390,288,8180,b7a05a7833ab9266fd50c9d2260714fa4c3395d8,88d8607008804860,train
cattle_4820,cattle_4820_DSCF8181.jpg,BeefCattle_Muzzle_Individualized/cattle_4820/cattle_4820_DSCF8181.jpg,372,294,8181,46901ae0a032696bf2584ef7e92afc643e264d5f,18d0e071108050e0,train
cattle_4820,cattle_4820_DSCF8182.jpg,BeefCattle_Muzzle_Individualized/cattle_4820/cattle_4820_DSCF8182.jpg,367,282,8182,736edb509c02063752e08af301f57c4187da7c68,88d0e07010800470,train
cattle_4820,cattle_4820_DSCF8183.jpg,BeefCattle_Muzzle_Individualized/cattle_4820/cattle_4820_DSCF8183.jpg,378,294,8183,be7855f738c89d0fdc6174132dbfe1f1962e0dd5,8890c06110800870,train
cattle_4820,cattle_4820_DSCF8184.jpg,BeefCattle_Muzzle_Individualized/cattle_4820/cattle_4820_DSCF8184.jpg,355,282,8184,71167a1ac2140550f385625fdfea3c0e22c59f79,8880c05110800878,train
cattle_4820,cattle_4820_DSCF8188.jpg,BeefCattle_Muzzle_Individualized/cattle_4820/cattle_4820_DSCF8188.jpg,395,300,8188,04bf1fbe40c7ac878be069156e67a43a61197734,88d8f07018804860,train
cattle_4820,cattle_4820_DSCF8190.jpg,BeefCattle_Muzzle_Individualized/cattle_4820/cattle_4820_DSCF8190.jpg,372,282,8190,9e27a49b53507de95416482af8d6a439dc7de34d,98d8f07810845842,train
cattle_4833,cattle_4833_DSCF9575.jpg,BeefCattle_Muzzle_Individualized/cattle_4833/cattle_4833_DSCF9575.jpg,470,357,9575,02f187a18d6586202d429cf853e18506c3cbca9f,8ecce0716786e6c4,train
cattle_4833,cattle_4833_DSCF9577.jpg,BeefCattle_Muzzle_Individualized/cattle_4833/cattle_4833_DSCF9577.jpg,470,351,9577,7264424536e78d50f597341fbcad15b3776938ca,8eece0712786e6e4,train
cattle_4833,cattle_4833_DSCF9578.jpg,BeefCattle_Muzzle_Individualized/cattle_4833/cattle_4833_DSCF9578.jpg,498,362,9578,4cca94c00a6a2453d0f2a9ea264d4664c01ade05,8ecce1712686e6c4,train
cattle_4833,cattle_4833_DSCF9579.jpg,BeefCattle_Muzzle_Individualized/cattle_4833/cattle_4833_DSCF9579.jpg,498,362,9579,ee3dcb974d9a4185162ca2913e9ed604e0143aad,8eec61712686e4cc,train
cattle_4833,cattle_4833_DSCF9581.jpg,BeefCattle_Muzzle_Individualized/cattle_4833/cattle_4833_DSCF9581.jpg,504,362,9581,6bb0474418f08a050b42fbeea9810b32a141ced8,8ecc61713786e6e4,train
cattle_4833,cattle_4833_DSCF9583.jpg,BeefCattle_Muzzle_Individualized/cattle_4833/cattle_4833_DSCF9583.jpg,453,345,9583,4aaf73a3bd9674fc5301ecff59503eff2192510e,8ecce9717726a6c4,train
cattle_4833,cattle_4833_DSCF9584.jpg,BeefCattle_Muzzle_Individualized/cattle_4833/cattle_4833_DSCF9584.jpg,464,351,9584,d4fc52b767a71fe4010e8fe9348e690eb3bdc75b,8eecf0713786e6dc,train
cattle_4833,cattle_4833_DSCF9585.jpg,BeefCattle_Muzzle_Individualized/cattle_4833/cattle_4833_DSCF9585.jpg,458,362,9585,270103686b94ca0279c62238c4026e772c62db8e,8eecf17116068489,train
cattle_4833,cattle_4833_DSCF9586.jpg,BeefCattle_Muzzle_Individualized/cattle_4833/cattle_4833_DSCF9586.jpg,464,362,9586,7dd5c2c44958539815520b92791e46b73fa1b974,8fcce8713606c48d,train
cattle_4833,cattle_4833_DSCF9590.jpg,BeefCattle_Muzzle_Individualized/cattle_4833/cattle_4833_DSCF9590.jpg,464,368,9590,d6a089727806a797c8ac0361bd064828178da29b,8fec70793786e6c4,train
cattle_4833,cattle_4833_DSCF9591.jpg,BeefCattle_Muzzle_Individualized/cattle_4833/cattle_4833_DSCF9591.jpg,470,357,9591,141482e470bc58ba0f5d747c396ff05fd594fff8,cfe47839f3c3e6e4,train
cattle_4833,cattle_4833_DSCF9592.jpg,BeefCattle_Muzzle_Individualized/cattle_4833/cattle_4833_DSCF9592.jpg,441,374,9592,ef60fd6fb37986882d017bae212db047f772c839,cfe67c79d696e6cc,train
cattle_4833,cattle_4833_DSCF9593.jpg,BeefCattle_Muzzle_Individualized/cattle_4833/cattle_4833_DSCF9593.jpg,447,362,9593,79d9eef8fbf6052c24d463357c6efdb0707b2a7e,c7e67c78f2d2e6e5,train
cattle_4833,cattle_4833_DSCF9594.jpg,BeefCattle_Muzzle_Individualized/cattle_4833/cattle_4833_DSCF9594.jpg,658,500,9594,3718351c0eabd05580dd1d62280acd94cc7b0fb0,8ee8f971d786e4c4,train
cattle_4833,cattle_4833_DSCF9595.jpg,BeefCattle_Muzzle_Individualized/cattle_4833/cattle_4833_DSCF9595.jpg,635,471,9595,0c04eb1734c47125abb2bb5db02d869b4273b552,cce87971d786e4c4,train
cattle_4833,cattle_4833_DSCF9597.jpg,BeefCattle_Muzzle_Individualized/cattle_4833/cattle_4833_DSCF9597.jpg,607,465,9597,0c58d2c726f4d00b29845b703b278f0226af8952,8ec8e971f786e6c4,train
cattle_4833,cattle_4833_DSCF9598.jpg,BeefCattle_Muzzle_Individualized/cattle_4833/cattle_4833_DSCF9598.jpg,618,488,9598,a6ed4c285c712b32ac1873de4f9be568063e7fa3,8eecf870d786e6c4,train
cattle_4833,cattle_4833_DSCF9601.jpg,BeefCattle_Muzzle_Individualized/cattle_4833/cattle_4833_DSCF9601.jpg,664,500,9601,3022f2a56a3cf099b39920921aeae0c3c125ea51,8eecf971f786e4e4,train
cattle_4839,cattle_4839_DSCF7775.jpg,BeefCattle_Muzzle_Individualized/cattle_4839/cattle_4839_DSCF7775.jpg,224,175,7775,5c6a1c73272d6808658b1cbdd443dc34b993bdd0,dccce0f071a6b3bb,test
cattle_4839,cattle_4839_DSCF7777.jpg,BeefCattle_Muzzle_Individualized/cattle_4839/cattle_4839_DSCF7777.jpg,227,175,7777,071df49fc2d8094d6a545778b0e43b4591cbd05b,dcc8e0f1a5a633ba,test
cattle_4839,cattle_4839_DSCF7779.jpg,BeefCattle_Muzzle_Individualized/cattle_4839/cattle_4839_DSCF7779.jpg,226,189,7779,de2fa723b137b8f52d1b36fc25e82a784362a74a,dccce8f135a6332a,test
cattle_4839,cattle_4839_DSCF7780.jpg,BeefCattle_Muzzle_Individualized/cattle_4839/cattle_4839_DSCF7780.jpg,235,193,7780,2fbd892174e61f480b6e187496945c7b3da3e58f,dcccf8f171a6333f,test
cattle_4839,cattle_4839_DSCF7781.jpg,BeefCattle_Muzzle_Individualized/cattle_4839/cattle_4839_DSCF7781.jpg,228,172,7781,ae3445214dedf39be9ceddb30f9281a19168f0ba,dcccf8f171243733,test
cattle_4839,cattle_4839_DSCF7782.jpg,BeefCattle_Muzzle_Individualized/cattle_4839/cattle_4839_DSCF7782.jpg,235,186,7782,2bcf87f9749652012e8364d4a0b2cfa7ce7236e5,ccccf871b1a6b3ba,test
cattle_4839,cattle_4839_DSCF7783.jpg,BeefCattle_Muzzle_Individualized/cattle_4839/cattle_4839_DSCF7783.jpg,234,175,7783,27ba0682606cb9037326dab570a7f3ef5efd9c90,cccce0707196939b,test
cattle_4839,cattle_4839_DSCF7784.jpg,BeefCattle_Muzzle_Individualized/cattle_4839/cattle_4839_DSCF7784.jpg,235,178,7784,0b67ee20c6141d7cf321ddb1c2ddfca33ac938b1,cccce071f5969b9b,test
cattle_4839,cattle_4839_DSCF7786.jpg,BeefCattle_Muzzle_Individualized/cattle_4839/cattle_4839_DSCF7786.jpg,227,181,7786,c0a80e4a4caf503822832ff108ec8fe5386ec6fa,dccce0f171a6b39a,test
cattle_4839,cattle_4839_DSCF7787.jpg,BeefCattle_Muzzle_Individualized/cattle_4839/cattle_4839_DSCF7787.jpg,235,179,7787,e53595b554281531a1e355bb631cb121e281a4b1,ccccf871b5a6333e,test
cattle_4839,cattle_4839_DSCF7789.jpg,BeefCattle_Muzzle_Individualized/cattle_4839/cattle_4839_DSCF7789.jpg,239,173,7789,f9110f35952a4668824be5fa6c17b2402252d7e0,ccecf87195a6b3be,test
cattle_4839,cattle_4839_DSCF7790.jpg,BeefCattle_Muzzle_Individualized/cattle_4839/cattle_4839_DSCF7790.jpg,232,176,7790,da25639cc4a611518d71e57a8f512e914949ee16,dcccf8f13126373f,test
cattle_4839,cattle_4839_DSCF7791.jpg,BeefCattle_Muzzle_Individualized/cattle_4839/cattle_4839_DSCF7791.jpg,99,70,7791,51f86b7cb5f3aca5446e62d61b39cf62b842f5cb,c8c8e0f17586939a,test
cattle_4839,cattle_4839_DSCF7792.jpg,BeefCattle_Muzzle_Individualized/cattle_4839/cattle_4839_DSCF7792.jpg,97,72,7792,2c992a9e30d7ff3a42a1fcff235ad2c116d32e14,c8cce0f17596939b,test
cattle_4839,cattle_4839_DSCF7794.jpg,BeefCattle_Muzzle_Individualized/cattle_4839/cattle_4839_DSCF7794.jpg,93,74,7794,48a762d3afa1796514a2bfacb9f98bcb74405b2d,cccce0787093999d,test
cattle_4839,cattle_4839_DSCF7795.jpg,BeefCattle_Muzzle_Individualized/cattle_4839/cattle_4839_DSCF7795.jpg,98,72,7795,29a7951195fe66f7bdf1471ab7fabbc43c6fb3a2,ccece071d7979b9b,test
cattle_4839,cattle_4839_DSCF7816.jpg,BeefCattle_Muzzle_Individualized/cattle_4839/cattle_4839_DSCF7816.jpg,100,75,7816,c83a5019fcfceaa5597cd30a00a1edef4e9bc5cc,cccce071f796939a,test
cattle_4839,cattle_4839_DSCF7817.jpg,BeefCattle_Muzzle_Individualized/cattle_4839/cattle_4839_DSCF7817.jpg,100,75,7817,a0c553831700de9ec66cc6a4fb183add1e20c4b6,cccce0707397991b,test
cattle_4839,cattle_4839_DSCF7818.jpg,BeefCattle_Muzzle_Individualized/cattle_4839/cattle_4839_DSCF7818.jpg,98,74,7818,a5a9febed6c383ae52ef6d0d8fb4e657de3bedc3,cccc60702186131a,test
cattle_4840,cattle_4840_DSCF7775.jpg,BeefCattle_Muzzle_Individualized/cattle_4840/cattle_4840_DSCF7775.jpg,212,158,7775,dca6cffd27ea1686cb9872dc1929ff9b21b0284f,9888e0c9d989090b,train
cattle_4840,cattle_4840_DSCF7776.jpg,BeefCattle_Muzzle_Individualized/cattle_4840/cattle_4840_DSCF7776.jpg,218,151,7776,66a340f89f9b3123e7735392427bc72845624f53,9888c0e95389091b,train
cattle_4840,cattle_4840_DSCF7777.jpg,BeefCattle_Muzzle_Individualized/cattle_4840/cattle_4840_DSCF7777.jpg,224,162,7777,4843a7961cf73a074535c22b5a37c58646bc9e93,1088c1d1d3990b0f,train
cattle_4840,cattle_4840_DSCF7778.jpg,BeefCattle_Muzzle_Individualized/cattle_4840/cattle_4840_DSCF7778.jpg,218,174,7778,4dd10d3453db8200bec002d5c6e9ec131e06b170,1a88c0c1d389090b,train
cattle_4840,cattle_4840_DSCF7779.jpg,BeefCattle_Muzzle_Individualized/cattle_4840/cattle_4840_DSCF7779.jpg,224,174,7779,5db94012fd05e5d2752fbd62d921c0f6c231f074,0a88c8e95b090b0b,train
cattle_4840,cattle_4840_DSCF7780.jpg,BeefCattle_Muzzle_Individualized/cattle_4840/cattle_4840_DSCF7780.jpg,218,151,7780,c5a80c8ec56310a0305669c3489d30906d6207c0,90c8c1d1d3890b1b,train
cattle_4840,cattle_4840_DSCF7782.jpg,BeefCattle_Muzzle_Individualized/cattle_4840/cattle_4840_DSCF7782.jpg,212,151,7782,83ec3c9f11088355f4ea94dbda48bd9bf5bec5cd,1088c1d1d399091b,train
cattle_4840,cattle_4840_DSCF7783.jpg,BeefCattle_Muzzle_Individualized/cattle_4840/cattle_4840_DSCF7783.jpg,212,157,7783,079700041b98213c46a73ad57f09b31d0c8aedbb,1088c0d9d3890b0b,train
cattle_4840,cattle_4840_DSCF7784.jpg,BeefCattle_Muzzle_Individualized/cattle_4840/cattle_4840_DSCF7784.jpg,224,168,7784,1d9feb1d3be3e0fa9089d2122966c0964952f943,1888c0c153090b0b,train
cattle_4840,cattle_4840_DSCF7785.jpg,BeefCattle_Muzzle_Individualized/cattle_4840/cattle_4840_DSCF7785.jpg,224,157,7785,f06d9ec667900d2e339c71068913c2e72313b76b,98c8e86949090b0b,train
cattle_4840,cattle_4840_DSCF7786.jpg,BeefCattle_Muzzle_Individualized/cattle_4840/cattle_4840_DSCF7786.jpg,224,151,7786,0209a13f1bca1ca71b7539279166d4cfafc6461a,90c8e1695b09090b,train
cattle_4840,cattle_4840_DSCF7787.jpg,BeefCattle_Muzzle_Individualized/cattle_4840/cattle_4840_DSCF7787.jpg,212,145,7787,c1327cab769bebb87f5f3c34a82fdba85f3c7ab2,88c8c1d9d3890b0b,train
cattle_4840,cattle_4840_DSCF7789.jpg,BeefCattle_Muzzle_Individualized/cattle_4840/cattle_4840_DSCF7789.jpg,230,151,7789,00a6e0ec3889c6d02671f133f7900426a6291663,98c8e16949490b0b,train
cattle_4840,cattle_4840_DSCF7790.jpg,BeefCattle_Muzzle_Individualized/cattle_4840/cattle_4840_DSCF7790.jpg,230,174,7790,12cca01a1d6874e4cca47b9f6d5601b4f913fa89,9888c0694b090b0f,train
cattle_4895,cattle_4895_DSCF7308.jpg,BeefCattle_Muzzle_Individualized/cattle_4895/cattle_4895_DSCF7308.jpg,275,202,7308,5b9754dceb940e8b6b67fb424e46832f347e4c9a,cecce061d48af0c4,dev
cattle_4895,cattle_4895_DSCF7309.jpg,BeefCattle_Muzzle_Individualized/cattle_4895/cattle_4895_DSCF7309.jpg,275,208,7309,974766f480ca5dfec29a23d02c9bb8a091d130e1,cecce061e48cf0cc,dev
cattle_4895,cattle_4895_DSCF7311.jpg,BeefCattle_Muzzle_Individualized/cattle_4895/cattle_4895_DSCF7311.jpg,275,214,7311,49da3ec517709ce884b84b3790e5dda01740e001,8ecce1619688e0cc,dev
cattle_4895,cattle_4895_DSCF7313.jpg,BeefCattle_Muzzle_Individualized/cattle_4895/cattle_4895_DSCF7313.jpg,275,214,7313,acbf64c5eac89466beb94247aad1df7689a530df,cecce061d6c8f0cc,dev
cattle_4895,cattle_4895_DSCF7314.jpg,BeefCattle_Muzzle_Individualized/cattle_4895/cattle_4895_DSCF7314.jpg,281,208,7314,fd5114aa4ee001fa5089ed4d3a251354d2fcfec9,cecce061e48ef0e8,dev
cattle_4895,cattle_4895_DSCF7315.jpg,BeefCattle_Muzzle_Individualized/cattle_4895/cattle_4895_DSCF7315.jpg,281,220,7315,0eba0e6ffd257f512ff79979982fff092e8f81f7,cecce061a688e0cc,dev
cattle_4895,cattle_4895_DSCF7316.jpg,BeefCattle_Muzzle_Individualized/cattle_4895/cattle_4895_DSCF7316.jpg,281,225,7316,3a2cfb55d9e426c77531cbb93bcb2d33a01c2d90,cccce061a488f0cc,dev
cattle_4895,cattle_4895_DSCF7317.jpg,BeefCattle_Muzzle_Individualized/cattle_4895/cattle_4895_DSCF7317.jpg,270,208,7317,80d3394c0a39a447c1f72b40b7167697c2235343,cecce060d2cad8c4,dev
cattle_4895,cattle_4895_DSCF7318.jpg,BeefCattle_Muzzle_Individualized/cattle_4895/cattle_4895_DSCF7318.jpg,287,225,7318,cffa2fd1349ee96ed147e92aeb1e032a83b604a6,cccce061f4c8f8cc,dev
cattle_4895,cattle_4895_DSCF7320.jpg,BeefCattle_Muzzle_Individualized/cattle_4895/cattle_4895_DSCF7320.jpg,292,220,7320,4f3207e1223e551fad72c2fd993d1efa7eb06388,cec4f070d2c8c8cc,dev
cattle_4895,cattle_4895_DSCF7321.jpg,BeefCattle_Muzzle_Individualized/cattle_4895/cattle_4895_DSCF7321.jpg,270,214,7321,2295c8e65ea89ba0627f7f925265bafa2abbf184,eecce070f29ae8cc,dev
cattle_4895,cattle_4895_DSCF7910.jpg,BeefCattle_Muzzle_Individualized/cattle_4895/cattle_4895_DSCF7910.jpg,778,563,7910,a350d23b8a85b3389e64d8383c7b0ec9ea501bd2,8cc4e0609090f0f0,dev
cattle_4895,cattle_4895_DSCF7912.jpg,BeefCattle_Muzzle_Individualized/cattle_4895/cattle_4895_DSCF7912.jpg,790,580,7912,844fd93cafb2925700fb71b630d35cc2a85995a0,8cc8e0709090f0e0,dev
cattle_4895,cattle_4895_DSCF7913.jpg,BeefCattle_Muzzle_Individualized/cattle_4895/cattle_4895_DSCF7913.jpg,790,603,7913,bf124a23319ea3671c983357184c246c14250717,888cc8605090f0f0,dev
cattle_4895,cattle_4895_DSCF7914.jpg,BeefCattle_Muzzle_Individualized/cattle_4895/cattle_4895_DSCF7914.jpg,744,585,7914,936579ae941da82f61ac9ed48ccbe4e0f1361240,9cc8e071f080f0e0,dev
cattle_4895,cattle_4895_DSCF7916.jpg,BeefCattle_Muzzle_Individualized/cattle_4895/cattle_4895_DSCF7916.jpg,733,574,7916,b367e5c635538574cb512bdc46966087d4dbe6df,9cc8f17090a0f0c0,dev
cattle_4895,cattle_4895_DSCF7919.jpg,BeefCattle_Muzzle_Individualized/cattle_4895/cattle_4895_DSCF7919.jpg,750,597,7919,d616761a34b5ea4928e2d4a1e16e097dbbedbf24,98c8e071d0a0f0c0,dev
cattle_4915,cattle_4915_DSCF9488.jpg,BeefCattle_Muzzle_Individualized/cattle_4915/cattle_4915_DSCF9488.jpg,304,214,9488,e24e26c870d00573f03c358f3598050d2551ccc4,ccc86869cc8cdcf8,train
cattle_4915,cattle_4915_DSCF9490.jpg,BeefCattle_Muzzle_Individualized/cattle_4915/cattle_4915_DSCF9490.jpg,287,225,9490,941078d767f9e12fbb2972519fdd62fa2a0f5d6d,c8c8e9498c9c90f8,train
cattle_4915,cattle_4915_DSCF9491.jpg,BeefCattle_Muzzle_Individualized/cattle_4915/cattle_4915_DSCF9491.jpg,298,220,9491,f981d108274a88bb9ee01136aa51683e8618e3ba,c8c8e969cc8cdcf8,train
cattle_4915,cattle_4915_DSCF9492.jpg,BeefCattle_Muzzle_Individualized/cattle_4915/cattle_4915_DSCF9492.jpg,304,231,9492,c0ab9c0ab636e8d53e6f48feca229e8d78714682,ccc8e869ccce58e8,train
cattle_4915,cattle_4915_DSCF9493.jpg,BeefCattle_Muzzle_Individualized/cattle_4915/cattle_4915_DSCF9493.jpg,298,208,9493,828166f82e77094a31e51a2ccbeb3150d10355f5,c8c869498e8cd8e8,train
cattle_4915,cattle_4915_DSCF9494.jpg,BeefCattle_Muzzle_Individualized/cattle_4915/cattle_4915_DSCF9494.jpg,287,225,9494,234d9a6b1f3e84f624da199fe15c61ea095f3731,c8d8c8418c9c9cf8,train
cattle_4915,cattle_4915_DSCF9495.jpg,BeefCattle_Muzzle_Individualized/cattle_4915/cattle_4915_DSCF9495.jpg,515,402,9495,44ba5eb5f87c8daf7163702ea0aa4d4d193f0580,eccce869cc8edce8,train
cattle_4915,cattle_4915_DSCF9496.jpg,BeefCattle_Muzzle_Individualized/cattle_4915/cattle_4915_DSCF9496.jpg,521,391,9496,0511915cd0e457628e4f4cc4bfc7087849fb1dc9,cce8e8c98c8ed888,train
cattle_4915,cattle_4915_DSCF9499.jpg,BeefCattle_Muzzle_Individualized/cattle_4915/cattle_4915_DSCF9499.jpg,521,402,9499,62a490ef97d8bb586391417df21de78d8b1568fe,cccce8e9cc8e9cf8,train
cattle_4915,cattle_4915_DSCF9503.jpg,BeefCattle_Muzzle_Individualized/cattle_4915/cattle_4915_DSCF9503.jpg,498,391,9503,61a66cf62c204aab6f807229fbc5174ee20f19a6,cccce8c98c8e9ce8,train
cattle_4915,cattle_4915_DSCF9510.jpg,BeefCattle_Muzzle_Individualized/cattle_4915/cattle_4915_DSCF9510.jpg,515,420,9510,732b184a8fb22ab2ba74a20447ea807666166644,cccce8e98c8ed8e8,train
cattle_4915,cattle_4915_DSCF9511.jpg,BeefCattle_Muzzle_Individualized/cattle_4915/cattle_4915_DSCF9511.jpg,527,420,9511,461ab0506b684bcd3bb44de6e5aebcf96b311dfa,4cc8e8e98c9c94d8,train
cattle_4915,cattle_4915_DSCF9514.jpg,BeefCattle_Muzzle_Individualized/cattle_4915/cattle_4915_DSCF9514.jpg,527,425,9514,52657dfde725cbddd7f67bf37bdea8b605290a22,ccc8e8e98c8c9ce8,train
cattle_4915,cattle_4915_DSCF9517.jpg,BeefCattle_Muzzle_Individualized/cattle_4915/cattle_4915_DSCF9517.jpg,550,414,9517,c32494f26741ef7324f5fe40fce89c6fa49659bb,c8c8e9498c9cdce8,train
cattle_4921,cattle_4921_DSCF7833.jpg,BeefCattle_Muzzle_Individualized/cattle_4921/cattle_4921_DSCF7833.jpg,327,260,7833,2c3fffdb019611953e150d3e82930d3aa53ae720,68c8e871518e969e,train
cattle_4921,cattle_4921_DSCF7834.jpg,BeefCattle_Muzzle_Individualized/cattle_4921/cattle_4921_DSCF7834.jpg,332,260,7834,cb6ee7a98a111f393aa821503cf6b16843890cda,e8c8f171959e969c,train
cattle_4921,cattle_4921_DSCF7835.jpg,BeefCattle_Muzzle_Individualized/cattle_4921/cattle_4921_DSCF7835.jpg,332,248,7835,6ecc0317ff62b86942faf1bc62ea71a165a63cea,e8c8f971519e9e94,train
cattle_4921,cattle_4921_DSCF7836.jpg,BeefCattle_Muzzle_Individualized/cattle_4921/cattle_4921_DSCF7836.jpg,350,260,7836,cf634eb7b4b3102ee79325f23cb2fce4a7c38c24,e8c87971d58e969c,train
cattle_4921,cattle_4921_DSCF7839.jpg,BeefCattle_Muzzle_Individualized/cattle_4921/cattle_4921_DSCF7839.jpg,321,237,7839,c2eec423875397ca4b3a7ef7276c2610ccb79af8,e8c8c8f1519e8e96,train
cattle_4921,cattle_4921_DSCF7840.jpg,BeefCattle_Muzzle_Individualized/cattle_4921/cattle_4921_DSCF7840.jpg,338,242,7840,112ba6615f0000da6b1be20eff01f73a49202f29,e8c8f971558e9696,train
cattle_4921,cattle_4921_DSCF7844.jpg,BeefCattle_Muzzle_Individualized/cattle_4921/cattle_4921_DSCF7844.jpg,327,265,7844,00a3e26d0489e78e5f86fb1ae5a046f1193cf8b6,e8c8e871978e9696,train
cattle_4921,cattle_4921_DSCF7845.jpg,BeefCattle_Muzzle_Individualized/cattle_4921/cattle_4921_DSCF7845.jpg,304,265,7845,114f25112373c5397498beb538f794f155635b65,e8c8c8f1958e9696,train
cattle_4947,cattle_4947_DSCF8047.jpg,BeefCattle_Muzzle_Individualized/cattle_4947/cattle_4947_DSCF8047.jpg,741,563,8047,f020d0716670c969d74ac04a9229dfb92a3184f8,2988c4e071a0ccc9,test
cattle_4947,cattle_4947_DSCF8048.jpg,BeefCattle_Muzzle_Individualized/cattle_4947/cattle_4947_DSCF8048.jpg,765,568,8048,f85c7a5a0410100d63f58b885f1598c9f7c025ce,48888ce061a0acc1,test
cattle_4947,cattle_4947_DSCF8049.jpg,BeefCattle_Muzzle_Individualized/cattle_4947/cattle_4947_DSCF8049.jpg,681,483,8049,e682593c2d2dde03ad81f5e578f39f0e365c33e5,9880c8600184c4c4,test
cattle_4947,cattle_4947_DSCF8050.jpg,BeefCattle_Muzzle_Individualized/cattle_4947/cattle_4947_DSCF8050.jpg,647,494,8050,4c3524e46e7455e9d92a3d5a81421fdbbcda920d,9888e4600184c4c4,test
cattle_4947,cattle_4947_DSCF8051.jpg,BeefCattle_Muzzle_Individualized/cattle_4947/cattle_4947_DSCF8051.jpg,675,534,8051,81eecf56180d97efc359f8e7a2ad733a3d198c96,8880c06001a4c4cc,test
cattle_4947,cattle_4947_DSCF8052.jpg,BeefCattle_Muzzle_Individualized/cattle_4947/cattle_4947_DSCF8052.jpg,664,528,8052,e7837e4f35c000586d932b62cae2ae9b9928b6b6,8880c0e00184e4cc,test
cattle_4947,cattle_4947_DSCF8053.jpg,BeefCattle_Muzzle_Individualized/cattle_4947/cattle_4947_DSCF8053.jpg,681,545,8053,3fe201c7d35eee3658e3742028e80be151eb4e6b,0880c8e00184c4cc,test
cattle_4947,cattle_4947_DSCF8054.jpg,BeefCattle_Muzzle_Individualized/cattle_4947/cattle_4947_DSCF8054.jpg,670,523,8054,d606307e14f9b1222016e341531229c90c3d53e1,8880c8601084e4c4,test
cattle_4947,cattle_4947_DSCF8059.jpg,BeefCattle_Muzzle_Individualized/cattle_4947/cattle_4947_DSCF8059.jpg,658,528,8059,81b148a6d2cbedd10889439b9756f9b9833afc76,8880c8600484c6c4,test
cattle_4951,cattle_4951_DSCF7400.jpg,BeefCattle_Muzzle_Individualized/cattle_4951/cattle_4951_DSCF7400.jpg,190,162,7400,d52dab24f030c27c510e808d8d61750046b57642,c4c8e879ce82d082,train
cattle_4951,cattle_4951_DSCF7401.jpg,BeefCattle_Muzzle_Individualized/cattle_4951/cattle_4951_DSCF7401.jpg,194,166,7401,b03e1eaf7c891e00d8588b3bfb6e059e80d02bfa,cecce87868ced0c2,train
cattle_4951,cattle_4951_DSCF7402.jpg,BeefCattle_Muzzle_Individualized/cattle_4951/cattle_4951_DSCF7402.jpg,183,166,7402,68b86a2146a88cbd7008f102a1c265bb54702492,88c8f868ca90d0f0,train
cattle_4951,cattle_4951_DSCF7403.jpg,BeefCattle_Muzzle_Individualized/cattle_4951/cattle_4951_DSCF7403.jpg,186,159,7403,d7dc0bc127b7d7bbbdb621eb5574f4a36be017c5,88e8f878ced2d0d2,train
cattle_4951,cattle_4951_DSCF7404.jpg,BeefCattle_Muzzle_Individualized/cattle_4951/cattle_4951_DSCF7404.jpg,190,162,7404,1101e14f82b98cd18f591f6f1b26aaf1f9f82e28,cecce8794882d096,train
cattle_4951,cattle_4951_DSCF7405.jpg,BeefCattle_Muzzle_Individualized/cattle_4951/cattle_4951_DSCF7405.jpg,180,156,7405,5a42f6b3b75b0ea4a81f147f133d7e1b23190ec5,94c8e8714a829082,train
cattle_4951,cattle_4951_DSCF7406.jpg,BeefCattle_Muzzle_Individualized/cattle_4951/cattle_4951_DSCF7406.jpg,193,157,7406,48884cbe004d6640b5719e7947a1d268c98d7219,ccec7879c886d09c,train
cattle_4951,cattle_4951_DSCF7407.jpg,BeefCattle_Muzzle_Individualized/cattle_4951/cattle_4951_DSCF7407.jpg,197,169,7407,78e663f4f58257c38419cb86d6551995c3d3d4f3,cccce879ecc2d0c2,train
cattle_4951,cattle_4951_DSCF7408.jpg,BeefCattle_Muzzle_Individualized/cattle_4951/cattle_4951_DSCF7408.jpg,205,160,7408,10e93d6f2562d90591166b07f9f7ca5e439e7f52,ccc8e879d88cd08c,train
cattle_4951,cattle_4951_DSCF7409.jpg,BeefCattle_Muzzle_Individualized/cattle_4951/cattle_4951_DSCF7409.jpg,201,153,7409,4edc6c1d67f2a2f4d2170e1c335184c9ec3e3beb,c4cce879688ed0cc,train
cattle_4951,cattle_4951_DSCF7410.jpg,BeefCattle_Muzzle_Individualized/cattle_4951/cattle_4951_DSCF7410.jpg,186,150,7410,e00f2926656a35cb15d7c00f73182fc0394c7f3e,d2ece879ce86d28e,train
cattle_4951,cattle_4951_DSCF7411.jpg,BeefCattle_Muzzle_Individualized/cattle_4951/cattle_4951_DSCF7411.jpg,197,158,7411,dcb33fb78030792e374ea369f858f137a43bbb3b,ccecec78e8c6c0c2,train
cattle_4951,cattle_4951_DSCF7412.jpg,BeefCattle_Muzzle_Individualized/cattle_4951/cattle_4951_DSCF7412.jpg,184,155,7412,fbd0d531d7d35f3de288e92489611a5cd7de29d2,8cccec6868c6c0c2,train
cattle_4951,cattle_4951_DSCF8992.jpg,BeefCattle_Muzzle_Individualized/cattle_4951/cattle_4951_DSCF8992.jpg,223,170,8992,f721c9c3045dc11734a78d83eaecf8bb8159f5d4,ccf07879f88cd4cc,train
cattle_4951,cattle_4951_DSCF8993.jpg,BeefCattle_Muzzle_Individualized/cattle_4951/cattle_4951_DSCF8993.jpg,224,191,8993,5f24e40b0678bf7d35881e47a5b3dcb8524555dc,8ec4f879788cd4cc,train
cattle_4951,cattle_4951_DSCF8994.jpg,BeefCattle_Muzzle_Individualized/cattle_4951/cattle_4951_DSCF8994.jpg,218,168,8994,3415e613fa110e6c9aab7c8842ff4be587f2f773,8cf0f971f08cc4cc,train
cattle_4951,cattle_4951_DSCF8995.jpg,BeefCattle_Muzzle_Individualized/cattle_4951/cattle_4951_DSCF8995.jpg,230,180,8995,d1f1178728f2a1e329a7ef8deb2906585ef49572,8cd0f879f18cc4c4,train
cattle_4951,cattle_4951_DSCF8996.jpg,BeefCattle_Muzzle_Individualized/cattle_4951/cattle_4951_DSCF8996.jpg,241,197,8996,4477c013c05504bde1635eef703592c63aa840c4,cec07879f8ccc4e0,train
cattle_4951,cattle_4951_DSCF8997.jpg,BeefCattle_Muzzle_Individualized/cattle_4951/cattle_4951_DSCF8997.jpg,241,180,8997,837ca796589c585147e9ce0b18faf243c8dc184f,ccf0787978ccc4c0,train
cattle_4951,cattle_4951_DSCF8998.jpg,BeefCattle_Muzzle_Individualized/cattle_4951/cattle_4951_DSCF8998.jpg,241,185,8998,191dc22aa3f3d39610e539397ff6a89c7703be55,ccc0f87171ccc4c4,train
cattle_4951,cattle_4951_DSCF8999.jpg,BeefCattle_Muzzle_Individualized/cattle_4951/cattle_4951_DSCF8999.jpg,230,180,8999,f792094030c69274a3fcbefb08c8a3a6ecabb4d0,c6f07879f8ccc0cc,train
cattle_4951,cattle_4951_DSCF9001.jpg,BeefCattle_Muzzle_Individualized/cattle_4951/cattle_4951_DSCF9001.jpg,230,168,9001,f6d825bb1444558c02ecb40e1fa54129b253bafc,cef0f879f98cc4c8,train
cattle_4951,cattle_4951_DSCF9002.jpg,BeefCattle_Muzzle_Individualized/cattle_4951/cattle_4951_DSCF9002.jpg,230,168,9002,4eba03c4432dc763beba17f33f88a4619b7d2596,e6f0787879ccc4c0,train
cattle_4951,cattle_4951_DSCF9003.jpg,BeefCattle_Muzzle_Individualized/cattle_4951/cattle_4951_DSCF9003.jpg,230,185,9003,4f2a330b30d247748aebaefdfdc14e90e9687f83,cee4f879f9cdc5c9,train
cattle_4951,cattle_4951_DSCF9004.jpg,BeefCattle_Muzzle_Individualized/cattle_4951/cattle_4951_DSCF9004.jpg,230,180,9004,9c26f532ddd5fec580b15512bb47db5d49c41e63,e4e6f87879edc5c1,train
cattle_4951,cattle_4951_DSCF9005.jpg,BeefCattle_Muzzle_Individualized/cattle_4951/cattle_4951_DSCF9005.jpg,235,162,9005,595ca778e1d6d5eb4797e77cf0e03ac91df9e368,cec4f07979f8ccc4,train
cattle_4951,cattle_4951_DSCF9006.jpg,BeefCattle_Muzzle_Individualized/cattle_4951/cattle_4951_DSCF9006.jpg,218,168,9006,9d5824e649fe9a1e04c1cbda03c4c03a0ab6a3c3,ced0f878f88ec4cc,train
cattle_4951,cattle_4951_DSCF9008.jpg,BeefCattle_Muzzle_Individualized/cattle_4951/cattle_4951_DSCF9008.jpg,230,168,9008,e328d6609483846a78bcbec259ac490ab2c6b486,8cd4e8f9f19c84cc,train
cattle_4951,cattle_4951_DSCF9009.jpg,BeefCattle_Muzzle_Individualized/cattle_4951/cattle_4951_DSCF9009.jpg,218,151,9009,1184a93977eea9a827febd95ee79d9a3205f0958,ced0e8f9f09c8cc4,train
cattle_4951,cattle_4951_DSCF9010.jpg,BeefCattle_Muzzle_Individualized/cattle_4951/cattle_4951_DSCF9010.jpg,235,174,9010,5861dee4e9e7a462ba09998b298d2e744f75d096,ced0f87978ccc4cc,train
cattle_4951,cattle_4951_DSCF9011.jpg,BeefCattle_Muzzle_Individualized/cattle_4951/cattle_4951_DSCF9011.jpg,224,180,9011,881afe4bf37ba21943ff5bb498f831d78f1fb242,8cd0e871708ec4cc,train
cattle_4951,cattle_4951_DSCF9012.jpg,BeefCattle_Muzzle_Individualized/cattle_4951/cattle_4951_DSCF9012.jpg,230,185,9012,c6daf0fc54a2781d0b4a6ede828c16ceab35c83c,8cc4f07170ccc4cc,train
cattle_4951,cattle_4951_DSCF9013.jpg,BeefCattle_Muzzle_Individualized/cattle_4951/cattle_4951_DSCF9013.jpg,224,180,9013,33f1a80b27ac607b91fe4f67bafc8d1ef619bd6b,8c84f0f1f18c84cc,train
cattle_4951,cattle_4951_DSCF9015.jpg,BeefCattle_Muzzle_Individualized/cattle_4951/cattle_4951_DSCF9015.jpg,247,191,9015,9b9a1fc558d4f76b84753863a80956a759b2c936,ccccf07171ccc4cc,train
cattle_4951,cattle_4951_DSCF9017.jpg,BeefCattle_Muzzle_Individualized/cattle_4951/cattle_4951_DSCF9017.jpg,230,174,9017,201ff9ca2af3ec2354927fbd2a94c25ede63f3bc,ccccd0f8f1dc8cc4,train
cattle_4951,cattle_4951_DSCF9018.jpg,BeefCattle_Muzzle_Individualized/cattle_4951/cattle_4951_DSCF9018.jpg,218,180,9018,b82b7782ef5bfeb653697f43ec29fa1c2153a537,cec6f0f8f8cc84cc,train
cattle_4969,cattle_4969_DSCF9396.jpg,BeefCattle_Muzzle_Individualized/cattle_4969/cattle_4969_DSCF9396.jpg,664,517,9396,ee8d09d1cc6752b748dc5e470fc64b5e81a0496f,0eccf8f0d092969e,train
cattle_4969,cattle_4969_DSCF9397.jpg,BeefCattle_Muzzle_Individualized/cattle_4969/cattle_4969_DSCF9397.jpg,675,505,9397,2bd461c68e372062415156d20c390231fedec524,0ecce8f1f1929696,train
cattle_4969,cattle_4969_DSCF9399.jpg,BeefCattle_Muzzle_Individualized/cattle_4969/cattle_4969_DSCF9399.jpg,675,505,9399,e8e20bec6ee289d0504c96ecfeb4bd98953d7d67,0e8ce8f0f1928e96,train
cattle_4969,cattle_4969_DSCF9401.jpg,BeefCattle_Muzzle_Individualized/cattle_4969/cattle_4969_DSCF9401.jpg,687,500,9401,543b2412d1a01ad860b291715c01033858391ae3,8ec8f871d196969c,train
cattle_4969,cattle_4969_DSCF9402.jpg,BeefCattle_Muzzle_Individualized/cattle_4969/cattle_4969_DSCF9402.jpg,670,471,9402,c0e4ff271e094bdd2c582d3062c5846b654920c6,0eccf8f0f1929e96,train
cattle_4969,cattle_4969_DSCF9404.jpg,BeefCattle_Muzzle_Individualized/cattle_4969/cattle_4969_DSCF9404.jpg,670,477,9404,2345de68927e82544112f7a9da173c98c7d9fee7,8ecce8f8f0929294,train
cattle_4969,cattle_4969_DSCF9405.jpg,BeefCattle_Muzzle_Individualized/cattle_4969/cattle_4969_DSCF9405.jpg,647,465,9405,4c92d217bc68a744cce1e42d54ab14d3dbd8e2fe,0ecce8f8f0929696,train
cattle_4969,cattle_4969_DSCF9407.jpg,BeefCattle_Muzzle_Individualized/cattle_4969/cattle_4969_DSCF9407.jpg,658,471,9407,6879950f85ebbc92c1da54e06176694e4f62364e,2e8ee0f8f8929694,train
cattle_4971,cattle_4971_DSCF7280.jpg,BeefCattle_Muzzle_Individualized/cattle_4971/cattle_4971_DSCF7280.jpg,350,271,7280,86b4859822781a4025b1a117e0fba0ffdc17f0ab,e0e4ec4f07871737,dev
cattle_4971,cattle_4971_DSCF7281.jpg,BeefCattle_Muzzle_Individualized/cattle_4971/cattle_4971_DSCF7281.jpg,350,271,7281,1de1a1a03324e08ac3ddb2f1bf6147d2f919a120,e0e4e44507871f17,dev
cattle_4971,cattle_4971_DSCF7282.jpg,BeefCattle_Muzzle_Individualized/cattle_4971/cattle_4971_DSCF7282.jpg,361,265,7282,821f2d22937cad832aca5680b8b8141ee96f9849,e0e46c4d07870f17,dev
cattle_4971,cattle_4971_DSCF7283.jpg,BeefCattle_Muzzle_Individualized/cattle_4971/cattle_4971_DSCF7283.jpg,332,248,7283,3db0dc01bd81af18f7d3e8a39954918a8dd62ec7,e4ccc84d0f871717,dev
cattle_4971,cattle_4971_DSCF7300.jpg,BeefCattle_Muzzle_Individualized/cattle_4971/cattle_4971_DSCF7300.jpg,430,345,7300,66a4b26dcba8013c63d491ff46fc650ebf6a0219,e0e4ec4d0f871727,dev
cattle_4971,cattle_4971_DSCF7302.jpg,BeefCattle_Muzzle_Individualized/cattle_4971/cattle_4971_DSCF7302.jpg,424,305,7302,40d5041f858bb0fc76fbf9090974c4d3746c1e56,d4ecec4d0f8f171f,dev
cattle_4971,cattle_4971_DSCF7304.jpg,BeefCattle_Muzzle_Individualized/cattle_4971/cattle_4971_DSCF7304.jpg,195,157,7304,03cced64d8ec57f0bed9e859f605dae2ed61c2e1,c1e8490f8f170727,dev
cattle_4971,cattle_4971_DSCF7305.jpg,BeefCattle_Muzzle_Individualized/cattle_4971/cattle_4971_DSCF7305.jpg,195,151,7305,1eff29d38755107398e031b5c610deff809da4f2,05ec68490f0f1f07,dev
cattle_4971,cattle_4971_DSCF7306.jpg,BeefCattle_Muzzle_Individualized/cattle_4971/cattle_4971_DSCF7306.jpg,287,231,7306,f275cadb55aa56eb35c87df4e5496874f7772be7,c4cccd0f07171f27,dev
cattle_4971,cattle_4971_DSCF7307.jpg,BeefCattle_Muzzle_Individualized/cattle_4971/cattle_4971_DSCF7307.jpg,298,242,7307,af87d73b9d599f2ba5dbed61f7f3a1ccedda9c5a,c4e4cc4d878f1f27,dev
cattle_4984,cattle_4984_DSCF9551.jpg,BeefCattle_Muzzle_Individualized/cattle_4984/cattle_4984_DSCF9551.jpg,539,404,9551,cd2f4fa1014e68c58fe37fda3bd126a2bc8b5e8c,8ef8f871d286d2c6,train
cattle_4984,cattle_4984_DSCF9552.jpg,BeefCattle_Muzzle_Individualized/cattle_4984/cattle_4984_DSCF9552.jpg,557,416,9552,432a17920284484d26de7d7e65e6c285b9c22cec,8ef878719686d2c4,train
cattle_4984,cattle_4984_DSCF9553.jpg,BeefCattle_Muzzle_Individualized/cattle_4984/cattle_4984_DSCF9553.jpg,573,437,9553,aeee1a50db9eb488941a8ee6510e681e04420412,8ee8f071d686c6c4,train
cattle_4984,cattle_4984_DSCF9555.jpg,BeefCattle_Muzzle_Individualized/cattle_4984/cattle_4984_DSCF9555.jpg,544,397,9555,4db5cfe8348f926b79bb8b468728747b265b2601,8ef0f1719686d4cc,train
cattle_4984,cattle_4984_DSCF9556.jpg,BeefCattle_Muzzle_Individualized/cattle_4984/cattle_4984_DSCF9556.jpg,544,423,9556,a1f0a9be8c3828b38b11c1caaf00026e4b59abf8,8efcf8719686d2c6,train
cattle_4984,cattle_4984_DSCF9557.jpg,BeefCattle_Muzzle_Individualized/cattle_4984/cattle_4984_DSCF9557.jpg,544,434,9557,0ee210f0444369f1f7347ac1c83786a524f6c1b2,8ee6f8799186a6dc,train
cattle_4984,cattle_4984_DSCF9558.jpg,BeefCattle_Muzzle_Individualized/cattle_4984/cattle_4984_DSCF9558.jpg,561,420,9558,80f4afdc347be8361e0b53d5b7cc143f60dfae61,8ee8f871d286c2c4,train
cattle_4984,cattle_4984_DSCF9559.jpg,BeefCattle_Muzzle_Individualized/cattle_4984/cattle_4984_DSCF9559.jpg,556,436,9559,b418e3388ee75e333c05966471427d56bfb6b1c8,86f4f871928ec4cc,train
cattle_4984,cattle_4984_DSCF9560.jpg,BeefCattle_Muzzle_Individualized/cattle_4984/cattle_4984_DSCF9560.jpg,555,425,9560,3d0d8fbeb4330c1c4dccb9aa70dd5865100b6aef,8ee4f871968ec6cd,train
cattle_4984,cattle_4984_DSCF9561.jpg,BeefCattle_Muzzle_Individualized/cattle_4984/cattle_4984_DSCF9561.jpg,546,433,9561,298873155fb18424afee3fcefec6e756fce5c6b7,8ec6f878b186e6cc,train
cattle_4984,cattle_4984_DSCF9562.jpg,BeefCattle_Muzzle_Individualized/cattle_4984/cattle_4984_DSCF9562.jpg,544,431,9562,1d35a75e78820d871850ce64324c82e29cc5ae19,86e4f8719286d2c6,train
cattle_4984,cattle_4984_DSCF9564.jpg,BeefCattle_Muzzle_Individualized/cattle_4984/cattle_4984_DSCF9564.jpg,555,420,9564,9cab9bd6bb5bc8e5dd9c9f5269313d10b20d91c4,8ee4f871d286c6c4,train
cattle_4984,cattle_4984_DSCF9565.jpg,BeefCattle_Muzzle_Individualized/cattle_4984/cattle_4984_DSCF9565.jpg,538,437,9565,462755bd3e76f5ae3e7875d0426ef3f95c092ad1,8ec4f871d286d2c6,train
cattle_4984,cattle_4984_DSCF9566.jpg,BeefCattle_Muzzle_Individualized/cattle_4984/cattle_4984_DSCF9566.jpg,550,431,9566,98ad66e2fed66883ef53f3a9723658cc59c5b422,8ec4f071d386c2c6,train
cattle_4984,cattle_4984_DSCF9567.jpg,BeefCattle_Muzzle_Individualized/cattle_4984/cattle_4984_DSCF9567.jpg,560,442,9567,ab3e6ed90083950a06acf4b65a3ad17ec7a095d1,8ec6f879b4a6e6cc,train
cattle_4984,cattle_4984_DSCF9568.jpg,BeefCattle_Muzzle_Individualized/cattle_4984/cattle_4984_DSCF9568.jpg,590,448,9568,16b84f8dd4a8af1c43dea6ad7870236f891ba056,8ec6f0f9d88a8acc,train
cattle_4984,cattle_4984_DSCF9569.jpg,BeefCattle_Muzzle_Individualized/cattle_4984/cattle_4984_DSCF9569.jpg,578,448,9569,9989ed27c27b8c6f47793e70079970d6a4e80172,8ec4f079d28a88cc,train
cattle_4984,cattle_4984_DSCF9570.jpg,BeefCattle_Muzzle_Individualized/cattle_4984/cattle_4984_DSCF9570.jpg,596,475,9570,09bb1b62f1ac8bca2bc2b6c17f52892458cf8c90,8ec6f878d88ec2d4,train
cattle_4984,cattle_4984_DSCF9571.jpg,BeefCattle_Muzzle_Individualized/cattle_4984/cattle_4984_DSCF9571.jpg,590,483,9571,193db56e38fe69cc31e7bc5ed0558d50dcda3f78,8ec4f871da8ad0c4,train
cattle_4984,cattle_4984_DSCF9572.jpg,BeefCattle_Muzzle_Individualized/cattle_4984/cattle_4984_DSCF9572.jpg,595,454,9572,459ff1bf65d872ec269c65335c7e22fb44b68946,8ec4f871d28e90c4,train
cattle_4984,cattle_4984_DSCF9573.jpg,BeefCattle_Muzzle_Individualized/cattle_4984/cattle_4984_DSCF9573.jpg,584,425,9573,cd9352c5c5db74f87b5f96516f2017e5fdfead5f,8ec4f8f8f89a8ad4,train
cattle_4984,cattle_4984_DSCF9574.jpg,BeefCattle_Muzzle_Individualized/cattle_4984/cattle_4984_DSCF9574.jpg,590,465,9574,47813b59a66bc8d4099ccd89c191d7fa204a3fcd,8ec4f0f8da8a90c4,train
cattle_4985,cattle_4985_DSCF9551.jpg,BeefCattle_Muzzle_Individualized/cattle_4985/cattle_4985_DSCF9551.jpg,401,334,9551,bab5564de415d0342fe31e531ef47e2b95b64aee,cfe670723686e7cd,train
cattle_4985,cattle_4985_DSCF9552.jpg,BeefCattle_Muzzle_Individualized/cattle_4985/cattle_4985_DSCF9552.jpg,418,271,9552,df075dcb83220c88f311bb1f9541219d26257866,c7e6f0303bb286e6,train
cattle_4985,cattle_4985_DSCF9553.jpg,BeefCattle_Muzzle_Individualized/cattle_4985/cattle_4985_DSCF9553.jpg,407,305,9553,2365c0280a4c058cbbead216bb09e7d59cb68339,c7f4703b3387e6e1,train
cattle_4985,cattle_4985_DSCF9554.jpg,BeefCattle_Muzzle_Individualized/cattle_4985/cattle_4985_DSCF9554.jpg,424,351,9554,849eea860a3418c3797560528449799503788d11,c7f6703bb3d2e5cd,train
cattle_4985,cattle_4985_DSCF9555.jpg,BeefCattle_Muzzle_Individualized/cattle_4985/cattle_4985_DSCF9555.jpg,384,334,9555,1618e81641e5e81a2da8ab470ad6081d51db1171,c7e6703b3383e6cd,train
cattle_4985,cattle_4985_DSCF9556.jpg,BeefCattle_Muzzle_Individualized/cattle_4985/cattle_4985_DSCF9556.jpg,390,368,9556,68f24cf89c98d1df94c2d6217f3500736d23ae26,cfcef07276a6e5cd,train
cattle_4985,cattle_4985_DSCF9557.jpg,BeefCattle_Muzzle_Individualized/cattle_4985/cattle_4985_DSCF9557.jpg,407,374,9557,9ce365be5a6f2a770f2a5817df9bbb8e758b1efe,8fc7f0707686e7cd,train
cattle_4985,cattle_4985_DSCF9558.jpg,BeefCattle_Muzzle_Individualized/cattle_4985/cattle_4985_DSCF9558.jpg,384,362,9558,b8af93b17b073d8ba8cac596635e5471b0b042cb,8fcef07376a6e58d,train
cattle_4985,cattle_4985_DSCF9559.jpg,BeefCattle_Muzzle_Individualized/cattle_4985/cattle_4985_DSCF9559.jpg,401,374,9559,329337db1f1047b23f2cd5e5521d31e9034c3b5e,8fcef4717686e7cd,train
cattle_4985,cattle_4985_DSCF9560.jpg,BeefCattle_Muzzle_Individualized/cattle_4985/cattle_4985_DSCF9560.jpg,372,345,9560,ca747ae1db68b496e64653488c45cf9d2404c01b,cfe670727686c78d,train
cattle_4985,cattle_4985_DSCF9568.jpg,BeefCattle_Muzzle_Individualized/cattle_4985/cattle_4985_DSCF9568.jpg,361,362,9568,2d2103e57590f76c601b2d404493f621aa976fdd,c7e7fc7b7393e2c5,train
cattle_4986,cattle_4986_DSCF7672.jpg,BeefCattle_Muzzle_Individualized/cattle_4986/cattle_4986_DSCF7672.jpg,298,236,7672,1a3711d661a52df7eb9ff25d4239ecb82f2df861,aefaf0711b0b1f07,train
cattle_4986,cattle_4986_DSCF7674.jpg,BeefCattle_Muzzle_Individualized/cattle_4986/cattle_4986_DSCF7674.jpg,298,231,7674,e7ce9b4f4e6c52033f88a59349c6b76ea23853d6,aefcf0f1d98f1f0f,train
cattle_4986,cattle_4986_DSCF7675.jpg,BeefCattle_Muzzle_Individualized/cattle_4986/cattle_4986_DSCF7675.jpg,295,234,7675,4487775b7b6817f2a6f71b60f9a0293ebe34e18b,aef8f0f1db8b1f07,train
cattle_4986,cattle_4986_DSCF7678.jpg,BeefCattle_Muzzle_Individualized/cattle_4986/cattle_4986_DSCF7678.jpg,301,230,7678,b4af256590b0fc746e87bc08a672b7ed99cb4c53,aeeef071590a1f1f,train
cattle_4986,cattle_4986_DSCF7679.jpg,BeefCattle_Muzzle_Individualized/cattle_4986/cattle_4986_DSCF7679.jpg,301,223,7679,cc71fec0ad816e52857007252dd4559bbd770114,aef8f0715b0a1f1f,train
cattle_4986,cattle_4986_DSCF7681.jpg,BeefCattle_Muzzle_Individualized/cattle_4986/cattle_4986_DSCF7681.jpg,302,235,7681,defe3b48b8ce09f1ff536e5a3287d97cc70d716f,aefcf0719b1f170f,train
cattle_4986,cattle_4986_DSCF7682.jpg,BeefCattle_Muzzle_Individualized/cattle_4986/cattle_4986_DSCF7682.jpg,295,238,7682,e5288f58a4f850ac87d12044a1a9483a39545133,aefaf0719b0b170f,train
cattle_4986,cattle_4986_DSCF7683.jpg,BeefCattle_Muzzle_Individualized/cattle_4986/cattle_4986_DSCF7683.jpg,305,231,7683,4ddf38d2ccbe3c14e2727cee19bbd34c0024281a,aef8f0711b0f1f0f,train
cattle_4986,cattle_4986_DSCF7684.jpg,BeefCattle_Muzzle_Individualized/cattle_4986/cattle_4986_DSCF7684.jpg,295,235,7684,1d42b33a0bd40d32f999ed596d5f24f1e1da352d,aef8f0711b0b1307,train
cattle_4986,cattle_4986_DSCF7685.jpg,BeefCattle_Muzzle_Individualized/cattle_4986/cattle_4986_DSCF7685.jpg,315,225,7685,341fee03b73bba48408ec54df2031b01cfdb274e,aed8f1714b0b1303,train
cattle_4986,cattle_4986_DSCF7714.jpg,BeefCattle_Muzzle_Individualized/cattle_4986/cattle_4986_DSCF7714.jpg,697,532,7714,e57073ae22aa518a8c62851228297ea0463c6dc3,aef8f0f1db8e1f17,train
cattle_4986,cattle_4986_DSCF7717.jpg,BeefCattle_Muzzle_Individualized/cattle_4986/cattle_4986_DSCF7717.jpg,732,563,7717,207d756a54d50ccf280d0a84467bd6dee3cc127a,aefcf071598e1f1f,train
cattle_4986,cattle_4986_DSCF7718.jpg,BeefCattle_Muzzle_Individualized/cattle_4986/cattle_4986_DSCF7718.jpg,719,563,7718,fd4e4c95d7ca623a5e1ec70310e58172c743ba64,aed8f071cb0f1f0f,train
cattle_4986,cattle_4986_DSCF7723.jpg,BeefCattle_Muzzle_Individualized/cattle_4986/cattle_4986_DSCF7723.jpg,732,558,7723,1084cd2c69fb312368e30e674f8ac704afbd16c4,aefef071999f1f1f,train
cattle_4995,cattle_4995_DSCF7308.jpg,BeefCattle_Muzzle_Individualized/cattle_4995/cattle_4995_DSCF7308.jpg,264,191,7308,d1adf9f5d5125349ee230c697d479bdcc64f4e91,6a84f071708c8c8c,test
cattle_4995,cattle_4995_DSCF7309.jpg,BeefCattle_Muzzle_Individualized/cattle_4995/cattle_4995_DSCF7309.jpg,258,180,7309,7440833d59113c861c24f37ba7667fe7555ef3ba,2ac4f0f1708e8c8c,test
cattle_4995,cattle_4995_DSCF7310.jpg,BeefCattle_Muzzle_Individualized/cattle_4995/cattle_4995_DSCF7310.jpg,252,191,7310,d28870e349dc4a14e2fb7f45613fd879923cf488,4aace0f1728c8c8c,test
cattle_4995,cattle_4995_DSCF7311.jpg,BeefCattle_Muzzle_Individualized/cattle_4995/cattle_4995_DSCF7311.jpg,270,197,7311,d0015ed31e77577323ea671b66b893ce9238a19d,6a8ce071708c8ccc,test
cattle_4995,cattle_4995_DSCF7313.jpg,BeefCattle_Muzzle_Individualized/cattle_4995/cattle_4995_DSCF7313.jpg,252,185,7313,9f7066a1051df8a27af2202597e935a330cefd1f,aec4f071628e8e8c,test
cattle_5009,cattle_5009_DSCF9152.jpg,BeefCattle_Muzzle_Individualized/cattle_5009/cattle_5009_DSCF9152.jpg,270,225,9152,a984342723691bde8d72b02e82497f1462d53718,8fcef0f0d006b4b0,test
cattle_5009,cattle_5009_DSCF9153.jpg,BeefCattle_Muzzle_Individualized/cattle_5009/cattle_5009_DSCF9153.jpg,264,214,9153,113da0e714b534c5a3b3e6b0a0688cd9ffff3736,cfe6f0f0d29eb8b0,test
cattle_5009,cattle_5009_DSCF9154.jpg,BeefCattle_Muzzle_Individualized/cattle_5009/cattle_5009_DSCF9154.jpg,270,214,9154,72df321ad3499e2a7a804181c33ad88e9ae75435,cee4f0f1d62eb4b9,test
cattle_5009,cattle_5009_DSCF9155.jpg,BeefCattle_Muzzle_Individualized/cattle_5009/cattle_5009_DSCF9155.jpg,287,237,9155,8172de44a461a5adbbe13438f78aa362ee2ec2c9,cfeef070f096b899,test
cattle_5009,cattle_5009_DSCF9156.jpg,BeefCattle_Muzzle_Individualized/cattle_5009/cattle_5009_DSCF9156.jpg,264,225,9156,b93fb890c7ea700db15958ef8cdb7cbc936627da,cee0f0f0962e709d,test
cattle_5009,cattle_5009_DSCF9157.jpg,BeefCattle_Muzzle_Individualized/cattle_5009/cattle_5009_DSCF9157.jpg,281,231,9157,85dfbc97ded67d5894cdf8bf3171e1b2b23ad9db,cee4f0f0d69eb09d,test
cattle_5009,cattle_5009_DSCF9158.jpg,BeefCattle_Muzzle_Individualized/cattle_5009/cattle_5009_DSCF9158.jpg,287,242,9158,ecea043e0c7a894fca6c5ee0ebcf6fb77c43061a,ceeef070d39ab88c,test
cattle_5009,cattle_5009_DSCF9159.jpg,BeefCattle_Muzzle_Individualized/cattle_5009/cattle_5009_DSCF9159.jpg,281,231,9159,2095a4df825214c8f2d0d84b4cc07b5072445b9b,cef0f071d29ab88c,test
cattle_5009,cattle_5009_DSCF9160.jpg,BeefCattle_Muzzle_Individualized/cattle_5009/cattle_5009_DSCF9160.jpg,281,237,9160,298a7e52c23a058953e5e22c1f1da5301d2cba91,cee4f070d296b88c,test
cattle_5009,cattle_5009_DSCF9161.jpg,BeefCattle_Muzzle_Individualized/cattle_5009/cattle_5009_DSCF9161.jpg,292,237,9161,82f11c48b405f8e42c336cb92071aa21cf21624d,ceecf071d696b88c,test
cattle_5009,cattle_5009_DSCF9162.jpg,BeefCattle_Muzzle_Individualized/cattle_5009/cattle_5009_DSCF9162.jpg,270,242,9162,36d3c1a576392f030bc9e725efdbc19e9484ab4e,8ee8f0f0d6aeb88c,test
cattle_5009,cattle_5009_DSCF9165.jpg,BeefCattle_Muzzle_Individualized/cattle_5009/cattle_5009_DSCF9165.jpg,287,248,9165,35d480a5d4178946a2eb38f78b2ba89e5a8a561a,cee8f0f1d6aeb88e,test
cattle_5009,cattle_5009_DSCF9166.jpg,BeefCattle_Muzzle_Individualized/cattle_5009/cattle_5009_DSCF9166.jpg,287,242,9166,3578642700a8a94dc897b530a56ec293a53ca365,ceccf070d29eb08c,test
cattle_5009,cattle_5009_DSCF9167.jpg,BeefCattle_Muzzle_Individualized/cattle_5009/cattle_5009_DSCF9167.jpg,281,242,9167,ede2f211fb8969d0e9de9d206b7ab98ed1f861e7,8eecf070d68eb08c,test
cattle_5026,cattle_5026_DSCF8008.jpg,BeefCattle_Muzzle_Individualized/cattle_5026/cattle_5026_DSCF8008.jpg,422,366,8008,f983678f04afb1ae875f359fc683aa5813b6115d,c2ccc878988c9cdc,dev
cattle_5026,cattle_5026_DSCF8009.jpg,BeefCattle_Muzzle_Individualized/cattle_5026/cattle_5026_DSCF8009.jpg,426,356,8009,a3acf43bd091656c2f2fc4ae1758dc61fd0c680e,86ccc8789c84d4c6,dev
cattle_5026,cattle_5026_DSCF8010.jpg,BeefCattle_Muzzle_Individualized/cattle_5026/cattle_5026_DSCF8010.jpg,413,349,8010,15b472d0b22eca8c592192f5a4fa8febfae8cc25,86cce8789c8cd4ce,dev
cattle_5026,cattle_5026_DSCF8011.jpg,BeefCattle_Muzzle_Individualized/cattle_5026/cattle_5026_DSCF8011.jpg,426,337,8011,2a76f7b7f0cb47afefe05df64d82deb64b7b749b,86ccc878188c9cd4,dev
cattle_5026,cattle_5026_DSCF8012.jpg,BeefCattle_Muzzle_Individualized/cattle_5026/cattle_5026_DSCF8012.jpg,445,343,8012,1a8c0eb40fe2f7b1cff57029bcba8e0f0025cb0d,84cce878988cdcd4,dev
cattle_5026,cattle_5026_DSCF8013.jpg,BeefCattle_Muzzle_Individualized/cattle_5026/cattle_5026_DSCF8013.jpg,429,357,8013,1b6ed4f66653553cd0f6fdaf61f626288e4bb75f,80ccc878188c9cdc,dev
cattle_5026,cattle_5026_DSCF8014.jpg,BeefCattle_Muzzle_Individualized/cattle_5026/cattle_5026_DSCF8014.jpg,429,363,8014,3e68abc77a27e0f4bc895151be0b9ef16b6b71a2,8accec78988cd4ce,dev
cattle_5026,cattle_5026_DSCF8015.jpg,BeefCattle_Muzzle_Individualized/cattle_5026/cattle_5026_DSCF8015.jpg,438,356,8015,4f1e715d6342be13c2f5840d73ed2792f3aa9b3b,82ccc868188cdcd4,dev
cattle_5026,cattle_5026_DSCF8017.jpg,BeefCattle_Muzzle_Individualized/cattle_5026/cattle_5026_DSCF8017.jpg,426,343,8017,5d956c94ddd5fb7cb27f308c1300d442290a0135,8acce878188c9cd4,dev
cattle_5026,cattle_5026_DSCF8020.jpg,BeefCattle_Muzzle_Individualized/cattle_5026/cattle_5026_DSCF8020.jpg,455,357,8020,4641b3a6ba1e01577db5514bb20822e73574f9d1,c0cce878988cd0cc,dev
cattle_5026,cattle_5026_DSCF8022.jpg,BeefCattle_Muzzle_Individualized/cattle_5026/cattle_5026_DSCF8022.jpg,433,338,8022,6609cd5d3e9b63c11e6192ce1091e6feb1f62a5a,86cce878988cd8dc,dev
cattle_5026,cattle_5026_DSCF8023.jpg,BeefCattle_Muzzle_Individualized/cattle_5026/cattle_5026_DSCF8023.jpg,433,352,8023,f20a84a5afcbe9b4f0bdcb569dbfdb95aeaf6cee,80ccc8781888989c,dev
cattle_5026,cattle_5026_DSCF8024.jpg,BeefCattle_Muzzle_Individualized/cattle_5026/cattle_5026_DSCF8024.jpg,487,368,8024,f4498cdccc9667109b9a6847004bfbbb2dead701,8488d878088898c4,dev
cattle_5026,cattle_5026_DSCF8025.jpg,BeefCattle_Muzzle_Individualized/cattle_5026/cattle_5026_DSCF8025.jpg,487,368,8025,912b2836eb4ca37fcd7b4e2b6554209f7c0232a6,84c8c8789888d8c4,dev
cattle_5026,cattle_5026_DSCF8026.jpg,BeefCattle_Muzzle_Individualized/cattle_5026/cattle_5026_DSCF8026.jpg,481,374,8026,e2ebe376e76f4519495daeed6f81bfcbf35cc37f,948cc878188898c4,dev
cattle_5026,cattle_5026_DSCF8027.jpg,BeefCattle_Muzzle_Individualized/cattle_5026/cattle_5026_DSCF8027.jpg,367,288,8027,371c9b055da3ec992f9bfe66867bd82303b80ff4,8488c878188cd0c6,dev
cattle_5026,cattle_5026_DSCF8028.jpg,BeefCattle_Muzzle_Individualized/cattle_5026/cattle_5026_DSCF8028.jpg,384,305,8028,11592ad8c44775abebf27029f803bd9c00876f51,8488c8780888d0c4,dev
cattle_5028,cattle_5028_DSCF8261.jpg,BeefCattle_Muzzle_Individualized/cattle_5028/cattle_5028_DSCF8261.jpg,378,271,8261,f1c9fb6df128d4ca0b49b51d531413e3e0036b87,b8e8f86111172733,train
cattle_5028,cattle_5028_DSCF8262.jpg,BeefCattle_Muzzle_Individualized/cattle_5028/cattle_5028_DSCF8262.jpg,372,265,8262,724db86e81507e1aa5252a1034c06f1173b4bafa,b8e8e92111272323,train
cattle_5028,cattle_5028_DSCF8263.jpg,BeefCattle_Muzzle_Individualized/cattle_5028/cattle_5028_DSCF8263.jpg,378,265,8263,f1acca469752a00db30727a68501e49f2dd81bc4,98e8c86111152733,train
cattle_5028,cattle_5028_DSCF8264.jpg,BeefCattle_Muzzle_Individualized/cattle_5028/cattle_5028_DSCF8264.jpg,390,282,8264,05418872f5c51dcc3ebc317852ee691e51bcf626,98e8f83111373303,train
cattle_5028,cattle_5028_DSCF8266.jpg,BeefCattle_Muzzle_Individualized/cattle_5028/cattle_5028_DSCF8266.jpg,378,260,8266,9eec8549d92b57d4ed8c77e6adbad5286ac00e0a,98e8f87111173333,train
cattle_5028,cattle_5028_DSCF8269.jpg,BeefCattle_Muzzle_Individualized/cattle_5028/cattle_5028_DSCF8269.jpg,401,271,8269,0ab8d1bc5c93512449a092ae2c3ec6ab03f4b773,88e8e87111173313,train
cattle_5028,cattle_5028_DSCF8275.jpg,BeefCattle_Muzzle_Individualized/cattle_5028/cattle_5028_DSCF8275.jpg,390,260,8275,81fcb9c93db763fe166f3ae2f859282adc02d45d,98e8e92111173313,train
cattle_5028,cattle_5028_DSCF8277.jpg,BeefCattle_Muzzle_Individualized/cattle_5028/cattle_5028_DSCF8277.jpg,390,277,8277,acadda55e4ed29bd6eb70ca5ecde5d514472608c,98e8717111173307,train
cattle_5028,cattle_5028_DSCF8278.jpg,BeefCattle_Muzzle_Individualized/cattle_5028/cattle_5028_DSCF8278.jpg,390,265,8278,eb4121dc840c0fc47a4967ec28e7f21c2abe11c7,98e8f17111173313,train
cattle_5028,cattle_5028_DSCF8281.jpg,BeefCattle_Muzzle_Individualized/cattle_5028/cattle_5028_DSCF8281.jpg,372,265,8281,037327446cb4cbdbb34457e5d2e7ebb709d7305f,b8e8f07111173303,train
cattle_5066,cattle_5066_DSCF7557.jpg,BeefCattle_Muzzle_Individualized/cattle_5066/cattle_5066_DSCF7557.jpg,498,368,7557,13a80509e7ecef9a5c40a95c4c30f0928021a35d,8694e87193363332,test
cattle_5066,cattle_5066_DSCF7559.jpg,BeefCattle_Muzzle_Individualized/cattle_5066/cattle_5066_DSCF7559.jpg,515,368,7559,fa77c5e9b11321e84b9c3719950da97eb6925f0f,84d0e87193323332,test
cattle_5066,cattle_5066_DSCF7560.jpg,BeefCattle_Muzzle_Individualized/cattle_5066/cattle_5066_DSCF7560.jpg,487,351,7560,6cf5a139962fae8bfcc1529045d26a8062808a4b,8694e8e111363232,test
cattle_5066,cattle_5066_DSCF7561.jpg,BeefCattle_Muzzle_Individualized/cattle_5066/cattle_5066_DSCF7561.jpg,487,362,7561,3d78fa71bf4b42ee3694dd75b571edce3aea1797,86d0e07193323312,test
cattle_5066,cattle_5066_DSCF7562.jpg,BeefCattle_Muzzle_Individualized/cattle_5066/cattle_5066_DSCF7562.jpg,510,345,7562,525a85f260b066280ae8cd5d482cc2be2f9687c0,84d0e07197363332,test
cattle_5066,cattle_5066_DSCF7563.jpg,BeefCattle_Muzzle_Individualized/cattle_5066/cattle_5066_DSCF7563.jpg,493,368,7563,36957fe5317168563fe8b2c2e25be0cae47bc4fa,9694d06193363232,test
cattle_5066,cattle_5066_DSCF7565.jpg,BeefCattle_Muzzle_Individualized/cattle_5066/cattle_5066_DSCF7565.jpg,498,357,7565,d58e7511cce2b30734d9906e7cf6d30852d57b70,ceec7068831b3302,test
cattle_5066,cattle_5066_DSCF7566.jpg,BeefCattle_Muzzle_Individualized/cattle_5066/cattle_5066_DSCF7566.jpg,487,340,7566,3366a5b9323d781359497a952a48b7b8778161af,deccf0786b9b3332,test
cattle_5066,cattle_5066_DSCF7567.jpg,BeefCattle_Muzzle_Individualized/cattle_5066/cattle_5066_DSCF7567.jpg,487,351,7567,1def378454cf4ddaa1a89cd63b63cd7163657955,96c8f07043933332,test
cattle_5066,cattle_5066_DSCF7568.jpg,BeefCattle_Muzzle_Individualized/cattle_5066/cattle_5066_DSCF7568.jpg,498,368,7568,a6f038dc8917e5c29d03c36f17489f591f6d50d3,d6c87070ab9b3322,test
cattle_5066,cattle_5066_DSCF7569.jpg,BeefCattle_Muzzle_Individualized/cattle_5066/cattle_5066_DSCF7569.jpg,510,368,7569,194733a840c10a2b4befc1d1f96dc99126c36d59,d6c87478ab9b3332,test
cattle_5066,cattle_5066_DSCF7570.jpg,BeefCattle_Muzzle_Individualized/cattle_5066/cattle_5066_DSCF7570.jpg,504,385,7570,b3227b3bd11cf439e33cbe0e486179e2e5ea758d,cecae4702b1b3322,test
cattle_5073,cattle_5073_DSCF7284.jpg,BeefCattle_Muzzle_Individualized/cattle_5073/cattle_5073_DSCF7284.jpg,184,145,7284,3f55ac1b40119a588d4b5fc3f15fe3dc37d06d1f,eef4f461cdcceccc,train
cattle_5073,cattle_5073_DSCF7285.jpg,BeefCattle_Muzzle_Individualized/cattle_5073/cattle_5073_DSCF7285.jpg,212,145,7285,4455bcd19d4b0e8a2a65619da5d3552a297f62ec,ece4f461c8ccec4c,train
cattle_5073,cattle_5073_DSCF7286.jpg,BeefCattle_Muzzle_Individualized/cattle_5073/cattle_5073_DSCF7286.jpg,395,265,7286,e7d628768088135f27d78e7e3881f222e32bc861,eaf4f464618cccec,train
cattle_5073,cattle_5073_DSCF7288.jpg,BeefCattle_Muzzle_Individualized/cattle_5073/cattle_5073_DSCF7288.jpg,367,277,7288,d1493c8e83c3582fdddd46b131c9ab2f77cba745,dce8e8c9898ccccc,train
cattle_5073,cattle_5073_DSCF7289.jpg,BeefCattle_Muzzle_Individualized/cattle_5073/cattle_5073_DSCF7289.jpg,378,265,7289,45d564c7933bd1cee217fd8113c57b22effbf59f,ececece18d8ccccc,train
cattle_5073,cattle_5073_DSCF7290.jpg,BeefCattle_Muzzle_Individualized/cattle_5073/cattle_5073_DSCF7290.jpg,395,277,7290,f0c78dc01ccd0729c2e75088f0909a32e75b515a,e6f4f07064ceecec,train
cattle_5073,cattle_5073_DSCF7291.jpg,BeefCattle_Muzzle_Individualized/cattle_5073/cattle_5073_DSCF7291.jpg,390,271,7291,15c70dd6e85e6dff1adc544ee8c61b2c931ca2bc,e6f4f070668cecec,train
cattle_5073,cattle_5073_DSCF7295.jpg,BeefCattle_Muzzle_Individualized/cattle_5073/cattle_5073_DSCF7295.jpg,401,260,7295,de65ef60521abeefeda2494fe210f7d8725444e8,eef4f07064ccccec,train
cattle_5073,cattle_5073_DSCF7298.jpg,BeefCattle_Muzzle_Individualized/cattle_5073/cattle_5073_DSCF7298.jpg,395,265,7298,c1bf6c0c1c33fc7cc70f412572ff7e0baf7cb70e,eee4f46164ccccec,train
cattle_5073,cattle_5073_DSCF7299.jpg,BeefCattle_Muzzle_Individualized/cattle_5073/cattle_5073_DSCF7299.jpg,395,254,7299,dee65fd85942c5878ea485d08b89dd1965288827,eef4f07461c6cee4,train
cattle_5077,cattle_5077_DSCF7757.jpg,BeefCattle_Muzzle_Individualized/cattle_5077/cattle_5077_DSCF7757.jpg,567,425,7757,6f304c2f415c7c3bc7f6a3fad24b21377018b8aa,cce8f8717f8f8f0f,train
cattle_5077,cattle_5077_DSCF7761.jpg,BeefCattle_Muzzle_Individualized/cattle_5077/cattle_5077_DSCF7761.jpg,573,420,7761,2a4c705546ef02ace3ae32c8d8aa86fe07202362,c8f8f871738f8f0f,train
cattle_5077,cattle_5077_DSCF7762.jpg,BeefCattle_Muzzle_Individualized/cattle_5077/cattle_5077_DSCF7762.jpg,567,425,7762,f7c96f63b036482388f9bd73b4ec748a0e7c39d6,c8f8f0715b8f0f0b,train
cattle_5077,cattle_5077_DSCF7763.jpg,BeefCattle_Muzzle_Individualized/cattle_5077/cattle_5077_DSCF7763.jpg,567,431,7763,27dcf9f1660c8b3ee56b20ed3b9050326146654a,c0d8f071738f0f0b,train
cattle_5077,cattle_5077_DSCF7764.jpg,BeefCattle_Muzzle_Individualized/cattle_5077/cattle_5077_DSCF7764.jpg,567,420,7764,777144424dad1039dbcc57447d159efa7836fd5e,c8c8f8f071df8f0f,train
cattle_5077,cattle_5077_DSCF7765.jpg,BeefCattle_Muzzle_Individualized/cattle_5077/cattle_5077_DSCF7765.jpg,607,431,7765,11cb681821ed3a2fada21218aba88ccf6839d511,c8e8f871718b8f8f,train
cattle_5077,cattle_5077_DSCF7766.jpg,BeefCattle_Muzzle_Individualized/cattle_5077/cattle_5077_DSCF7766.jpg,578,414,7766,e69eddb981958e65564e0a268f0b7544d7561615,c8c8f06971978f0f,train
cattle_5077,cattle_5077_DSCF7767.jpg,BeefCattle_Muzzle_Individualized/cattle_5077/cattle_5077_DSCF7767.jpg,590,425,7767,3ccb16fc7811d85be9033351e4d699473882d04e,c8c8f8696b8b8f8f,train
cattle_5077,cattle_5077_DSCF7768.jpg,BeefCattle_Muzzle_Individualized/cattle_5077/cattle_5077_DSCF7768.jpg,584,414,7768,ed0bceda62d34074362d75b908a25849f620ce58,c8f8f1694f8f8f0b,train
cattle_5077,cattle_5077_DSCF7770.jpg,BeefCattle_Muzzle_Individualized/cattle_5077/cattle_5077_DSCF7770.jpg,584,420,7770,5d263de171cf99fe8962074d995013e63c30b24c,c0c8f8616b8f8f0f,train
cattle_5077,cattle_5077_DSCF7771.jpg,BeefCattle_Muzzle_Individualized/cattle_5077/cattle_5077_DSCF7771.jpg,590,437,7771,70e41858595638e99cb05d54e63108b396f6095d,c0f8f8614f8f8f0b,train
cattle_5077,cattle_5077_DSCF7773.jpg,BeefCattle_Muzzle_Individualized/cattle_5077/cattle_5077_DSCF7773.jpg,578,437,7773,fd4d953c2f400cb5def85b1ca3ac9ec9358608a1,c0d8f8696b8b8f0f,train
cattle_5077,cattle_5077_DSCF7774.jpg,BeefCattle_Muzzle_Individualized/cattle_5077/cattle_5077_DSCF7774.jpg,590,425,7774,bfef481db7de57f0d0ce104b3ca047f686bd6ae4,c0e8f8616b8b8f8f,train
cattle_5083,cattle_5083_DSCF9262.jpg,BeefCattle_Muzzle_Individualized/cattle_5083/cattle_5083_DSCF9262.jpg,544,317,9262,8d1c5fd17ac333d0a6adeaeb33e57c3a94767c26,9ac8e4f0f888888c,dev
cattle_5083,cattle_5083_DSCF9264.jpg,BeefCattle_Muzzle_Individualized/cattle_5083/cattle_5083_DSCF9264.jpg,510,345,9264,b91f241b455e067a3bf5ea6fe91680d28d52629e,9ac8ecf8f8008899,dev
cattle_5083,cattle_5083_DSCF9267.jpg,BeefCattle_Muzzle_Individualized/cattle_5083/cattle_5083_DSCF9267.jpg,767,517,9267,f8a2ef701a766cf623d9dbce10f595889be9e551,90c8e070d08e8cdc,dev
cattle_5083,cattle_5083_DSCF9268.jpg,BeefCattle_Muzzle_Individualized/cattle_5083/cattle_5083_DSCF9268.jpg,767,511,9268,5bf8316aa5d09ea7bbd266306c8937de7eac7d26,d0c8f070d08e8cd8,dev
cattle_5083,cattle_5083_DSCF9269.jpg,BeefCattle_Muzzle_Individualized/cattle_5083/cattle_5083_DSCF9269.jpg,767,517,9269,69945444ec778eb2ebe17c85b3ed4abbe23af479,96c0e070f0868ccc,dev
cattle_5083,cattle_5083_DSCF9271.jpg,BeefCattle_Muzzle_Individualized/cattle_5083/cattle_5083_DSCF9271.jpg,767,505,9271,9264efd60af5ecb45e0d4e846067c0c8842021ba,92c8e070f8868ccc,dev
cattle_5083,cattle_5083_DSCF9272.jpg,BeefCattle_Muzzle_Individualized/cattle_5083/cattle_5083_DSCF9272.jpg,767,523,9272,bbe24841afb468124327bff00013a02e66468b5c,92c0e070f08e8cdc,dev
cattle_5083,cattle_5083_DSCF9274.jpg,BeefCattle_Muzzle_Individualized/cattle_5083/cattle_5083_DSCF9274.jpg,761,511,9274,b3a890ec81488b75facab35afebbea7c21441f26,9ac8e870f0868ccc,dev
cattle_5083,cattle_5083_DSCF9275.jpg,BeefCattle_Muzzle_Individualized/cattle_5083/cattle_5083_DSCF9275.jpg,761,505,9275,70fa825ebe0cbff7e5d9aeb1d661bb8e614cb0d5,9ac0e070f8868ecc,dev
cattle_5083,cattle_5083_DSCF9279.jpg,BeefCattle_Muzzle_Individualized/cattle_5083/cattle_5083_DSCF9279.jpg,755,494,9279,4ffc7ce71e1d3a5a5c9f57e1737342fd06a48621,9ac4f070f8868ccc,dev
cattle_5083,cattle_5083_DSCF9282.jpg,BeefCattle_Muzzle_Individualized/cattle_5083/cattle_5083_DSCF9282.jpg,1121,745,9282,efdeebb98a1aaa23b3d0aeab4f856ff985eed9f3,92c8e8f0d0868ccc,dev
cattle_5083,cattle_5083_DSCF9283.jpg,BeefCattle_Muzzle_Individualized/cattle_5083/cattle_5083_DSCF9283.jpg,1127,797,9283,c6ac9d81bf3a4f2f51ba79275511459de7f7d360,82d0e8f0d0868cdc,dev
cattle_5083,cattle_5083_DSCF9285.jpg,BeefCattle_Muzzle_Individualized/cattle_5083/cattle_5083_DSCF9285.jpg,1121,763,9285,532dc5b7a4f81f8c589f210fee427ba8d7ace969,92c8e8f0d0848c9c,dev
cattle_5083,cattle_5083_DSCF9289.jpg,BeefCattle_Muzzle_Individualized/cattle_5083/cattle_5083_DSCF9289.jpg,1087,774,9289,4e0a66097d148110c627095092eb8e5d6472b536,92c8e8f9d08e8cdc,dev
cattle_5083,cattle_5083_DSCF9290.jpg,BeefCattle_Muzzle_Individualized/cattle_5083/cattle_5083_DSCF9290.jpg,1087,751,9290,25e4bbf47c5fa3abdda08e244256c6790600cc1c,82c8e8f8d0868e8c,dev
cattle_5090,cattle_5090_DSCF7819.jpg,BeefCattle_Muzzle_Individualized/cattle_5090/cattle_5090_DSCF7819.jpg,230,162,7819,e048a4e252abe1aeadddc4d25629f0d4ee727660,c8c1614307031307,dev
cattle_5090,cattle_5090_DSCF7820.jpg,BeefCattle_Muzzle_Individualized/cattle_5090/cattle_5090_DSCF7820.jpg,241,174,7820,64f3c86fb9476090771fa5760e3d36096cbcbe69,88c061610b030303,dev
cattle_5090,cattle_5090_DSCF7823.jpg,BeefCattle_Muzzle_Individualized/cattle_5090/cattle_5090_DSCF7823.jpg,235,180,7823,2dc50a97a74589db79e8bb87ed253d14cb379b8c,88c061610f030305,dev
cattle_5090,cattle_5090_DSCF7824.jpg,BeefCattle_Muzzle_Individualized/cattle_5090/cattle_5090_DSCF7824.jpg,230,168,7824,b07706403113017b7367dacc7a2a5acc329f95c2,c8c061610f010301,dev
cattle_5090,cattle_5090_DSCF7825.jpg,BeefCattle_Muzzle_Individualized/cattle_5090/cattle_5090_DSCF7825.jpg,235,174,7825,2d62164843e02fb21991cba2c91c0af06fdc4545,c8c061610b010307,dev
cattle_5090,cattle_5090_DSCF7826.jpg,BeefCattle_Muzzle_Individualized/cattle_5090/cattle_5090_DSCF7826.jpg,235,168,7826,09b6a5bda21707d43716f6be573936a185d08849,c8c061490b011303,dev
cattle_5090,cattle_5090_DSCF7828.jpg,BeefCattle_Muzzle_Individualized/cattle_5090/cattle_5090_DSCF7828.jpg,224,180,7828,3411092781696b18e98e90c97f8503da253e4941,98c8414117030307,dev
cattle_5090,cattle_5090_DSCF7829.jpg,BeefCattle_Muzzle_Individualized/cattle_5090/cattle_5090_DSCF7829.jpg,241,168,7829,5e7023e76de574cf02699df9803e7ab1a4127281,e8c061610f031303,dev
cattle_5090,cattle_5090_DSCF7830.jpg,BeefCattle_Muzzle_Individualized/cattle_5090/cattle_5090_DSCF7830.jpg,235,180,7830,48a4b88e1ef9c7832efc00f648a236a24f2586eb,98c8c1610f031307,dev
cattle_5090,cattle_5090_DSCF7831.jpg,BeefCattle_Muzzle_Individualized/cattle_5090/cattle_5090_DSCF7831.jpg,247,180,7831,962f49ccc4b122ea02546cc13151e00c3fa8cb1d,c8e861610f030303,dev
cattle_5090,cattle_5090_DSCF7832.jpg,BeefCattle_Muzzle_Individualized/cattle_5090/cattle_5090_DSCF7832.jpg,247,168,7832,bb7c80bf959f7f40fdd445e91e783015b5fd0b5b,e8e061210f030303,dev
cattle_5090,cattle_5090_DSCF8194.jpg,BeefCattle_Muzzle_Individualized/cattle_5090/cattle_5090_DSCF8194.jpg,402,315,8194,54a2f8cc58ad39f8741f8e61df1482bd6b9c337b,c8e46c7915151137,dev
cattle_5090,cattle_5090_DSCF8195.jpg,BeefCattle_Muzzle_Individualized/cattle_5090/cattle_5090_DSCF8195.jpg,365,274,8195,5669493317d9845a227ba60c30e2b7ea0e735ba6,c8c8cc7c3c2c2d23,dev
cattle_5090,cattle_5090_DSCF8196.jpg,BeefCattle_Muzzle_Individualized/cattle_5090/cattle_5090_DSCF8196.jpg,381,276,8196,f208bde7f8702887ed944019e02486f24cad49fa,808080c91d8c1531,dev
cattle_5090,cattle_5090_DSCF8197.jpg,BeefCattle_Muzzle_Individualized/cattle_5090/cattle_5090_DSCF8197.jpg,388,276,8197,0a965a02b60088d6dd9e3f1729379d4e4e54417f,c8c84c79292d2923,dev
cattle_5097,cattle_5097_DSCF7225.jpg,BeefCattle_Muzzle_Individualized/cattle_5097/cattle_5097_DSCF7225.jpg,338,260,7225,b6934b4b5f122ace2af07ce48bb6ff035d1e4769,0e8ee8792f8e86dc,train
cattle_5097,cattle_5097_DSCF7226.jpg,BeefCattle_Muzzle_Individualized/cattle_5097/cattle_5097_DSCF7226.jpg,344,277,7226,53e46f22d8265643d8895d0a665d39e931a61ac6,8f8ee8692e8e96cc,train
cattle_5097,cattle_5097_DSCF7227.jpg,BeefCattle_Muzzle_Individualized/cattle_5097/cattle_5097_DSCF7227.jpg,355,294,7227,74ff441377c0befd0251d13c2fa0bc88ac221e31,8e8ce8698e86dcec,train
cattle_5097,cattle_5097_DSCF7228.jpg,BeefCattle_Muzzle_Individualized/cattle_5097/cattle_5097_DSCF7228.jpg,338,288,7228,b1ff512a21df479c7a6609ce3dbfe83d5cf938f2,0e8ee8690e8e94cc,train
cattle_5097,cattle_5097_DSCF7229.jpg,BeefCattle_Muzzle_Individualized/cattle_5097/cattle_5097_DSCF7229.jpg,344,271,7229,d81c74bfe3402e179f34e58a7de853a8acf14849,0e8ee8f92e8e96dc,train
cattle_5097,cattle_5097_DSCF7230.jpg,BeefCattle_Muzzle_Individualized/cattle_5097/cattle_5097_DSCF7230.jpg,361,271,7230,7831da121b34b7c185eff77901c98e80df9635b7,8eceec798e8ed6cc,train
cattle_5097,cattle_5097_DSCF7231.jpg,BeefCattle_Muzzle_Individualized/cattle_5097/cattle_5097_DSCF7231.jpg,355,271,7231,90edd09c304009392bca1d9e1451307cf6fd9d65,8eccf8698e8edccc,train
cattle_5097,cattle_5097_DSCF7276.jpg,BeefCattle_Muzzle_Individualized/cattle_5097/cattle_5097_DSCF7276.jpg,361,288,7276,10a921afc3e0b7c0424efbed4e03130c294b75da,8d8eecf8aeaeb4cc,train
cattle_5097,cattle_5097_DSCF7278.jpg,BeefCattle_Muzzle_Individualized/cattle_5097/cattle_5097_DSCF7278.jpg,367,294,7278,e0e6f31db46912988b5873285d933ec1aac8d931,0d8eecf8ecaea4cc,train
cattle_5097,cattle_5097_DSCF7279.jpg,BeefCattle_Muzzle_Individualized/cattle_5097/cattle_5097_DSCF7279.jpg,361,282,7279,d7b2cda06319ae98917384a7b0c49b7bd9db3172,8f8ee8f8aeae94cc,train
cattle_5097,cattle_5097_DSCF7885.jpg,BeefCattle_Muzzle_Individualized/cattle_5097/cattle_5097_DSCF7885.jpg,481,374,7885,c8bc2e92b982da6325ae4dfeaa379a63c03b31f7,8880e07980a0f4cc,train
cattle_5097,cattle_5097_DSCF7886.jpg,BeefCattle_Muzzle_Individualized/cattle_5097/cattle_5097_DSCF7886.jpg,475,362,7886,1ea463684469bd1b27fcf26091746489312b836b,8880e07890b0f4e4,train
cattle_5097,cattle_5097_DSCF7887.jpg,BeefCattle_Muzzle_Individualized/cattle_5097/cattle_5097_DSCF7887.jpg,464,368,7887,a677e6283103ff579f2f7648a13f3fc79368c2c5,8880e0f888b0f0e0,train
cattle_5097,cattle_5097_DSCF7888.jpg,BeefCattle_Muzzle_Individualized/cattle_5097/cattle_5097_DSCF7888.jpg,464,340,7888,a29ed0dc3cc3411606539768d34250425c6c36d6,9080e078889070f0,train
cattle_5097,cattle_5097_DSCF7889.jpg,BeefCattle_Muzzle_Individualized/cattle_5097/cattle_5097_DSCF7889.jpg,464,357,7889,4e82a6d3d6e8f1a403fb601123c88a486f5431ec,8980e0f88090f0e0,train
cattle_5097,cattle_5097_DSCF7891.jpg,BeefCattle_Muzzle_Individualized/cattle_5097/cattle_5097_DSCF7891.jpg,470,345,7891,b5b52f2d5185fa25eabb95660a7181abe173353c,0180e0f88082a2f0,train
cattle_5097,cattle_5097_DSCF7892.jpg,BeefCattle_Muzzle_Individualized/cattle_5097/cattle_5097_DSCF7892.jpg,475,357,7892,be4996371c6bb858dd416e4b129fe47ebda6c231,0080e0f88082f0ec,train
cattle_5097,cattle_5097_DSCF7893.jpg,BeefCattle_Muzzle_Individualized/cattle_5097/cattle_5097_DSCF7893.jpg,475,362,7893,f943c1b309bf6204536a0296b9af55cbceb3bbaf,0980e0f88082b2e0,train
cattle_5097,cattle_5097_DSCF7894.jpg,BeefCattle_Muzzle_Individualized/cattle_5097/cattle_5097_DSCF7894.jpg,458,351,7894,c9e7ecf997b1fed42a080c0ebf6f4e0fae558401,1080e0f08082b270,train
cattle_5097,cattle_5097_DSCF7895.jpg,BeefCattle_Muzzle_Individualized/cattle_5097/cattle_5097_DSCF7895.jpg,447,351,7895,1c66383211ec59039abca09e00c1be32cc11720b,191080f180928270,train
cattle_5097,cattle_5097_DSCF7896.jpg,BeefCattle_Muzzle_Individualized/cattle_5097/cattle_5097_DSCF7896.jpg,475,362,7896,94bbf2edc289bbad563a0d6976661b6ba7f316af,0980e0f98882e0e8,train
cattle_5097,cattle_5097_DSCF7897.jpg,BeefCattle_Muzzle_Individualized/cattle_5097/cattle_5097_DSCF7897.jpg,475,357,7897,48b960a39c1a2762dc003d91095ac7a764ea3478,8180e0f18882e0ec,train
cattle_5100,cattle_5100_DSCF7993.jpg,BeefCattle_Muzzle_Individualized/cattle_5100/cattle_5100_DSCF7993.jpg,401,288,7993,36a80edc6693a9853ad76c904867e409687434f4,9cd8f8f1108686dc,train
cattle_5100,cattle_5100_DSCF7994.jpg,BeefCattle_Muzzle_Individualized/cattle_5100/cattle_5100_DSCF7994.jpg,401,294,7994,9dec6123c760551af55805d611e27f33ef251590,8c9cf8f01096c6dc,train
cattle_5100,cattle_5100_DSCF7995.jpg,BeefCattle_Muzzle_Individualized/cattle_5100/cattle_5100_DSCF7995.jpg,401,300,7995,05dc528a4240930562ac2986cec46248e179433c,9cd8f8711096c4c8,train
cattle_5100,cattle_5100_DSCF7996.jpg,BeefCattle_Muzzle_Individualized/cattle_5100/cattle_5100_DSCF7996.jpg,401,311,7996,f5bec4bf9ca37a2f94b8f2c0f876347d7903d4dd,8c9cf8711096c6c8,train
cattle_5100,cattle_5100_DSCF7997.jpg,BeefCattle_Muzzle_Individualized/cattle_5100/cattle_5100_DSCF7997.jpg,401,300,7997,b8ae0ac801d87e4bd808c894693d1c7ba4327af7,9cd8f8711096d6cc,train
cattle_5100,cattle_5100_DSCF7998.jpg,BeefCattle_Muzzle_Individualized/cattle_5100/cattle_5100_DSCF7998.jpg,395,317,7998,89cdd281a7a2700a960b166617ccce8646108a6d,1c98f0f1000684d8,train
cattle_5100,cattle_5100_DSCF7999.jpg,BeefCattle_Muzzle_Individualized/cattle_5100/cattle_5100_DSCF7999.jpg,407,311,7999,08163987f64bc6fadfe249ad29d51df6373348d6,9cd8f8701496d4da,train
cattle_5112,cattle_5112_DSCF7571.jpg,BeefCattle_Muzzle_Individualized/cattle_5112/cattle_5112_DSCF7571.jpg,464,394,7571,0835a49701485672de0234f942ffd5b671cceed3,a5ecec78799e32be,train
cattle_5112,cattle_5112_DSCF7572.jpg,BeefCattle_Muzzle_Individualized/cattle_5112/cattle_5112_DSCF7572.jpg,464,373,7572,3124eb41646c16fc92b4fe27d1d308ae9c05799c,a6e4e8713b9ab2b6,train
cattle_5112,cattle_5112_DSCF7573.jpg,BeefCattle_Muzzle_Individualized/cattle_5112/cattle_5112_DSCF7573.jpg,455,396,7573,a0851284e3bc46e6674d230c8fd10b56e64651b7,25e6e468719f93b3,train
cattle_5112,cattle_5112_DSCF7574.jpg,BeefCattle_Muzzle_Individualized/cattle_5112/cattle_5112_DSCF7574.jpg,455,376,7574,c5458e071992c3f0035f0e68a00cb8fb5f43bed1,2fece4607197b3b2,train
cattle_5112,cattle_5112_DSCF7575.jpg,BeefCattle_Muzzle_Individualized/cattle_5112/cattle_5112_DSCF7575.jpg,492,380,7575,5ed570544caa852f2e4ff50b9dc4f6aea4a7e88a,87ece871718eb2b2,train
cattle_5112,cattle_5112_DSCF7576.jpg,BeefCattle_Muzzle_Individualized/cattle_5112/cattle_5112_DSCF7576.jpg,511,387,7576,c78d47b1e824c1325f253bf698f68bc24b23e805,87ee7c78319e92b2,train
cattle_5112,cattle_5112_DSCF7577.jpg,BeefCattle_Muzzle_Individualized/cattle_5112/cattle_5112_DSCF7577.jpg,478,394,7577,dd0e68e4bbe7a79df98cd5e5be78d9ea2605b169,a7e6e478719ebab2,train
cattle_5112,cattle_5112_DSCF7579.jpg,BeefCattle_Muzzle_Individualized/cattle_5112/cattle_5112_DSCF7579.jpg,464,400,7579,252ca66d73b0cc59ae9257ab55152362ed31b1e8,a5e6ec78719eb2b2,train
cattle_5112,cattle_5112_DSCF7581.jpg,BeefCattle_Muzzle_Individualized/cattle_5112/cattle_5112_DSCF7581.jpg,478,387,7581,bc49d92571547580902580537e0f3743d30c7597,a4ecec78719eb2b2,train
cattle_5112,cattle_5112_DSCF7582.jpg,BeefCattle_Muzzle_Individualized/cattle_5112/cattle_5112_DSCF7582.jpg,464,394,7582,01a0f8f66995f6d5eb29632c570f8a8b2d64e8c3,25e6e4687196b2b2,train
cattle_5112,cattle_5112_DSCF7584.jpg,BeefCattle_Muzzle_Individualized/cattle_5112/cattle_5112_DSCF7584.jpg,505,400,7584,e859134365f29516eee535890c7d380b098e70bf,87c6ec78719e9ab2,train
cattle_5132,cattle_5132_DSCF7743.jpg,BeefCattle_Muzzle_Individualized/cattle_5132/cattle_5132_DSCF7743.jpg,235,197,7743,fc69ff57441693c890e5f5ac9f8847bcfc8f61b8,c0c4f0719282928c,train
cattle_5132,cattle_5132_DSCF7744.jpg,BeefCattle_Muzzle_Individualized/cattle_5132/cattle_5132_DSCF7744.jpg,227,177,7744,0e14bd2182a828e40865a9326a5309c36e6c18dd,c0e0f8799a829084,train
cattle_5132,cattle_5132_DSCF7745.jpg,BeefCattle_Muzzle_Individualized/cattle_5132/cattle_5132_DSCF7745.jpg,232,166,7745,0bba8956fe0a40b786ccf7616658388c7d8ab127,c0e0f8799a828290,train
cattle_5132,cattle_5132_DSCF7746.jpg,BeefCattle_Muzzle_Individualized/cattle_5132/cattle_5132_DSCF7746.jpg,225,174,7746,a6595cc89d78725afde1a733950270521fee344d,c0e0f87998868280,train
cattle_5132,cattle_5132_DSCF7748.jpg,BeefCattle_Muzzle_Individualized/cattle_5132/cattle_5132_DSCF7748.jpg,224,191,7748,65edaa215bab1935379ac4a1c9fc29fcc7166f32,c0c4f1f192829284,train
cattle_5132,cattle_5132_DSCF7749.jpg,BeefCattle_Muzzle_Individualized/cattle_5132/cattle_5132_DSCF7749.jpg,237,184,7749,0330a4f4580ac2bcab6f5e41b1032496daff40b8,e0e0e879da8282c4,train
cattle_5132,cattle_5132_DSCF7750.jpg,BeefCattle_Muzzle_Individualized/cattle_5132/cattle_5132_DSCF7750.jpg,223,175,7750,f663253061ff5adb935da77b91417f683c386792,e0e0e878da828380,train
cattle_5132,cattle_5132_DSCF7752.jpg,BeefCattle_Muzzle_Individualized/cattle_5132/cattle_5132_DSCF7752.jpg,231,178,7752,a7e6eccb5e636c495cb266c84db208ffc960a9e7,e0e0f878d88283c0,train
cattle_5132,cattle_5132_DSCF7753.jpg,BeefCattle_Muzzle_Individualized/cattle_5132/cattle_5132_DSCF7753.jpg,226,184,7753,ba18605c13636e03cd1e8de80a78f9e0bc0fc22d,e0e0f8799a82929c,train
cattle_5132,cattle_5132_DSCF7754.jpg,BeefCattle_Muzzle_Individualized/cattle_5132/cattle_5132_DSCF7754.jpg,228,174,7754,d865d53dc12f4e1ad8f63106312c0b712a949ee0,e0e2f87898828390,train
cattle_5132,cattle_5132_DSCF7755.jpg,BeefCattle_Muzzle_Individualized/cattle_5132/cattle_5132_DSCF7755.jpg,230,185,7755,64ca2d058ba610beba49f2e3b3302c740bd8983f,c0c0d1f196829086,train
cattle_5132,cattle_5132_DSCF7756.jpg,BeefCattle_Muzzle_Individualized/cattle_5132/cattle_5132_DSCF7756.jpg,227,174,7756,ad6260f49e803b9fb414641addfed7483a411970,c0c0f0f1b18686b2,train
cattle_5132,cattle_5132_DSCF8062.jpg,BeefCattle_Muzzle_Individualized/cattle_5132/cattle_5132_DSCF8062.jpg,579,426,8062,2015825c994a0b1c65dadc2ba9fc1e97d1093d7b,8080c058189812e0,train
cattle_5132,cattle_5132_DSCF8063.jpg,BeefCattle_Muzzle_Individualized/cattle_5132/cattle_5132_DSCF8063.jpg,559,440,8063,43e6eb5c0f2cfb86c51b3894c7e651c4eeee49aa,0080c0d8189812a0,train
cattle_5132,cattle_5132_DSCF8064.jpg,BeefCattle_Muzzle_Individualized/cattle_5132/cattle_5132_DSCF8064.jpg,572,433,8064,b9f4e8b8bb07b6354505bfc849645dfc1266a7b2,8880c04898981040,train
cattle_5132,cattle_5132_DSCF8068.jpg,BeefCattle_Muzzle_Individualized/cattle_5132/cattle_5132_DSCF8068.jpg,577,424,8068,620f5c4c91b4a83e1d6a930da3a1dfb22f48a2b7,8880c0c8989812a0,train
cattle_5132,cattle_5132_DSCF8070.jpg,BeefCattle_Muzzle_Individualized/cattle_5132/cattle_5132_DSCF8070.jpg,564,437,8070,66716894cae60ce578a33569e0e3f95462fe0e12,0880c0c8589812e0,train
cattle_5132,cattle_5132_DSCF8072.jpg,BeefCattle_Muzzle_Individualized/cattle_5132/cattle_5132_DSCF8072.jpg,577,421,8072,21d6cb34d42387d555de77d7acdfbb341a40d03e,88c0c058989812e0,train
cattle_5132,cattle_5132_DSCF8073.jpg,BeefCattle_Muzzle_Individualized/cattle_5132/cattle_5132_DSCF8073.jpg,577,428,8073,12b526fbf55e9959d26b3c7e9feb04d1e949dcf9,c880c048d89892a0,train
cattle_5132,cattle_5132_DSCF8075.jpg,BeefCattle_Muzzle_Individualized/cattle_5132/cattle_5132_DSCF8075.jpg,572,399,8075,7a14534a549e08ac0012c1dca3e379af9a89cacc,80c0c078989892e0,train
cattle_5132,cattle_5132_DSCF8076.jpg,BeefCattle_Muzzle_Individualized/cattle_5132/cattle_5132_DSCF8076.jpg,591,411,8076,2b4e5ed3f479b125c8cbd67f1d9429ec5bfb2f96,88c0c068189892e0,train
cattle_5133,cattle_5133_DSCF7743.jpg,BeefCattle_Muzzle_Individualized/cattle_5133/cattle_5133_DSCF7743.jpg,263,196,7743,36001ef6980b69e8632c1b5ea9549b58f3525062,0f98f07171979b8a,dev
cattle_5133,cattle_5133_DSCF7744.jpg,BeefCattle_Muzzle_Individualized/cattle_5133/cattle_5133_DSCF7744.jpg,263,200,7744,29ed07bf32a3f6564f3ddcae7c0b431c4f8ab502,8ddcf07131969e9a,dev
cattle_5133,cattle_5133_DSCF7747.jpg,BeefCattle_Muzzle_Individualized/cattle_5133/cattle_5133_DSCF7747.jpg,273,203,7747,d7488779e73dfbac2afe96557befa9d381546e94,0d8cf07171969eba,dev
cattle_5133,cattle_5133_DSCF7749.jpg,BeefCattle_Muzzle_Individualized/cattle_5133/cattle_5133_DSCF7749.jpg,275,205,7749,a2354a708341666878e107f6e3f0fb07ab0ca2c8,0fccf87171969e8a,dev
cattle_5133,cattle_5133_DSCF7750.jpg,BeefCattle_Muzzle_Individualized/cattle_5133/cattle_5133_DSCF7750.jpg,281,218,7750,626fd1e79c419a439076e2158f0d67086ca55c70,8dcff87871969e9a,dev
cattle_5133,cattle_5133_DSCF7751.jpg,BeefCattle_Muzzle_Individualized/cattle_5133/cattle_5133_DSCF7751.jpg,260,211,7751,055e9a5bd8357bf50d266005cccc4ae4d6d2fb9e,098cf0f161969e9a,dev
cattle_5133,cattle_5133_DSCF7752.jpg,BeefCattle_Muzzle_Individualized/cattle_5133/cattle_5133_DSCF7752.jpg,269,217,7752,4114f282b7d9810d46e5478f225daf0be867d903,099cf07121969e9e,dev
cattle_5133,cattle_5133_DSCF7753.jpg,BeefCattle_Muzzle_Individualized/cattle_5133/cattle_5133_DSCF7753.jpg,276,207,7753,f527ef8df9943121cf02f893bd1baa68ae1dc2da,8d9cf07121969ede,dev
cattle_5138,cattle_5138_DSCF8910.jpg,BeefCattle_Muzzle_Individualized/cattle_5138/cattle_5138_DSCF8910.jpg,641,505,8910,30c91522770dc35f5b3a2bdf52fc6417d933271a,c8d4e071a5841e1c,train
cattle_5138,cattle_5138_DSCF8911.jpg,BeefCattle_Muzzle_Individualized/cattle_5138/cattle_5138_DSCF8911.jpg,627,487,8911,dc6a5879cbc592d96fd91654fda00edf9dde7431,c8d4e06904861e16,train
cattle_5138,cattle_5138_DSCF8912.jpg,BeefCattle_Muzzle_Individualized/cattle_5138/cattle_5138_DSCF8912.jpg,626,473,8912,1a7cf51ddaab6142d16d02d4d7043c6e5805a40b,d8d4e071a5861e1e,train
cattle_5138,cattle_5138_DSCF8913.jpg,BeefCattle_Muzzle_Individualized/cattle_5138/cattle_5138_DSCF8913.jpg,627,466,8913,fc14cec093a81e97c665fe8229a18eac7508ec22,c8d4e07125868e16,train
cattle_5138,cattle_5138_DSCF8914.jpg,BeefCattle_Muzzle_Individualized/cattle_5138/cattle_5138_DSCF8914.jpg,630,481,8914,b39a5fccffbaed0e313242bbb74de069bd16dacc,c8d4e07106861e16,train
cattle_5138,cattle_5138_DSCF8916.jpg,BeefCattle_Muzzle_Individualized/cattle_5138/cattle_5138_DSCF8916.jpg,621,501,8916,b96c3e782941213ff5d6369447119ed850157ded,90f0e870300e9ede,train
cattle_5138,cattle_5138_DSCF8917.jpg,BeefCattle_Muzzle_Individualized/cattle_5138/cattle_5138_DSCF8917.jpg,609,473,8917,06e06c4e6c57e5aefae4a2fcea113befe27fcc61,d0f4e86030060e9f,train
cattle_5138,cattle_5138_DSCF8918.jpg,BeefCattle_Muzzle_Individualized/cattle_5138/cattle_5138_DSCF8918.jpg,639,471,8918,5872652f140666761ba82ee1dcf6a74e37f228cb,90d0f8603606878f,train
cattle_5138,cattle_5138_DSCF8919.jpg,BeefCattle_Muzzle_Individualized/cattle_5138/cattle_5138_DSCF8919.jpg,635,518,8919,ad558d6c5a5b086eba5dd7ebe5c6987293f3435f,82d0f8603006868f,train
cattle_5138,cattle_5138_DSCF8920.jpg,BeefCattle_Muzzle_Individualized/cattle_5138/cattle_5138_DSCF8920.jpg,663,503,8920,06fe5de1769972ef5e83cd12938df011b8c5f49d,80d0f86030068e8e,train
cattle_5143,cattle_5143_DSCF7970.jpg,BeefCattle_Muzzle_Individualized/cattle_5143/cattle_5143_DSCF7970.jpg,413,317,7970,7f3a8a2bb3aa792dc8f4da11e4614db4d8df61f1,8c98f871108694d8,train
cattle_5143,cattle_5143_DSCF7971.jpg,BeefCattle_Muzzle_Individualized/cattle_5143/cattle_5143_DSCF7971.jpg,407,317,7971,b2122f2c9fe99bf0e7c673423cd95f3506641ba6,8cdcf871108696d8,train
cattle_5143,cattle_5143_DSCF7972.jpg,BeefCattle_Muzzle_Individualized/cattle_5143/cattle_5143_DSCF7972.jpg,395,305,7972,e664551b27b977c6229718f0f87e2c39e67fd495,8cd8f870148696d8,train
cattle_5143,cattle_5143_DSCF7978.jpg,BeefCattle_Muzzle_Individualized/cattle_5143/cattle_5143_DSCF7978.jpg,401,311,7978,e23aab47f41e81918960927bfef70724cc2b686c,0c98f071148696d8,train
cattle_5153,cattle_5153_DSCF9128.jpg,BeefCattle_Muzzle_Individualized/cattle_5153/cattle_5153_DSCF9128.jpg,361,271,9128,b63ed51a64508ebbcff7fa21f1f0cf1e308202f9,cce071714f8f86c4,dev
cattle_5153,cattle_5153_DSCF9129.jpg,BeefCattle_Muzzle_Individualized/cattle_5153/cattle_5153_DSCF9129.jpg,361,277,9129,04b9abfd4583c023f943af90a1786c2684ef6fc2,ccc8f171650e8fcc,dev
cattle_5153,cattle_5153_DSCF9130.jpg,BeefCattle_Muzzle_Individualized/cattle_5153/cattle_5153_DSCF9130.jpg,338,277,9130,b5272ed928cb932603730c37d401850b2bfca839,88d0e1e1cd0e8e9c,dev
cattle_5153,cattle_5153_DSCF9132.jpg,BeefCattle_Muzzle_Individualized/cattle_5153/cattle_5153_DSCF9132.jpg,388,255,9132,4fa2f2fdae8224e4b8b71d368e05a6aff843c28c,cce87171690e8ecf,dev
cattle_5164,cattle_5164_DSCF7139.jpg,BeefCattle_Muzzle_Individualized/cattle_5164/cattle_5164_DSCF7139.jpg,319,267,7139,1b479718c326555a442843e8403cff831fde9cbf,e4ecf47196869290,train
cattle_5164,cattle_5164_DSCF7140.jpg,BeefCattle_Muzzle_Individualized/cattle_5164/cattle_5164_DSCF7140.jpg,339,280,7140,c1176c5a99913a9cc924f5fd7df67f9a497a45e1,f0ec7071968694d0,train
cattle_5164,cattle_5164_DSCF7141.jpg,BeefCattle_Muzzle_Individualized/cattle_5164/cattle_5164_DSCF7141.jpg,323,249,7141,02bf841a7363e951e965db832e085b90f2a1b86e,fcece07012968290,train
cattle_5164,cattle_5164_DSCF7142.jpg,BeefCattle_Muzzle_Individualized/cattle_5164/cattle_5164_DSCF7142.jpg,329,272,7142,8cd04cf1172ce5f872e3d8343125d6bb41e84e23,e8ece07196869280,train
cattle_5164,cattle_5164_DSCF7143.jpg,BeefCattle_Muzzle_Individualized/cattle_5164/cattle_5164_DSCF7143.jpg,326,260,7143,e6c1f4ae725281d235be39cdc2dbfb4aed7d5bfe,e9ece871148626b4,train
cattle_5164,cattle_5164_DSCF7144.jpg,BeefCattle_Muzzle_Individualized/cattle_5164/cattle_5164_DSCF7144.jpg,315,264,7144,888426ccae42d889c00b81e0e7662a7911a7bcb2,e4ecf47096963694,train
cattle_5164,cattle_5164_DSCF7145.jpg,BeefCattle_Muzzle_Individualized/cattle_5164/cattle_5164_DSCF7145.jpg,321,246,7145,e486a46951e686569f4c552ef8dd00548dd7cf89,ececf071969636b0,train
cattle_5164,cattle_5164_DSCF7146.jpg,BeefCattle_Muzzle_Individualized/cattle_5164/cattle_5164_DSCF7146.jpg,313,260,7146,59eac88e5cc6435f7f9b7d1db9a1ebec1092e646,e8ecf471160636b4,train
cattle_5164,cattle_5164_DSCF7147.jpg,BeefCattle_Muzzle_Individualized/cattle_5164/cattle_5164_DSCF7147.jpg,317,253,7147,e835eaa5942013f52d795269cfabcb5ecc75d0fb,e4ecf471969696b0,train
cattle_5164,cattle_5164_DSCF7148.jpg,BeefCattle_Muzzle_Individualized/cattle_5164/cattle_5164_DSCF7148.jpg,313,259,7148,7364bc3969d4335009c58fd1a8d3eadd67d24f28,ececf0719686b694,train
cattle_5164,cattle_5164_DSCF7150.jpg,BeefCattle_Muzzle_Individualized/cattle_5164/cattle_5164_DSCF7150.jpg,318,248,7150,fa1913bac8d24f5fdb988a6eb12c67ac91dbb359,ececf471961636b4,train
cattle_5164,cattle_5164_DSCF7209.jpg,BeefCattle_Muzzle_Individualized/cattle_5164/cattle_5164_DSCF7209.jpg,420,345,7209,946894398d4e4e270eaf478fbf00a1ea572fdec0,e9cce8f1170686a2,train
cattle_5164,cattle_5164_DSCF7210.jpg,BeefCattle_Muzzle_Individualized/cattle_5164/cattle_5164_DSCF7210.jpg,416,342,7210,d424a06aa03db1827f5a3c25829f3c7ace6a1ab9,e9cce8f1770e86a0,train
cattle_5164,cattle_5164_DSCF7211.jpg,BeefCattle_Muzzle_Individualized/cattle_5164/cattle_5164_DSCF7211.jpg,427,334,7211,8b92c79a959f4a5e7981db370304793fe58248c3,eccce0711706a686,train
cattle_5164,cattle_5164_DSCF7215.jpg,BeefCattle_Muzzle_Individualized/cattle_5164/cattle_5164_DSCF7215.jpg,412,317,7215,94bc3d4640314c37222fd6b42b6629515e16c652,eccce8713706a6a6,train
cattle_5164,cattle_5164_DSCF7216.jpg,BeefCattle_Muzzle_Individualized/cattle_5164/cattle_5164_DSCF7216.jpg,416,317,7216,eacd2a839a046733da5ce305bbb6b5499304c1ac,eccce871750686a2,train
cattle_5164,cattle_5164_DSCF7219.jpg,BeefCattle_Muzzle_Individualized/cattle_5164/cattle_5164_DSCF7219.jpg,420,317,7219,cfb394608ce6b41ae7e0e0318fefaf309ca4c07c,ceecf0711f06a6a6,train
cattle_5164,cattle_5164_DSCF7220.jpg,BeefCattle_Muzzle_Individualized/cattle_5164/cattle_5164_DSCF7220.jpg,412,327,7220,451b15523678291ba5feec6058ea6256b570fc48,eccce071170686a4,train
cattle_5164,cattle_5164_DSCF7222.jpg,BeefCattle_Muzzle_Individualized/cattle_5164/cattle_5164_DSCF7222.jpg,402,327,7222,05bffac29309e53ccb216f05c8e80e30436a2bce,cecce0f11706a2a6,train
cattle_5164,cattle_5164_DSCF7224.jpg,BeefCattle_Muzzle_Individualized/cattle_5164/cattle_5164_DSCF7224.jpg,409,324,7224,aff9df314737c96a8b3666630d2541b5f61d4e62,eecce470170786a2,train
cattle_5165,cattle_5165_DSCF7352.jpg,BeefCattle_Muzzle_Individualized/cattle_5165/cattle_5165_DSCF7352.jpg,523,430,7352,c717e6c0ba239d52793de2685abd6f67010d5d0b,b080c1810d1e1620,train
cattle_5165,cattle_5165_DSCF7353.jpg,BeefCattle_Muzzle_Individualized/cattle_5165/cattle_5165_DSCF7353.jpg,533,454,7353,42716e11a1a1e7bb656f95a9821c088a04a3a463,90a0c0c1091e1600,train
cattle_5165,cattle_5165_DSCF7354.jpg,BeefCattle_Muzzle_Individualized/cattle_5165/cattle_5165_DSCF7354.jpg,533,437,7354,8491c551f2f63ecea1705576ae392ee1e2d3c1fa,90a0c1c10f1e1610,train
cattle_5165,cattle_5165_DSCF7355.jpg,BeefCattle_Muzzle_Individualized/cattle_5165/cattle_5165_DSCF7355.jpg,515,420,7355,8a0a7457ef3ca624a7ed6c0cec6eeed557d675ea,70a0c1810d1e1630,train
cattle_5165,cattle_5165_DSCF7356.jpg,BeefCattle_Muzzle_Individualized/cattle_5165/cattle_5165_DSCF7356.jpg,550,402,7356,6eb096d20dac0bb5ec42313930f386bba755107c,b0a0c1c1091e1e37,train
cattle_5165,cattle_5165_DSCF7357.jpg,BeefCattle_Muzzle_Individualized/cattle_5165/cattle_5165_DSCF7357.jpg,544,425,7357,10b4b0d3be399a9290f35d0c5e049f78ac931b47,b0f0c0c10d0e1633,train
cattle_5165,cattle_5165_DSCF7358.jpg,BeefCattle_Muzzle_Individualized/cattle_5165/cattle_5165_DSCF7358.jpg,527,414,7358,ce997255f88d4953daeaa3ca93c8eb715283a504,b0a0c1c10d1e16b0,train
cattle_5165,cattle_5165_DSCF7360.jpg,BeefCattle_Muzzle_Individualized/cattle_5165/cattle_5165_DSCF7360.jpg,558,454,7360,582b9224a7025ef2c762ddb80fefbfcb360fb31a,92b0c0c1058e1210,train
cattle_5165,cattle_5165_DSCF7361.jpg,BeefCattle_Muzzle_Individualized/cattle_5165/cattle_5165_DSCF7361.jpg,564,441,7361,1788875ac61d6d82522079f94e1d675f561e0907,a8d0c041058e1310,train
cattle_5170,cattle_5170_DSCF7633.jpg,BeefCattle_Muzzle_Individualized/cattle_5170/cattle_5170_DSCF7633.jpg,252,187,7633,8d6d25178fa6d3d7a65013d54d8f7733d623d09a,4ec0e8e0c69792b2,train
cattle_5170,cattle_5170_DSCF7634.jpg,BeefCattle_Muzzle_Individualized/cattle_5170/cattle_5170_DSCF7634.jpg,258,197,7634,73310374eeb8dbaeb8507f158b13c7707d3d7345,4fcce0e850c793d2,train
cattle_5170,cattle_5170_DSCF7635.jpg,BeefCattle_Muzzle_Individualized/cattle_5170/cattle_5170_DSCF7635.jpg,264,191,7635,8eefb9e8d8d880c7d29dcab86d9a235d3414d4a4,4ec0e8e1969687a4,train
cattle_5170,cattle_5170_DSCF7636.jpg,BeefCattle_Muzzle_Individualized/cattle_5170/cattle_5170_DSCF7636.jpg,281,220,7636,441e286d3fcdb31bd52f9ae26e47b320ab798f21,4ecce069d6969798,train
cattle_5170,cattle_5170_DSCF7651.jpg,BeefCattle_Muzzle_Individualized/cattle_5170/cattle_5170_DSCF7651.jpg,407,305,7651,a6699b509a8faf313bca82a48150dc46bf2c3c6a,4ecce8e026963316,train
cattle_5170,cattle_5170_DSCF7652.jpg,BeefCattle_Muzzle_Individualized/cattle_5170/cattle_5170_DSCF7652.jpg,407,300,7652,72c514558cd745c3f0e27e0678db7a0ff45f6e3a,4ecce8e06696b392,train
cattle_5170,cattle_5170_DSCF7654.jpg,BeefCattle_Muzzle_Individualized/cattle_5170/cattle_5170_DSCF7654.jpg,395,294,7654,61dc42f8ad06b411f27c9bd4c14e1b2a11824db4,4e5eccc849161683,train
cattle_5170,cattle_5170_DSCF7655.jpg,BeefCattle_Muzzle_Individualized/cattle_5170/cattle_5170_DSCF7655.jpg,395,282,7655,90d46fc4e14735c009dc70a5f432a7b69bd76455,4ecce8e0669693f3,train
cattle_5170,cattle_5170_DSCF7656.jpg,BeefCattle_Muzzle_Individualized/cattle_5170/cattle_5170_DSCF7656.jpg,424,288,7656,a42bbf1506be0ad3399dd5a7c0d211d0a28fa9d9,4ecce0e0669612f3,train
cattle_5170,cattle_5170_DSCF7657.jpg,BeefCattle_Muzzle_Individualized/cattle_5170/cattle_5170_DSCF7657.jpg,390,300,7657,3544bf4fc76607492df4543e36f41806d20cfa27,4ecce0e17696b537,train
cattle_5170,cattle_5170_DSCF7662.jpg,BeefCattle_Muzzle_Individualized/cattle_5170/cattle_5170_DSCF7662.jpg,413,305,7662,0a7a8e74a36c8596ff019a1dbfcedf73b571da85,4fcec8e87096b6d6,train
cattle_5170,cattle_5170_DSCF7663.jpg,BeefCattle_Muzzle_Individualized/cattle_5170/cattle_5170_DSCF7663.jpg,407,300,7663,0727d5b1372c4a8da4e870d30e9b709888b156b6,4fcce8e87496b2c2,train
cattle_5170,cattle_5170_DSCF7664.jpg,BeefCattle_Muzzle_Individualized/cattle_5170/cattle_5170_DSCF7664.jpg,413,294,7664,e24d630f3aa392511c69282526bfa032680f76b6,4eccc8e87496b6d6,train
cattle_5170,cattle_5170_DSCF7665.jpg,BeefCattle_Muzzle_Individualized/cattle_5170/cattle_5170_DSCF7665.jpg,401,317,7665,82c603e99a8b4aeb2ebb158bfa5f6e9e270fe422,4eccc8e89696b683,train
cattle_5170,cattle_5170_DSCF7666.jpg,BeefCattle_Muzzle_Individualized/cattle_5170/cattle_5170_DSCF7666.jpg,397,318,7666,8522f3d9068b4c10237f7ecb07c6a0c8562c1547,cecce0703797b2c7,train
cattle_5170,cattle_5170_DSCF7667.jpg,BeefCattle_Muzzle_Individualized/cattle_5170/cattle_5170_DSCF7667.jpg,408,331,7667,21b6cd184d9650909ab00f980eafbb3976f0ccab,efeee8783596b786,train
cattle_5170,cattle_5170_DSCF7668.jpg,BeefCattle_Muzzle_Individualized/cattle_5170/cattle_5170_DSCF7668.jpg,388,317,7668,7cadebc3aabfd8cebd7d55816fe6ce68f51e7300,4ecce8f8753637b6,train
cattle_5170,cattle_5170_DSCF7669.jpg,BeefCattle_Muzzle_Individualized/cattle_5170/cattle_5170_DSCF7669.jpg,379,293,7669,7348bac97eb3642f0fbc84101f5e92c4fee7075e,cecce87036373796,train
cattle_5170,cattle_5170_DSCF7670.jpg,BeefCattle_Muzzle_Individualized/cattle_5170/cattle_5170_DSCF7670.jpg,393,289,7670,5288510ae430b0402749b1698597e3f184239d5c,efe4e0783697b3f2,train
cattle_5170,cattle_5170_DSCF7671.jpg,BeefCattle_Muzzle_Individualized/cattle_5170/cattle_5170_DSCF7671.jpg,403,316,7671,0596c22e3441e7c07c8f82224a9246f1f4861ac2,efe6e4783697b796,train
cattle_5170,cattle_5170_DSCF9023.jpg,BeefCattle_Muzzle_Individualized/cattle_5170/cattle_5170_DSCF9023.jpg,260,204,9023,9337e3370b4397beb29060c0a714bdfdcb691cde,cecce870508fb3b2,train
cattle_5170,cattle_5170_DSCF9024.jpg,BeefCattle_Muzzle_Individualized/cattle_5170/cattle_5170_DSCF9024.jpg,270,208,9024,1110df2f90916d6c57b40daa28b8513c044a1c7b,cecce8705086b292,train
cattle_5170,cattle_5170_DSCF9026.jpg,BeefCattle_Muzzle_Individualized/cattle_5170/cattle_5170_DSCF9026.jpg,275,208,9026,569b70b8eb612562d38a322615bf348ed1b3db86,cecce860718e92b2,train
cattle_5170,cattle_5170_DSCF9027.jpg,BeefCattle_Muzzle_Individualized/cattle_5170/cattle_5170_DSCF9027.jpg,270,225,9027,70eb137d35f07d05147e4bf1f920d6b5407a062f,cfcee8607086b2d2,train
cattle_5170,cattle_5170_DSCF9028.jpg,BeefCattle_Muzzle_Individualized/cattle_5170/cattle_5170_DSCF9028.jpg,275,202,9028,c38a7a7e0dc99974d2e0abf2a545e1e180c31c82,cfceec68700e97b2,train
cattle_5170,cattle_5170_DSCF9029.jpg,BeefCattle_Muzzle_Individualized/cattle_5170/cattle_5170_DSCF9029.jpg,281,220,9029,61fe6fb889af9722110d2227b28a6f9c233aa8ff,cecce8607186b2d2,train
cattle_5170,cattle_5170_DSCF9030.jpg,BeefCattle_Muzzle_Individualized/cattle_5170/cattle_5170_DSCF9030.jpg,275,208,9030,f9e8c25755ca6fc596615b1baad10069bd74bafe,cecce870708e9292,train
cattle_5170,cattle_5170_DSCF9032.jpg,BeefCattle_Muzzle_Individualized/cattle_5170/cattle_5170_DSCF9032.jpg,270,191,9032,73cc111a720467eb96f264f545e22b5de0f6c77f,cecce8f1718eb6b0,train
cattle_5170,cattle_5170_DSCF9033.jpg,BeefCattle_Muzzle_Individualized/cattle_5170/cattle_5170_DSCF9033.jpg,252,214,9033,abc876b23243c4576422334330f594fc6490b895,4ecce8e0d50e32d2,train
cattle_5170,cattle_5170_DSCF9034.jpg,BeefCattle_Muzzle_Individualized/cattle_5170/cattle_5170_DSCF9034.jpg,275,220,9034,28180637867e4995124d4b8457734a8f1442075d,cecce8705496b2c2,train
cattle_5170,cattle_5170_DSCF9035.jpg,BeefCattle_Muzzle_Individualized/cattle_5170/cattle_5170_DSCF9035.jpg,281,197,9035,5cd45e070df852a3f64c67390110d22324239e10,8ecce871558eb2d0,train
cattle_5170,cattle_5170_DSCF9036.jpg,BeefCattle_Muzzle_Individualized/cattle_5170/cattle_5170_DSCF9036.jpg,287,214,9036,d3d062a8cb88eaeee5267bd599bb2af0b361da7d,cecce8717586b2d2,train
cattle_5170,cattle_5170_DSCF9037.jpg,BeefCattle_Muzzle_Individualized/cattle_5170/cattle_5170_DSCF9037.jpg,270,214,9037,2b828928e54e089b1305b9645d49f35b659cd73c,4ecce8e15586b292,train
cattle_5170,cattle_5170_DSCF9042.jpg,BeefCattle_Muzzle_Individualized/cattle_5170/cattle_5170_DSCF9042.jpg,275,208,9042,2eadef93503631a554ba78b1760d56130bca063b,cfcce870718e92d2,train
cattle_5171,cattle_5171_DSCF9023.jpg,BeefCattle_Muzzle_Individualized/cattle_5171/cattle_5171_DSCF9023.jpg,218,140,9023,e0960bc0fb1974cbf2ce04040891452051e64fee,8cd8f0f0f0948ce4,dev
cattle_5171,cattle_5171_DSCF9024.jpg,BeefCattle_Muzzle_Individualized/cattle_5171/cattle_5171_DSCF9024.jpg,212,151,9024,5317c82427941a9655da21acdcb2e84c3a244e3e,8e8cf0f0f094ace4,dev
cattle_5171,cattle_5171_DSCF9026.jpg,BeefCattle_Muzzle_Individualized/cattle_5171/cattle_5171_DSCF9026.jpg,212,145,9026,dec196321d60aac1c57e13313e5c64893d820207,8e8ef8f0f0969ee4,dev
cattle_5171,cattle_5171_DSCF9027.jpg,BeefCattle_Muzzle_Individualized/cattle_5171/cattle_5171_DSCF9027.jpg,218,157,9027,70af932dec1c001c5fea811daee171d5e0d88725,8eccf0f0f096cce4,dev
cattle_5171,cattle_5171_DSCF9030.jpg,BeefCattle_Muzzle_Individualized/cattle_5171/cattle_5171_DSCF9030.jpg,195,168,9030,643252619b0b11af458229d6e618fa70b2e7a226,0f87f878f8dbd3e0,dev
cattle_5171,cattle_5171_DSCF9031.jpg,BeefCattle_Muzzle_Individualized/cattle_5171/cattle_5171_DSCF9031.jpg,212,168,9031,90034daf156945197b10ef08ef048618fd05b984,0e8cf0f0f094e4c4,dev
cattle_5171,cattle_5171_DSCF9033.jpg,BeefCattle_Muzzle_Individualized/cattle_5171/cattle_5171_DSCF9033.jpg,235,168,9033,0cf7376bd2e70c16f364d832022ea0f253954b25,8cccf0f1f09ce4c1,dev
cattle_5171,cattle_5171_DSCF9034.jpg,BeefCattle_Muzzle_Individualized/cattle_5171/cattle_5171_DSCF9034.jpg,241,157,9034,3bb8c9146408d2cc8f12f02958053f2714b97c95,8eccf0f1f0d4e4e1,dev
cattle_5171,cattle_5171_DSCF9035.jpg,BeefCattle_Muzzle_Individualized/cattle_5171/cattle_5171_DSCF9035.jpg,247,145,9035,b22675bd03f28b2af7a29162aaa336644c24df79,8cf8f0f1f0d4c4e1,dev
cattle_5171,cattle_5171_DSCF9037.jpg,BeefCattle_Muzzle_Individualized/cattle_5171/cattle_5171_DSCF9037.jpg,218,157,9037,9db977a1b27b9781dc9d850ef3b42ac24ee7179f,0e8cf0f0f0b4bce0,dev
cattle_5171,cattle_5171_DSCF9039.jpg,BeefCattle_Muzzle_Individualized/cattle_5171/cattle_5171_DSCF9039.jpg,230,151,9039,9545e065902cd88c5dfc70c7d2813132f92d8ca1,8eccf071f094d4e4,dev
cattle_5171,cattle_5171_DSCF9040.jpg,BeefCattle_Muzzle_Individualized/cattle_5171/cattle_5171_DSCF9040.jpg,218,162,9040,117161f25ad861a032c56d552fe5753b085b2cb9,0e9cf0f1f0b4e4c1,dev
cattle_5171,cattle_5171_DSCF9041.jpg,BeefCattle_Muzzle_Individualized/cattle_5171/cattle_5171_DSCF9041.jpg,230,168,9041,0df3ef0f1690ce606c22458bcd1e5836aee6b600,8ecef870f0dee4e4,dev
cattle_5171,cattle_5171_DSCF9042.jpg,BeefCattle_Muzzle_Individualized/cattle_5171/cattle_5171_DSCF9042.jpg,207,168,9042,76b5777c7588f3d4805589e4500229cda5d26109,0e8cf0f1f096e4c1,dev
cattle_5197,cattle_5197_DSCF7686.jpg,BeefCattle_Muzzle_Individualized/cattle_5197/cattle_5197_DSCF7686.jpg,298,202,7686,845b3891ac0fb4912bb2aa9cd790f985b5229eaf,6cc2f071519692f2,train
cattle_5197,cattle_5197_DSCF7687.jpg,BeefCattle_Muzzle_Individualized/cattle_5197/cattle_5197_DSCF7687.jpg,292,220,7687,3afb011e16c66a5660c4cdc84213b0c6e585e79c,4dc6f071d39692f0,train
cattle_5197,cattle_5197_DSCF7702.jpg,BeefCattle_Muzzle_Individualized/cattle_5197/cattle_5197_DSCF7702.jpg,298,208,7702,5e0e60a030764011707cf7f7523fff3a026dd58d,ced4f0719696b2e0,train
cattle_5197,cattle_5197_DSCF7703.jpg,BeefCattle_Muzzle_Individualized/cattle_5197/cattle_5197_DSCF7703.jpg,304,220,7703,e443ed35c979311ef3c7ae5feb0d5580e4568195,6cc6f061d29692e0,train
cattle_5197,cattle_5197_DSCF7704.jpg,BeefCattle_Muzzle_Individualized/cattle_5197/cattle_5197_DSCF7704.jpg,310,202,7704,114ac4689895f38e8a6e857f6391d04cf0782e2d,8ef0e061ce9a92f0,train
cattle_5197,cattle_5197_DSCF7705.jpg,BeefCattle_Muzzle_Individualized/cattle_5197/cattle_5197_DSCF7705.jpg,304,225,7705,83a3c506aa20438b4b6bf8e77e4807b6cf2dea35,6ec0e071d692b2c0,train
cattle_5197,cattle_5197_DSCF7706.jpg,BeefCattle_Muzzle_Individualized/cattle_5197/cattle_5197_DSCF7706.jpg,298,220,7706,140951d7dc5d7db3e0f6c9eb90d1e98d063feba2,4ee0c1519696b2c0,train
cattle_5197,cattle_5197_DSCF7707.jpg,BeefCattle_Muzzle_Individualized/cattle_5197/cattle_5197_DSCF7707.jpg,298,242,7707,c8cf41024a11ac845ff84c4272322715f4a55a5a,4ec4f061d692b2c4,train
cattle_5197,cattle_5197_DSCF7708.jpg,BeefCattle_Muzzle_Individualized/cattle_5197/cattle_5197_DSCF7708.jpg,310,225,7708,215de08907ec23c3df522370a9d0ac1bd1e3eb20,4ec0e171d696b2e0,train
cattle_5197,cattle_5197_DSCF7709.jpg,BeefCattle_Muzzle_Individualized/cattle_5197/cattle_5197_DSCF7709.jpg,292,220,7709,09d682ac4e4b9b0b7f712980392159fec5009bf4,4e80f061d69293f0,train
cattle_5197,cattle_5197_DSCF7710.jpg,BeefCattle_Muzzle_Individualized/cattle_5197/cattle_5197_DSCF7710.jpg,310,231,7710,eec40bc53211578f14fa29026fa545d65154a67c,6ec0e061d69ad2e0,train
cattle_5197,cattle_5197_DSCF7711.jpg,BeefCattle_Muzzle_Individualized/cattle_5197/cattle_5197_DSCF7711.jpg,304,225,7711,840d4a6089ef6c320a06b550744b806b0320846c,4e84e0615696b2e0,train
cattle_5197,cattle_5197_DSCF7712.jpg,BeefCattle_Muzzle_Individualized/cattle_5197/cattle_5197_DSCF7712.jpg,304,214,7712,c42fcf20d742ed291091725cf56b01e2ff4ed5a8,cef0e171d692b2e0,train
cattle_5197,cattle_5197_DSCF7713.jpg,BeefCattle_Muzzle_Individualized/cattle_5197/cattle_5197_DSCF7713.jpg,304,214,7713,298d37fa4778404276eff46ab9f9a57d80b48b66,cef0e1719692f0e4,train
cattle_5207,cattle_5207_DSCF8793.jpg,BeefCattle_Muzzle_Individualized/cattle_5207/cattle_5207_DSCF8793.jpg,310,214,8793,a497aaa53aee07276f93aafbf20dbf225b29baeb,8ee47070f686c6c6,train
cattle_5207,cattle_5207_DSCF8794.jpg,BeefCattle_Muzzle_Individualized/cattle_5207/cattle_5207_DSCF8794.jpg,298,214,8794,1fa644e9fb348b5a0f82efcdd160435157690bf1,8eecf0f0d6868ed2,train
cattle_5207,cattle_5207_DSCF8795.jpg,BeefCattle_Muzzle_Individualized/cattle_5207/cattle_5207_DSCF8795.jpg,275,225,8795,ddf3b9d4ca6968b5b33f804116dda91ac006e2bf,8ecce0f0d68e8e8e,train
cattle_5207,cattle_5207_DSCF8796.jpg,BeefCattle_Muzzle_Individualized/cattle_5207/cattle_5207_DSCF8796.jpg,287,220,8796,0e390082b3d8b0c30ab55dc3bb6718715b2f7e7e,8ecee0f0d6868e8c,train
cattle_5207,cattle_5207_DSCF8797.jpg,BeefCattle_Muzzle_Individualized/cattle_5207/cattle_5207_DSCF8797.jpg,281,214,8797,3efdc60302f00a8f63d1918c6e612d2daa79ed6d,8eccf0f196868e8e,train
cattle_5207,cattle_5207_DSCF8799.jpg,BeefCattle_Muzzle_Individualized/cattle_5207/cattle_5207_DSCF8799.jpg,281,214,8799,22dd57b5a25334d5253743b4200029a3f7c8654d,8e8cf07177868e8e,train
cattle_5207,cattle_5207_DSCF8800.jpg,BeefCattle_Muzzle_Individualized/cattle_5207/cattle_5207_DSCF8800.jpg,287,225,8800,264e45b1ba95d87ac78cf9f3855156b0cdcaa918,8c8ee07197868e8e,train
cattle_5207,cattle_5207_DSCF8801.jpg,BeefCattle_Muzzle_Individualized/cattle_5207/cattle_5207_DSCF8801.jpg,270,214,8801,e913da96a9d23bdf6eaf38040724e2de2d491ebb,0e8ce0f117868e8e,train
cattle_5207,cattle_5207_DSCF8802.jpg,BeefCattle_Muzzle_Individualized/cattle_5207/cattle_5207_DSCF8802.jpg,298,242,8802,cc95d0f851c227112963f8f46e65c58f38b90b53,accee07196868e86,train
cattle_5207,cattle_5207_DSCF8805.jpg,BeefCattle_Muzzle_Individualized/cattle_5207/cattle_5207_DSCF8805.jpg,281,214,8805,df9c635979d49785481e924a4352cd09c193268a,8c8ce07115868e8e,train
cattle_5207,cattle_5207_DSCF8806.jpg,BeefCattle_Muzzle_Individualized/cattle_5207/cattle_5207_DSCF8806.jpg,287,225,8806,9aa97d9365e8a1689fa636766d4eff8dc85d8031,8ccce07197868ece,train
cattle_5207,cattle_5207_DSCF8807.jpg,BeefCattle_Muzzle_Individualized/cattle_5207/cattle_5207_DSCF8807.jpg,281,220,8807,4bfdf09352e3ab8f6b3bf4fc92a2bce2205d6889,0e8ce07197868ece,train
cattle_5207,cattle_5207_DSCF8808.jpg,BeefCattle_Muzzle_Individualized/cattle_5207/cattle_5207_DSCF8808.jpg,270,220,8808,ce4416ae73d1b591a1fb0d108deca2f59da255ef,0c9ce061858e8ecc,train
cattle_5207,cattle_5207_DSCF8809.jpg,BeefCattle_Muzzle_Individualized/cattle_5207/cattle_5207_DSCF8809.jpg,235,214,8809,fefa2aa03116c9c7a38811f9f8f2272181951a43,1c00e1210d8e0e46,train
cattle_5207,cattle_5207_DSCF8810.jpg,BeefCattle_Muzzle_Individualized/cattle_5207/cattle_5207_DSCF8810.jpg,207,220,8810,4ee9bcf66eee5fa3b2c00ecfcc8731a4680648f5,10304040090c1e4e,train
cattle_5208,cattle_5208_DSCF8793.jpg,BeefCattle_Muzzle_Individualized/cattle_5208/cattle_5208_DSCF8793.jpg,287,197,8793,a8236b7b4586aa870649a740ed1d5fbfd3fc6ef6,c4e8f971f1968cc4,train
cattle_5208,cattle_5208_DSCF8794.jpg,BeefCattle_Muzzle_Individualized/cattle_5208/cattle_5208_DSCF8794.jpg,264,208,8794,1d4b5c692f59951b15859cf58d13fd27e5239767,8accf071f196848c,train
cattle_5208,cattle_5208_DSCF8795.jpg,BeefCattle_Muzzle_Individualized/cattle_5208/cattle_5208_DSCF8795.jpg,270,214,8795,38eccc959712f54b904b0c8c230b56ddc887ed26,cac8f1719496848c,train
cattle_5208,cattle_5208_DSCF8797.jpg,BeefCattle_Muzzle_Individualized/cattle_5208/cattle_5208_DSCF8797.jpg,264,214,8797,d93b3c52f5430b13fe926c6ba5596c380cc197dd,ccc8f171b096848c,train
cattle_5215,cattle_5215_DSCF8235.jpg,BeefCattle_Muzzle_Individualized/cattle_5215/cattle_5215_DSCF8235.jpg,722,532,8235,8b6f5def6f309db6c35ba36e6bb006ed2d0464cb,9888e8707090e0e0,train
cattle_5215,cattle_5215_DSCF8238.jpg,BeefCattle_Muzzle_Individualized/cattle_5215/cattle_5215_DSCF8238.jpg,697,538,8238,06ea6465182622f066b4dd9039907fdb708202f9,8888f8707090f0e0,train
cattle_5215,cattle_5215_DSCF8243.jpg,BeefCattle_Muzzle_Individualized/cattle_5215/cattle_5215_DSCF8243.jpg,725,531,8243,49fed5734c90d87cbf5a85a99ec0c4ce6c865883,98c8f8703090e0e0,train
cattle_5215,cattle_5215_DSCF8246.jpg,BeefCattle_Muzzle_Individualized/cattle_5215/cattle_5215_DSCF8246.jpg,729,542,8246,f678ed8e576cfcabace8ca159764d5ab01ea8c38,9898e87030b0e0e0,train
cattle_5215,cattle_5215_DSCF8247.jpg,BeefCattle_Muzzle_Individualized/cattle_5215/cattle_5215_DSCF8247.jpg,722,530,8247,dd6e68016c8b360836246214dee4c1dc1b49e948,1888f8707090b0f0,train
cattle_5215,cattle_5215_DSCF8248.jpg,BeefCattle_Muzzle_Individualized/cattle_5215/cattle_5215_DSCF8248.jpg,741,526,8248,9bfbdba5d97fcff8038aea1810bba27d2488fe01,1888f8f07190e0e0,train
cattle_5215,cattle_5215_DSCF8249.jpg,BeefCattle_Muzzle_Individualized/cattle_5215/cattle_5215_DSCF8249.jpg,681,520,8249,90119d006c978722cdc2d91fb92dadca1815bd1b,99d8f0f87090e8c0,train
cattle_5215,cattle_5215_DSCF8250.jpg,BeefCattle_Muzzle_Individualized/cattle_5215/cattle_5215_DSCF8250.jpg,639,532,8250,731176f08f53aac2bf113cfb10513866aa453224,9dd8f8f8f8d0d090,train
cattle_5215,cattle_5215_DSCF8251.jpg,BeefCattle_Muzzle_Individualized/cattle_5215/cattle_5215_DSCF8251.jpg,595,511,8251,93a535f6e3f0ff83577f9dab3629a580f3adb8cc,8dd8f8f8f8d8d494,train
cattle_5215,cattle_5215_DSCF8254.jpg,BeefCattle_Muzzle_Individualized/cattle_5215/cattle_5215_DSCF8254.jpg,505,371,8254,ee508beb8c8a79684001d896aa8b92724feea74b,8888c0f030b0e0c0,train
cattle_5215,cattle_5215_DSCF8255.jpg,BeefCattle_Muzzle_Individualized/cattle_5215/cattle_5215_DSCF8255.jpg,505,380,8255,bb5ff142640fba6b569d6e88f08fa72ee4522917,8888c87030b0e0f8,train
cattle_5215,cattle_5215_DSCF8256.jpg,BeefCattle_Muzzle_Individualized/cattle_5215/cattle_5215_DSCF8256.jpg,505,378,8256,18a3ac38514cd3a17fce469fdb6f2bfc46b19b5a,8888f07030b0e0c0,train
cattle_5215,cattle_5215_DSCF8257.jpg,BeefCattle_Muzzle_Individualized/cattle_5215/cattle_5215_DSCF8257.jpg,492,380,8257,76cb2999a7ffa72e4d65d7f1cba2bab7ab75075c,8888e8f07030e0e0,train
cattle_5215,cattle_5215_DSCF8258.jpg,BeefCattle_Muzzle_Individualized/cattle_5215/cattle_5215_DSCF8258.jpg,505,365,8258,372a14b3efde1b8443c97616c1a92bef945e7907,88c8f0703090f0e0,train
cattle_5215,cattle_5215_DSCF8260.jpg,BeefCattle_Muzzle_Individualized/cattle_5215/cattle_5215_DSCF8260.jpg,445,318,8260,8f8579d379ed71068b9a01b3a7a567ad1472cce7,98c8f8707090e0f4,train
cattle_5215,cattle_5215_DSCF9134.jpg,BeefCattle_Muzzle_Individualized/cattle_5215/cattle_5215_DSCF9134.jpg,422,324,9134,9a95a305d84d36d32b56e45afb18ec45dc00845f,aceef8f8dcaee4bd,train
cattle_5215,cattle_5215_DSCF9135.jpg,BeefCattle_Muzzle_Individualized/cattle_5215/cattle_5215_DSCF9135.jpg,411,291,9135,965f3377677c08fc2d93e546f30510650d0ab728,aee8e0f4d696a4e5,train
cattle_5215,cattle_5215_DSCF9136.jpg,BeefCattle_Muzzle_Individualized/cattle_5215/cattle_5215_DSCF9136.jpg,419,306,9136,b20f548e923ad019f4bcd974f14fa34f3adf7bc8,aeecf8fc7496a6f4,train
cattle_5215,cattle_5215_DSCF9137.jpg,BeefCattle_Muzzle_Individualized/cattle_5215/cattle_5215_DSCF9137.jpg,433,306,9137,47333c32a21df03265cbf06188c5c8e8cb248b3b,8ee8f8f85496a4f5,train
cattle_5215,cattle_5215_DSCF9138.jpg,BeefCattle_Muzzle_Individualized/cattle_5215/cattle_5215_DSCF9138.jpg,416,280,9138,390cbe3a4e523dec56cc507d249ff37cdca250c0,aeecf8f47596a6e4,train
cattle_5215,cattle_5215_DSCF9139.jpg,BeefCattle_Muzzle_Individualized/cattle_5215/cattle_5215_DSCF9139.jpg,433,312,9139,59446d3ea85a96bca60975ddd0f3739cb06661a6,acccf8f87496a6e4,train
cattle_5215,cattle_5215_DSCF9140.jpg,BeefCattle_Muzzle_Individualized/cattle_5215/cattle_5215_DSCF9140.jpg,429,293,9140,13202ef065b780fe008f9d782c0a16dd22532d1a,8eecf8fc5496a6f5,train
cattle_5215,cattle_5215_DSCF9141.jpg,BeefCattle_Muzzle_Individualized/cattle_5215/cattle_5215_DSCF9141.jpg,423,286,9141,dc37b081b3dd4d55a3ec444963fc4388ffa921b8,aeecf8f85496a4e5,train
cattle_5215,cattle_5215_DSCF9142.jpg,BeefCattle_Muzzle_Individualized/cattle_5215/cattle_5215_DSCF9142.jpg,429,318,9142,e30445e541462e60a6a3da3b754c78caf0de0e0f,acceec7874d6b6f4,train
cattle_5215,cattle_5215_DSCF9143.jpg,BeefCattle_Muzzle_Individualized/cattle_5215/cattle_5215_DSCF9143.jpg,437,311,9143,2a2dd4c1b82592c78aafdd61eb24c5859e686f2b,8ceefcf85586a4f5,train
cattle_5215,cattle_5215_DSCF9144.jpg,BeefCattle_Muzzle_Individualized/cattle_5215/cattle_5215_DSCF9144.jpg,416,277,9144,f9553aa88ff2cbb7bf5c0bb7af9093e0e3072030,8eecf8f8d486a4e5,train
cattle_5215,cattle_5215_DSCF9145.jpg,BeefCattle_Muzzle_Individualized/cattle_5215/cattle_5215_DSCF9145.jpg,413,299,9145,23174379969372483e82f1d54a2acd5a6a683ebd,8eecf8fcd486e4bd,train
cattle_5215,cattle_5215_DSCF9146.jpg,BeefCattle_Muzzle_Individualized/cattle_5215/cattle_5215_DSCF9146.jpg,422,303,9146,2ad4aff4558f1b060d0e2a5c39cfdd3cfc9bfcb1,8eecf8fc94a6e6bd,train
cattle_5215,cattle_5215_DSCF9147.jpg,BeefCattle_Muzzle_Individualized/cattle_5215/cattle_5215_DSCF9147.jpg,419,305,9147,1bd97825f3a7303969594cff202eea921c71bff0,aeecf07c7496a2f4,train
cattle_5215,cattle_5215_DSCF9148.jpg,BeefCattle_Muzzle_Individualized/cattle_5215/cattle_5215_DSCF9148.jpg,430,318,9148,533c924750b9350216ba451b3d298bdd09d81e12,8eecf47c7496e6f4,train
cattle_5215,cattle_5215_DSCF9149.jpg,BeefCattle_Muzzle_Individualized/cattle_5215/cattle_5215_DSCF9149.jpg,430,298,9149,3ff11c005aaeef5a0871ae6f774132e1e3bd9c0c,acecf878f496a6e4,train
cattle_5215,cattle_5215_DSCF9150.jpg,BeefCattle_Muzzle_Individualized/cattle_5215/cattle_5215_DSCF9150.jpg,431,315,9150,2d698470ed4247a5eb6e0c7f08a38ff45bd3156e,84ee7c7c5496e6f5,train
cattle_5215,cattle_5215_DSCF9151.jpg,BeefCattle_Muzzle_Individualized/cattle_5215/cattle_5215_DSCF9151.jpg,424,315,9151,f5b0b478c515628fe2bdf53760f0da70b78121d9,8ceefcfcd486e4bd,train
cattle_5215,cattle_5215_DSCF9187.jpg,BeefCattle_Muzzle_Individualized/cattle_5215/cattle_5215_DSCF9187.jpg,433,286,9187,eed819b83f25cc670476ce871059e30f6fa1123c,afece4f47496a6e1,train
cattle_5215,cattle_5215_DSCF9188.jpg,BeefCattle_Muzzle_Individualized/cattle_5215/cattle_5215_DSCF9188.jpg,447,313,9188,ee1eacd9a23163b6cf029e70ed1cd393840b9d10,86eefcfcdc96e4b9,train
cattle_5215,cattle_5215_DSCF9189.jpg,BeefCattle_Muzzle_Individualized/cattle_5215/cattle_5215_DSCF9189.jpg,451,299,9189,6b310dda5fdf8c09727dab4bf41a01472554d080,bfece47074d6a4e1,train
cattle_5215,cattle_5215_DSCF9190.jpg,BeefCattle_Muzzle_Individualized/cattle_5215/cattle_5215_DSCF9190.jpg,452,279,9190,29b29242da1d0bde2bdb588a6882bebb94578a76,bfeee4f074d696e5,train
cattle_5215,cattle_5215_DSCF9191.jpg,BeefCattle_Muzzle_Individualized/cattle_5215/cattle_5215_DSCF9191.jpg,450,310,9191,09f732273b323d8351213d79a7e49f9a80a08a2b,87eefcfc7596e6f1,train
cattle_5215,cattle_5215_DSCF9192.jpg,BeefCattle_Muzzle_Individualized/cattle_5215/cattle_5215_DSCF9192.jpg,458,305,9192,3d59019c00094ae65cafea324cbc95650be2aa9c,b7eef4f87496a4e1,train
cattle_5224,cattle_5224_DSCF9291.jpg,BeefCattle_Muzzle_Individualized/cattle_5224/cattle_5224_DSCF9291.jpg,361,294,9291,c3fb53b3ff81fd528adfa19b06962476ec947365,8eccf878319e9e94,train
cattle_5224,cattle_5224_DSCF9292.jpg,BeefCattle_Muzzle_Individualized/cattle_5224/cattle_5224_DSCF9292.jpg,367,305,9292,c3c761d2beb62cb341fe4ac01245ed833d9c122c,0fcef87171169e9c,train
cattle_5224,cattle_5224_DSCF9293.jpg,BeefCattle_Muzzle_Individualized/cattle_5224/cattle_5224_DSCF9293.jpg,390,317,9293,68660e34fd33138d0995be1acee1f63de57973d6,8fcef87131969edc,train
cattle_5224,cattle_5224_DSCF9294.jpg,BeefCattle_Muzzle_Individualized/cattle_5224/cattle_5224_DSCF9294.jpg,384,299,9294,4981ca42b6079dea472b8bbca60a01ed670239ef,8eccf071939e9ec6,train
cattle_5224,cattle_5224_DSCF9295.jpg,BeefCattle_Muzzle_Individualized/cattle_5224/cattle_5224_DSCF9295.jpg,371,305,9295,1df015008b26f5b1452401e8e434872472fdbfa4,dcd8f071169ea4e0,train
cattle_5224,cattle_5224_DSCF9296.jpg,BeefCattle_Muzzle_Individualized/cattle_5224/cattle_5224_DSCF9296.jpg,352,299,9296,d1fea4dfe50fe4dab0668f8404a949b1f3c6bb91,8ec8f071139e96c0,train
cattle_5224,cattle_5224_DSCF9297.jpg,BeefCattle_Muzzle_Individualized/cattle_5224/cattle_5224_DSCF9297.jpg,387,310,9297,39451d85e838a3ffc219e8f42e5689969f8c0544,8ec8f071969e94d4,train
cattle_5224,cattle_5224_DSCF9298.jpg,BeefCattle_Muzzle_Individualized/cattle_5224/cattle_5224_DSCF9298.jpg,374,317,9298,7066daed0b51172373a2aeba3e5cdfd530b43d07,8fccf07131969ec4,train
cattle_5224,cattle_5224_DSCF9299.jpg,BeefCattle_Muzzle_Individualized/cattle_5224/cattle_5224_DSCF9299.jpg,357,305,9299,039f126320390160708025470d5bd6ce8fcbd574,4e88f071539a96c6,train
cattle_5224,cattle_5224_DSCF9300.jpg,BeefCattle_Muzzle_Individualized/cattle_5224/cattle_5224_DSCF9300.jpg,375,315,9300,f613e307e91cd2e882225ee6d0b218658a5ee6f5,0f8cf87071969e9c,train
cattle_5224,cattle_5224_DSCF9302.jpg,BeefCattle_Muzzle_Individualized/cattle_5224/cattle_5224_DSCF9302.jpg,371,325,9302,0bd8f56b9cbdf465a01a376c17305bff5098d4b4,6e8cf071339e96c0,train
cattle_5224,cattle_5224_DSCF9303.jpg,BeefCattle_Muzzle_Individualized/cattle_5224/cattle_5224_DSCF9303.jpg,367,305,9303,18166b6d308ccfaa329f53bfa1affbf6ff6c761e,8ec8f0711796969c,train
cattle_5224,cattle_5224_DSCF9306.jpg,BeefCattle_Muzzle_Individualized/cattle_5224/cattle_5224_DSCF9306.jpg,347,286,9306,ac7e371d8c64ec09c9a0d109c35fa60e7700be36,8ec8f071139a9686,train
cattle_5224,cattle_5224_DSCF9307.jpg,BeefCattle_Muzzle_Individualized/cattle_5224/cattle_5224_DSCF9307.jpg,361,288,9307,65b6eb4ae1629a4366667e09feeaa921c9239532,8ee8f071179e9684,train
cattle_5224,cattle_5224_DSCF9308.jpg,BeefCattle_Muzzle_Individualized/cattle_5224/cattle_5224_DSCF9308.jpg,372,311,9308,b22460c57f8dd67e80b40e9e26b27c9c2d0876df,0f8cf87171969ed4,train
cattle_5224,cattle_5224_DSCF9309.jpg,BeefCattle_Muzzle_Individualized/cattle_5224/cattle_5224_DSCF9309.jpg,372,311,9309,d4d0f58cf74d2fc24062765e707cf40ef2f1b0ee,8fcef87071969e98,train
cattle_5224,cattle_5224_DSCF9311.jpg,BeefCattle_Muzzle_Individualized/cattle_5224/cattle_5224_DSCF9311.jpg,358,299,9311,476b5036eadca1ad316fea2617614184c1662c78,8fccf070139b9e96,train
cattle_5224,cattle_5224_DSCF9312.jpg,BeefCattle_Muzzle_Individualized/cattle_5224/cattle_5224_DSCF9312.jpg,365,299,9312,e710d0e2c0473d60c87a967ef0b487f03eaf017b,8eccf07171969e94,train
cattle_5224,cattle_5224_DSCF9314.jpg,BeefCattle_Muzzle_Individualized/cattle_5224/cattle_5224_DSCF9314.jpg,372,300,9314,78f37b95e236a6b98fe4fe0a765e4e792757aa06,8ec8f07131969e9c,train
cattle_5224,cattle_5224_DSCF9315.jpg,BeefCattle_Muzzle_Individualized/cattle_5224/cattle_5224_DSCF9315.jpg,371,305,9315,66625bb4bec7fbf72605e11e3fa31b55c32e6da1,8fccf878318b8ed6,train
cattle_5224,cattle_5224_DSCF9317.jpg,BeefCattle_Muzzle_Individualized/cattle_5224/cattle_5224_DSCF9317.jpg,390,288,9317,988920b0c534cb8dba6669abce1322c9cf53038a,8ee87071969e96c4,train
cattle_5234,cattle_5234_DSCF9060.jpg,BeefCattle_Muzzle_Individualized/cattle_5234/cattle_5234_DSCF9060.jpg,237,192,9060,dce8690655f5171475def278ca121228e9c34593,a5f2f8719e969ecc,train
cattle_5234,cattle_5234_DSCF9061.jpg,BeefCattle_Muzzle_Individualized/cattle_5234/cattle_5234_DSCF9061.jpg,237,185,9061,cb9728b8cc886b80125bd7edb17a7885bfd0b1d8,a5d3f8787c9e968e,train
cattle_5234,cattle_5234_DSCF9066.jpg,BeefCattle_Muzzle_Individualized/cattle_5234/cattle_5234_DSCF9066.jpg,242,194,9066,7c2976cc0ca6d90f17bb587d80e3ac2907823e15,85f678799c9e9ecc,train
cattle_5234,cattle_5234_DSCF9067.jpg,BeefCattle_Muzzle_Individualized/cattle_5234/cattle_5234_DSCF9067.jpg,230,192,9067,86f71c3a9cc8fe9ca5f6281e2896a18bb0c8b984,a7d7f8787e9e968c,train
cattle_5234,cattle_5234_DSCF9068.jpg,BeefCattle_Muzzle_Individualized/cattle_5234/cattle_5234_DSCF9068.jpg,230,198,9068,c66566453d8823ce1da937fba2841ef9f237f96b,a7d7f8789e969ecc,train
cattle_5234,cattle_5234_DSCF9070.jpg,BeefCattle_Muzzle_Individualized/cattle_5234/cattle_5234_DSCF9070.jpg,236,196,9070,86802ccd498f2a7c798bc2a9cde80bce0611b24b,95fa78789e969ecc,train
cattle_5234,cattle_5234_DSCF9071.jpg,BeefCattle_Muzzle_Individualized/cattle_5234/cattle_5234_DSCF9071.jpg,262,185,9071,50a14295ac8712902c969f21a4943071d1fd4870,87f678389d9c9ddd,train
cattle_5235,cattle_5235_DSCF8811.jpg,BeefCattle_Muzzle_Individualized/cattle_5235/cattle_5235_DSCF8811.jpg,275,202,8811,8178e71029f41abbd8329f1ff86585cdf4c5c74d,c2ec7871d196c68c,test
cattle_5235,cattle_5235_DSCF8812.jpg,BeefCattle_Muzzle_Individualized/cattle_5235/cattle_5235_DSCF8812.jpg,258,197,8812,2ea33b9d09d294ae11a48b32528386212e846f06,c2ecf871d1968e8e,test
cattle_5235,cattle_5235_DSCF8813.jpg,BeefCattle_Muzzle_Individualized/cattle_5235/cattle_5235_DSCF8813.jpg,292,214,8813,b333e75b7a173fdb7f60835752333e674cf0a832,c6ec7871d196cccc,test
cattle_5235,cattle_5235_DSCF8814.jpg,BeefCattle_Muzzle_Individualized/cattle_5235/cattle_5235_DSCF8814.jpg,264,197,8814,b4a5224262946271cb1452a648d9d26d7ddc7d24,c2ecf8719196948c,test
cattle_5235,cattle_5235_DSCF8815.jpg,BeefCattle_Muzzle_Individualized/cattle_5235/cattle_5235_DSCF8815.jpg,287,197,8815,03a96e2fe7e41c64ac93dd2bf41918149ad44285,c2ec7871f196cec4,test
cattle_5235,cattle_5235_DSCF8816.jpg,BeefCattle_Muzzle_Individualized/cattle_5235/cattle_5235_DSCF8816.jpg,298,208,8816,9451cd652a787617b9ca4cd8db9f159a11844ef7,caecf871f196cccc,test
cattle_5235,cattle_5235_DSCF8817.jpg,BeefCattle_Muzzle_Individualized/cattle_5235/cattle_5235_DSCF8817.jpg,270,202,8817,5943121098aebf7122f1b81b34f8a5f74210993e,c6ec79719496848c,test
cattle_5235,cattle_5235_DSCF8818.jpg,BeefCattle_Muzzle_Individualized/cattle_5235/cattle_5235_DSCF8818.jpg,275,202,8818,2b8fd382183f0e8a744d6ec1ac8d63a65692018c,c2ecf871f1968c8c,test
cattle_5235,cattle_5235_DSCF8819.jpg,BeefCattle_Muzzle_Individualized/cattle_5235/cattle_5235_DSCF8819.jpg,281,214,8819,eabdac12ed00fc8bad040b58e96cc4379f8addbd,cecce871f1968c8c,test
cattle_5235,cattle_5235_DSCF8820.jpg,BeefCattle_Muzzle_Individualized/cattle_5235/cattle_5235_DSCF8820.jpg,287,220,8820,febdde62b788bf973ba76ead711124a8ef992aa7,ceccf871d196c48c,test
cattle_5235,cattle_5235_DSCF8823.jpg,BeefCattle_Muzzle_Individualized/cattle_5235/cattle_5235_DSCF8823.jpg,292,214,8823,96a0f91229eabd3c8c4736a429b153fcd5f25787,c2e47871d196c4cc,test
cattle_5235,cattle_5235_DSCF8827.jpg,BeefCattle_Muzzle_Individualized/cattle_5235/cattle_5235_DSCF8827.jpg,281,191,8827,29335c3a2d594466d7ef8127792a07d9199e5ce7,c6ecf971f1968cc4,test
cattle_5235,cattle_5235_DSCF8828.jpg,BeefCattle_Muzzle_Individualized/cattle_5235/cattle_5235_DSCF8828.jpg,270,208,8828,cd90afbda830389add56820716c14ad9deea1870,8eccf971b196848c,test
cattle_5235,cattle_5235_DSCF8829.jpg,BeefCattle_Muzzle_Individualized/cattle_5235/cattle_5235_DSCF8829.jpg,270,220,8829,d04b35187d3b8640fd0d811a953277fbea01c952,caecf971949e848c,test
cattle_5235,cattle_5235_DSCF8833.jpg,BeefCattle_Muzzle_Individualized/cattle_5235/cattle_5235_DSCF8833.jpg,281,197,8833,806b483ed49d2948623b3162d2ef19cd2c730169,c2ec7971d1968ccc,test
cattle_5235,cattle_5235_DSCF8834.jpg,BeefCattle_Muzzle_Individualized/cattle_5235/cattle_5235_DSCF8834.jpg,281,202,8834,196081b2ae71ecc5cbfad964edf8aa840dd877ac,c2ec78719596c6cc,test
cattle_5249,cattle_5249_DSCF7372.jpg,BeefCattle_Muzzle_Individualized/cattle_5249/cattle_5249_DSCF7372.jpg,89,64,7372,b335d99a2c611cefc277f8c5b2fae25ea92ad41a,ccd0e0697992a2d0,test
cattle_5249,cattle_5249_DSCF7373.jpg,BeefCattle_Muzzle_Individualized/cattle_5249/cattle_5249_DSCF7373.jpg,92,67,7373,3322194ad24f9c688e8eea0ae98981d00511b017,ced8f068799a92e0,test
cattle_5249,cattle_5249_DSCF7374.jpg,BeefCattle_Muzzle_Individualized/cattle_5249/cattle_5249_DSCF7374.jpg,86,69,7374,3b8ee98c4de840e832fbc678150cdc50bef1ae3b,ced0e0697bb2a2c6,test
cattle_5249,cattle_5249_DSCF7375.jpg,BeefCattle_Muzzle_Individualized/cattle_5249/cattle_5249_DSCF7375.jpg,90,69,7375,a157e60389f96a596fd3897e0301c79f3375f0ca,ced8e068399a92c4,test
cattle_5249,cattle_5249_DSCF7376.jpg,BeefCattle_Muzzle_Individualized/cattle_5249/cattle_5249_DSCF7376.jpg,90,67,7376,27e8b14293f8a3d8ae96bd836c3c110e96452386,ced8f468399aa2d0,test
cattle_5249,cattle_5249_DSCF7377.jpg,BeefCattle_Muzzle_Individualized/cattle_5249/cattle_5249_DSCF7377.jpg,86,68,7377,ee051fa324963435383cdbf190fdf1a21ff95720,ced0f06939a2a2cc,test
cattle_5249,cattle_5249_DSCF7378.jpg,BeefCattle_Muzzle_Individualized/cattle_5249/cattle_5249_DSCF7378.jpg,90,69,7378,1cbe19fa445df27e89799e96c0f849cc694c0f06,ced0e0683b9292c6,test
cattle_5249,cattle_5249_DSCF7379.jpg,BeefCattle_Muzzle_Individualized/cattle_5249/cattle_5249_DSCF7379.jpg,90,71,7379,687f9f31ccdf5b2ede8f099910e79da273baa2b8,ced0e0681b92f2c6,test
cattle_5249,cattle_5249_DSCF7380.jpg,BeefCattle_Muzzle_Individualized/cattle_5249/cattle_5249_DSCF7380.jpg,89,65,7380,9d7f30916163e0d47b6c7e1f5f5aecca1fc7f566,ced8f068799ab2f2,test
cattle_5249,cattle_5249_DSCF7381.jpg,BeefCattle_Muzzle_Individualized/cattle_5249/cattle_5249_DSCF7381.jpg,89,66,7381,2e66b88d6f3f6eb175622f2cb202b41a51af4e6d,ced8e078799ab2c0,test
cattle_5249,cattle_5249_DSCF7383.jpg,BeefCattle_Muzzle_Individualized/cattle_5249/cattle_5249_DSCF7383.jpg,91,68,7383,52a5f9995b38bc93dbbbe24e8e0519019b1820f8,ced8e078799292c4,test
cattle_5249,cattle_5249_DSCF7437.jpg,BeefCattle_Muzzle_Individualized/cattle_5249/cattle_5249_DSCF7437.jpg,91,75,7437,887fc02477e9433c85c9d645f2c4c7eae6efb92d,cecef078789ab2c6,test
cattle_5249,cattle_5249_DSCF7438.jpg,BeefCattle_Muzzle_Individualized/cattle_5249/cattle_5249_DSCF7438.jpg,91,81,7438,13aae1997a687f1506ae6b55e9180425af690cda,ccdcf0e07932a28c,test
cattle_5249,cattle_5249_DSCF7441.jpg,BeefCattle_Muzzle_Individualized/cattle_5249/cattle_5249_DSCF7441.jpg,92,74,7441,803ad450469f368edb46e05baba87c9039d5b947,e6eef8707ddad2e4,test
cattle_5249,cattle_5249_DSCF7442.jpg,BeefCattle_Muzzle_Individualized/cattle_5249/cattle_5249_DSCF7442.jpg,86,69,7442,651ef06dc25e829597c85c1e7ea0df68070a1003,e6f8f0783fcbd8e6,test
cattle_5249,cattle_5249_DSCF7443.jpg,BeefCattle_Muzzle_Individualized/cattle_5249/cattle_5249_DSCF7443.jpg,94,68,7443,c72d44274f68fe1a91a8f88f0be2a004fa8603b7,ced0e0693b9292e2,test
cattle_5249,cattle_5249_DSCF7444.jpg,BeefCattle_Muzzle_Individualized/cattle_5249/cattle_5249_DSCF7444.jpg,96,74,7444,d86e1fb0915827eeb00229cba346a8f8663ede68,cedcf0693b92d2c4,test
cattle_5249,cattle_5249_DSCF7445.jpg,BeefCattle_Muzzle_Individualized/cattle_5249/cattle_5249_DSCF7445.jpg,95,79,7445,870c6084faf0ffd2aaa8f45adf26202f5211f768,ccccf0683992d2c6,test
cattle_5249,cattle_5249_DSCF7446.jpg,BeefCattle_Muzzle_Individualized/cattle_5249/cattle_5249_DSCF7446.jpg,94,73,7446,fc683c55513b878363ebfdb85121c59852635ca8,ced4f4681b92f2cc,test
cattle_5249,cattle_5249_DSCF7451.jpg,BeefCattle_Muzzle_Individualized/cattle_5249/cattle_5249_DSCF7451.jpg,78,75,7451,cd179759757caf05a4505220b5f2e96d0781aa94,dc988080d19282c2,test
cattle_5249,cattle_5249_DSCF7452.jpg,BeefCattle_Muzzle_Individualized/cattle_5249/cattle_5249_DSCF7452.jpg,78,68,7452,a8af54e5a5add8d7be7be57f5f4f123273ca25cd,9ca0c0c1919282c2,test
cattle_5249,cattle_5249_DSCF7453.jpg,BeefCattle_Muzzle_Individualized/cattle_5249/cattle_5249_DSCF7453.jpg,97,68,7453,1b83d89d813fef1ddb2c01420b54811b04a42157,eec8f060799a92f0,test
cattle_5249,cattle_5249_DSCF7454.jpg,BeefCattle_Muzzle_Individualized/cattle_5249/cattle_5249_DSCF7454.jpg,95,68,7454,672763f5e2e449b3b0c9cee6e37dc7bdaa9e3bee,eee8f0703b9ad2e4,test
cattle_5273,cattle_5273_DSCF7797.jpg,BeefCattle_Muzzle_Individualized/cattle_5273/cattle_5273_DSCF7797.jpg,131,104,7797,edf5df8c00a6efb1017825a1fed36344bd2f9f0a,e4e47070ce8f8bc7,train
cattle_5273,cattle_5273_DSCF7798.jpg,BeefCattle_Muzzle_Individualized/cattle_5273/cattle_5273_DSCF7798.jpg,138,108,7798,308938a906cce72ce6c3f667ac62f763ce277763,ccecf070de8edad6,train
cattle_5273,cattle_5273_DSCF7799.jpg,BeefCattle_Muzzle_Individualized/cattle_5273/cattle_5273_DSCF7799.jpg,140,106,7799,a4c57aea2b4d00181d4b6f067e0d45a5133bafe0,e4e47070ce8ecace,train
cattle_5273,cattle_5273_DSCF7800.jpg,BeefCattle_Muzzle_Individualized/cattle_5273/cattle_5273_DSCF7800.jpg,136,105,7800,2a0344161ab118fc974b1ecb48978d6ce48aae46,e4e4f0706e8f8beb,train
cattle_5273,cattle_5273_DSCF7801.jpg,BeefCattle_Muzzle_Individualized/cattle_5273/cattle_5273_DSCF7801.jpg,140,104,7801,256f7e8c0a94e054b503d00fcd6c3c18da3ae010,cccce0f0709e8ada,train
cattle_5273,cattle_5273_DSCF7802.jpg,BeefCattle_Muzzle_Individualized/cattle_5273/cattle_5273_DSCF7802.jpg,135,102,7802,5e938fd71cbe7c2e7fcc74dcc25c78364b4f7fe4,cccce0f0de8e9aca,train
cattle_5273,cattle_5273_DSCF7803.jpg,BeefCattle_Muzzle_Individualized/cattle_5273/cattle_5273_DSCF7803.jpg,139,109,7803,58e52f3b5ecc1fb5ed0b5b1ad018946a8ce6ab92,ececf870d68e9e9e,train
cattle_5273,cattle_5273_DSCF7804.jpg,BeefCattle_Muzzle_Individualized/cattle_5273/cattle_5273_DSCF7804.jpg,136,108,7804,2b00f14a76797bf09ec9c0b446887bd82828e30a,ece4f870d68e8ace,train
cattle_5273,cattle_5273_DSCF7805.jpg,BeefCattle_Muzzle_Individualized/cattle_5273/cattle_5273_DSCF7805.jpg,139,107,7805,ab5c75cef055db9114b5c1af088c2a3e5b2e4a79,ece4f870dc8e9ada,train
cattle_5273,cattle_5273_DSCF7806.jpg,BeefCattle_Muzzle_Individualized/cattle_5273/cattle_5273_DSCF7806.jpg,141,109,7806,35b26218b86dc7e9e9fcf6aedc681203fe5ea249,ece47870d89e9eda,train
cattle_5273,cattle_5273_DSCF7807.jpg,BeefCattle_Muzzle_Individualized/cattle_5273/cattle_5273_DSCF7807.jpg,131,108,7807,64427af0e36ffd7f15575023e547468c17f1f635,ccece870d28e8ada,train
cattle_5273,cattle_5273_DSCF7808.jpg,BeefCattle_Muzzle_Individualized/cattle_5273/cattle_5273_DSCF7808.jpg,139,111,7808,95061a5fab88ecf6500d97c90e6a9bf288796d44,ccece870dc9e9ada,train
cattle_5273,cattle_5273_DSCF7809.jpg,BeefCattle_Muzzle_Individualized/cattle_5273/cattle_5273_DSCF7809.jpg,144,111,7809,7215f8a2bcce341b79c2fca3cc41d28a8532d405,ccece0705e8e8aca,train
cattle_5273,cattle_5273_DSCF7811.jpg,BeefCattle_Muzzle_Individualized/cattle_5273/cattle_5273_DSCF7811.jpg,139,108,7811,0dc7c38e1aa15882f3841ac62551a641bcb4846d,cccce0f0dc9e9ada,train
cattle_5273,cattle_5273_DSCF7812.jpg,BeefCattle_Muzzle_Individualized/cattle_5273/cattle_5273_DSCF7812.jpg,141,111,7812,29e426483359e16e01df31a6aa5bd894b51b0698,cccce8f0f49e9eda,train
cattle_5273,cattle_5273_DSCF7814.jpg,BeefCattle_Muzzle_Individualized/cattle_5273/cattle_5273_DSCF7814.jpg,138,109,7814,87ff76d2139536c0dcc6cf6783431c2337a14e29,ccc8f0609c9e9ada,train
cattle_5275,cattle_5275_DSCF9171.jpg,BeefCattle_Muzzle_Individualized/cattle_5275/cattle_5275_DSCF9171.jpg,147,111,9171,66c85ef43916c9555464bf3ecae39dda0d19e62c,6cec69b396870727,test
cattle_5275,cattle_5275_DSCF9172.jpg,BeefCattle_Muzzle_Individualized/cattle_5275/cattle_5275_DSCF9172.jpg,144,109,9172,2bc26bdc15606501f2fe378dfdff711914fdefb2,6ce464b396870733,test
cattle_5275,cattle_5275_DSCF9174.jpg,BeefCattle_Muzzle_Individualized/cattle_5275/cattle_5275_DSCF9174.jpg,139,109,9174,ad002a032564b666da456d655f066778b77dafb4,6cec6d9696870733,test
cattle_5275,cattle_5275_DSCF9176.jpg,BeefCattle_Muzzle_Individualized/cattle_5275/cattle_5275_DSCF9176.jpg,144,112,9176,9bad4ae5840be67d1034c5b7275072b794328b75,6de4613396870733,test
cattle_5275,cattle_5275_DSCF9177.jpg,BeefCattle_Muzzle_Individualized/cattle_5275/cattle_5275_DSCF9177.jpg,142,109,9177,ca93b3a5175444d15d8f52aa3ba861cc39816074,6cec613296870713,test
cattle_5275,cattle_5275_DSCF9178.jpg,BeefCattle_Muzzle_Individualized/cattle_5275/cattle_5275_DSCF9178.jpg,140,108,9178,68dacfde6d7675db4c3826af588d95e87eea7f19,6ce461b296870733,test
cattle_5275,cattle_5275_DSCF9181.jpg,BeefCattle_Muzzle_Individualized/cattle_5275/cattle_5275_DSCF9181.jpg,141,102,9181,c644971f66e31dabf9a8b220f825634f80d3af35,68e8613696870713,test
cattle_5275,cattle_5275_DSCF9182.jpg,BeefCattle_Muzzle_Individualized/cattle_5275/cattle_5275_DSCF9182.jpg,140,106,9182,5f033ed8e09b9612019cf41514e6412756d2cf5e,68e8617396870713,test
cattle_5275,cattle_5275_DSCF9183.jpg,BeefCattle_Muzzle_Individualized/cattle_5275/cattle_5275_DSCF9183.jpg,139,108,9183,b87f56f7f22d0b0c3184715b55c5c58df50df497,68e861b686870733,test
cattle_5282,cattle_5282_DSCF7366.jpg,BeefCattle_Muzzle_Individualized/cattle_5282/cattle_5282_DSCF7366.jpg,183,139,7366,72e1d6ff4da64e00a050590cd7b050c98cceb25e,cccce879f09adac6,test
cattle_5282,cattle_5282_DSCF7367.jpg,BeefCattle_Muzzle_Individualized/cattle_5282/cattle_5282_DSCF7367.jpg,189,149,7367,b942ba2b7f9227aed4a954aa4e1b64bf5bef665f,cccce879f1dad8c6,test
cattle_5282,cattle_5282_DSCF7368.jpg,BeefCattle_Muzzle_Individualized/cattle_5282/cattle_5282_DSCF7368.jpg,180,143,7368,4d9472cccc812c04c4b8427b181715b61ee36ed5,ceecec79f1d6d6f4,test
cattle_5282,cattle_5282_DSCF7369.jpg,BeefCattle_Muzzle_Individualized/cattle_5282/cattle_5282_DSCF7369.jpg,188,151,7369,072d9db6740621b2bdb7f78b530bb794cc555781,ccccec79f196deac,test
cattle_5282,cattle_5282_DSCF7371.jpg,BeefCattle_Muzzle_Individualized/cattle_5282/cattle_5282_DSCF7371.jpg,183,140,7371,2aee8849069da4f1b847f2bc1c522fb568417d04,cccce879f0d6dcc6,test
cattle_5283,cattle_5283_DSCF7861.jpg,BeefCattle_Muzzle_Individualized/cattle_5283/cattle_5283_DSCF7861.jpg,178,144,7861,2e489d27ad044fa38800ef0a71106ca75542f141,c6ec7878ce87d6d2,test
cattle_5283,cattle_5283_DSCF7863.jpg,BeefCattle_Muzzle_Individualized/cattle_5283/cattle_5283_DSCF7863.jpg,175,146,7863,40ca510ae78a3c5ff0f00d948637cc520e77139c,c6ec7878ce96d2d0,test
cattle_5283,cattle_5283_DSCF7864.jpg,BeefCattle_Muzzle_Individualized/cattle_5283/cattle_5283_DSCF7864.jpg,176,147,7864,f2e068f5ad4042e44c858c327aba7e6d62e596af,c6ec7868ce86d6d0,test
cattle_5283,cattle_5283_DSCF7865.jpg,BeefCattle_Muzzle_Individualized/cattle_5283/cattle_5283_DSCF7865.jpg,181,154,7865,5d016f49b560cedd37666ecb301ac07f47d80429,ccec7868cec6d2d0,test
cattle_5283,cattle_5283_DSCF7866.jpg,BeefCattle_Muzzle_Individualized/cattle_5283/cattle_5283_DSCF7866.jpg,181,150,7866,899ff069fe76f97dae4c199088fefa988163e537,ceec7878cfc7c6d2,test
cattle_5283,cattle_5283_DSCF7868.jpg,BeefCattle_Muzzle_Individualized/cattle_5283/cattle_5283_DSCF7868.jpg,180,154,7868,af383c5ee816d414cb70bfa29b75edaec07e6f6f,ceec7878ce87c6d0,test
cattle_5283,cattle_5283_DSCF7870.jpg,BeefCattle_Muzzle_Individualized/cattle_5283/cattle_5283_DSCF7870.jpg,179,147,7870,a9d9a255a45442cb71fd94ce0fc9f73ba4e97a45,e6fc786ccec6d6d2,test
cattle_5283,cattle_5283_DSCF7879.jpg,BeefCattle_Muzzle_Individualized/cattle_5283/cattle_5283_DSCF7879.jpg,133,99,7879,f303b94505647421e03cd3369e2494e09b7e7a5d,c4ec78f8cfcf4656,test
cattle_5283,cattle_5283_DSCF7880.jpg,BeefCattle_Muzzle_Individualized/cattle_5283/cattle_5283_DSCF7880.jpg,129,99,7880,4ba0cb9d1117f3835c94a33373571cbd70daa295,ccecf878cfcfced6,test
cattle_5297,cattle_5297_DSCF7372.jpg,BeefCattle_Muzzle_Individualized/cattle_5297/cattle_5297_DSCF7372.jpg,116,78,7372,f7e03ebab2c3d240491e71cb1650c9b010d313a6,ecec6871130f1f0f,dev
cattle_5297,cattle_5297_DSCF7374.jpg,BeefCattle_Muzzle_Individualized/cattle_5297/cattle_5297_DSCF7374.jpg,117,83,7374,bd92c383c26aaeddd3f6d7bcf46387f0a0114921,ecec7c791b0f1f33,dev
cattle_5297,cattle_5297_DSCF7375.jpg,BeefCattle_Muzzle_Individualized/cattle_5297/cattle_5297_DSCF7375.jpg,115,81,7375,8d3596baf424e549c2516ba3e4f50237e8bc6eaf,efec6c79191f1f0f,dev
cattle_5297,cattle_5297_DSCF7376.jpg,BeefCattle_Muzzle_Individualized/cattle_5297/cattle_5297_DSCF7376.jpg,90,86,7376,b20081bd85fe35583aa2a99b3117fbafa3d8ef52,47f7f2ff7f4f0f0e,dev
cattle_5297,cattle_5297_DSCF7377.jpg,BeefCattle_Muzzle_Individualized/cattle_5297/cattle_5297_DSCF7377.jpg,85,78,7377,415a1e456e265ccf6ac43df779a6249a09143589,f7f3fb7d6f4f0f0e,dev
cattle_5297,cattle_5297_DSCF7380.jpg,BeefCattle_Muzzle_Individualized/cattle_5297/cattle_5297_DSCF7380.jpg,114,84,7380,186ffff310a5e049fb66539a13b17142daedd2d6,ecec71711f0f1f33,dev
cattle_5297,cattle_5297_DSCF7381.jpg,BeefCattle_Muzzle_Individualized/cattle_5297/cattle_5297_DSCF7381.jpg,111,85,7381,27e8ded513d89f739515255cdb2b9bc25a83e9d3,ecec78711f1f1f33,dev
cattle_5297,cattle_5297_DSCF7382.jpg,BeefCattle_Muzzle_Individualized/cattle_5297/cattle_5297_DSCF7382.jpg,108,81,7382,e05255973288ca9990e3201650c52bc449897b30,ecec70711b1f1f1b,dev
cattle_5297,cattle_5297_DSCF7383.jpg,BeefCattle_Muzzle_Individualized/cattle_5297/cattle_5297_DSCF7383.jpg,114,83,7383,060b8ab7e150e9477bc947b1a1b172a6ab696fb9,6cec7871130f1f1f,dev
cattle_5297,cattle_5297_DSCF7384.jpg,BeefCattle_Muzzle_Individualized/cattle_5297/cattle_5297_DSCF7384.jpg,114,85,7384,ec79646c5ca90d6c94159fdec3973d8def3df55f,48ec6871130f1f1b,dev
cattle_5297,cattle_5297_DSCF7385.jpg,BeefCattle_Muzzle_Individualized/cattle_5297/cattle_5297_DSCF7385.jpg,111,80,7385,140d76d295c201e731af8f14f7ef201fe2ad2485,c8ec6871131f1f1f,dev
cattle_5297,cattle_5297_DSCF7386.jpg,BeefCattle_Muzzle_Individualized/cattle_5297/cattle_5297_DSCF7386.jpg,114,78,7386,75411117403751de2ee4898d2dc3231f8f93a0b8,ecec7171171f1f1f,dev
cattle_5297,cattle_5297_DSCF7388.jpg,BeefCattle_Muzzle_Individualized/cattle_5297/cattle_5297_DSCF7388.jpg,115,84,7388,d085f04901a3553ac4fe439a5e9d4dcd1e706be0,68ec6071131f1f1b,dev
cattle_5297,cattle_5297_DSCF7391.jpg,BeefCattle_Muzzle_Individualized/cattle_5297/cattle_5297_DSCF7391.jpg,115,80,7391,6ab5cf6191e4f8863c56451db99d5abfa5b5e814,6cec7171131f1f1b,dev
cattle_5297,cattle_5297_DSCF7393.jpg,BeefCattle_Muzzle_Individualized/cattle_5297/cattle_5297_DSCF7393.jpg,113,73,7393,c49c650656cfc35933b80b403b412551aed817a2,e8ec6871111f171f,dev
cattle_5297,cattle_5297_DSCF7394.jpg,BeefCattle_Muzzle_Individualized/cattle_5297/cattle_5297_DSCF7394.jpg,109,79,7394,42abab627f8d16e5837ac046b9fb2c6731486fbf,ecec70711317173f,dev
cattle_5297,cattle_5297_DSCF7437.jpg,BeefCattle_Muzzle_Individualized/cattle_5297/cattle_5297_DSCF7437.jpg,94,67,7437,8ea01ff5c92e2b8bbd98df9d677c1069d4f08847,6fe474791b0f1707,dev
cattle_5297,cattle_5297_DSCF7438.jpg,BeefCattle_Muzzle_Individualized/cattle_5297/cattle_5297_DSCF7438.jpg,91,66,7438,cde8f92e9c9a7c672372106b6458af3d8ab24ef1,e7e47c791b1f1707,dev
cattle_5297,cattle_5297_DSCF7439.jpg,BeefCattle_Muzzle_Individualized/cattle_5297/cattle_5297_DSCF7439.jpg,90,65,7439,4e20ef1d47a5b00a8b8bdd608f1454fbdc665485,e4e479791f171737,dev
cattle_5297,cattle_5297_DSCF7440.jpg,BeefCattle_Muzzle_Individualized/cattle_5297/cattle_5297_DSCF7440.jpg,91,59,7440,a69c250fdd6b9f6e49bfde9c5182135ae5a94242,e4e474391b0f1717,dev
cattle_5297,cattle_5297_DSCF7441.jpg,BeefCattle_Muzzle_Individualized/cattle_5297/cattle_5297_DSCF7441.jpg,87,60,7441,b12786f9e70ffa6b492c3dcb816cc31e12d724d7,ecec70711b1f1717,dev
cattle_5297,cattle_5297_DSCF7444.jpg,BeefCattle_Muzzle_Individualized/cattle_5297/cattle_5297_DSCF7444.jpg,92,66,7444,87dc407a1d3a28920798939d236a80b4acd4b962,ecec71711f1f1f27,dev
cattle_5297,cattle_5297_DSCF7445.jpg,BeefCattle_Muzzle_Individualized/cattle_5297/cattle_5297_DSCF7445.jpg,85,69,7445,d0b2e543c45386ed330de99ffce044000c6c21e9,ececf9711f1f0f27,dev
cattle_5297,cattle_5297_DSCF7446.jpg,BeefCattle_Muzzle_Individualized/cattle_5297/cattle_5297_DSCF7446.jpg,88,69,7446,45e024d041fb934a95a324f1b1cb582e135c1eb8,66f674393b0f0707,dev
cattle_5298,cattle_5298_DSCF8078.jpg,BeefCattle_Muzzle_Individualized/cattle_5298/cattle_5298_DSCF8078.jpg,204,163,8078,4204c34b04e2dd811adaaf4ca1f20aa54b862524,c8c0e868008080c0,train
cattle_5298,cattle_5298_DSCF8082.jpg,BeefCattle_Muzzle_Individualized/cattle_5298/cattle_5298_DSCF8082.jpg,204,167,8082,91368ca7b5deab77a9ebbc289ed28d6eecc444b1,c8c0c848808080c0,train
cattle_5298,cattle_5298_DSCF8097.jpg,BeefCattle_Muzzle_Individualized/cattle_5298/cattle_5298_DSCF8097.jpg,197,167,8097,63df6f4d2557e362c10858d3961b598d60f627a0,f0c0d051108080c0,train
cattle_5298,cattle_5298_DSCF8098.jpg,BeefCattle_Muzzle_Individualized/cattle_5298/cattle_5298_DSCF8098.jpg,185,167,8098,24dce9408e74ec55b8e63b2a41b0830857c2e9e2,f0c0f091118381c0,train
cattle_5298,cattle_5298_DSCF8099.jpg,BeefCattle_Muzzle_Individualized/cattle_5298/cattle_5298_DSCF8099.jpg,199,156,8099,e2232490ac9445059f7ef1a8331b9c5f97fdbd19,88c0c858888080c0,train
cattle_5298,cattle_5298_DSCF8102.jpg,BeefCattle_Muzzle_Individualized/cattle_5298/cattle_5298_DSCF8102.jpg,198,157,8102,a68b1e40bca0c8b69d8edf8d9be7f76312f31cad,88c8c858108080c0,train
cattle_5307,cattle_5307_DSCF7871.jpg,BeefCattle_Muzzle_Individualized/cattle_5307/cattle_5307_DSCF7871.jpg,164,120,7871,fc0aa6705d62abe927a2f67acd64f78f2b5e7995,b6f0e071579a9a98,train
cattle_5307,cattle_5307_DSCF7872.jpg,BeefCattle_Muzzle_Individualized/cattle_5307/cattle_5307_DSCF7872.jpg,167,123,7872,b8ab67f84dfc79f8d9fc266a6166e64ef85b728f,b6b0f071569a9ad0,train
cattle_5307,cattle_5307_DSCF7873.jpg,BeefCattle_Muzzle_Individualized/cattle_5307/cattle_5307_DSCF7873.jpg,167,124,7873,ca5ef45c5184af87f80353e79624d0430f3395e3,b0f0f071159e929c,train
cattle_5307,cattle_5307_DSCF7874.jpg,BeefCattle_Muzzle_Individualized/cattle_5307/cattle_5307_DSCF7874.jpg,166,123,7874,e7adade5bc21b3ff31eed3afa94c2e7e8b621c08,b6b0f0705b9a9a98,train
cattle_5307,cattle_5307_DSCF7875.jpg,BeefCattle_Muzzle_Individualized/cattle_5307/cattle_5307_DSCF7875.jpg,158,118,7875,33e2580268ef551034e822ff3279dbe2bc9ae79f,32f0f0785b9b9a98,train
cattle_5307,cattle_5307_DSCF7877.jpg,BeefCattle_Muzzle_Individualized/cattle_5307/cattle_5307_DSCF7877.jpg,171,121,7877,8f1d86727c7d5fd5ee7379a8111602b64aa69019,96f0f071169e929c,train
cattle_5307,cattle_5307_DSCF7878.jpg,BeefCattle_Muzzle_Individualized/cattle_5307/cattle_5307_DSCF7878.jpg,170,117,7878,758da5f0e1cabce3934daede1b479d0b51f7671f,96f0f071569e9ad8,train
cattle_5307,cattle_5307_DSCF7883.jpg,BeefCattle_Muzzle_Individualized/cattle_5307/cattle_5307_DSCF7883.jpg,111,80,7883,853d7f82adeb4a051178a87fc562ea20891b7ae8,90f2f070159e9e94,train
cattle_5307,cattle_5307_DSCF7884.jpg,BeefCattle_Muzzle_Individualized/cattle_5307/cattle_5307_DSCF7884.jpg,115,83,7884,f2711f801ea2213e6f2d34b51bf9d138d3f85001,a0f2f071559e9e94,train
cattle_5314,cattle_5314_DSCF9209.jpg,BeefCattle_Muzzle_Individualized/cattle_5314/cattle_5314_DSCF9209.jpg,102,80,9209,256cac597fe1a94dab315afa7a146bc2bd79b45b,ece4f078709786c6,train
cattle_5314,cattle_5314_DSCF9210.jpg,BeefCattle_Muzzle_Individualized/cattle_5314/cattle_5314_DSCF9210.jpg,105,79,9210,c7e4a691924a68042638362859d4be8f15497b7b,e4e4f078728686c6,train
cattle_5314,cattle_5314_DSCF9212.jpg,BeefCattle_Muzzle_Individualized/cattle_5314/cattle_5314_DSCF9212.jpg,105,80,9212,c99d66466399b8cd6823a26da97fc39c44fe8cf3,0cecf07072868686,train
cattle_5314,cattle_5314_DSCF9213.jpg,BeefCattle_Muzzle_Individualized/cattle_5314/cattle_5314_DSCF9213.jpg,106,81,9213,d227251eb3cc8a4fdb9334c048b8efe51d8b2b21,0ce4f0787b838682,train
cattle_5314,cattle_5314_DSCF9214.jpg,BeefCattle_Muzzle_Individualized/cattle_5314/cattle_5314_DSCF9214.jpg,98,83,9214,b4c06c5be6dac654b55bea9f6b8be807d7319620,8cece0f073838386,train
cattle_5314,cattle_5314_DSCF9215.jpg,BeefCattle_Muzzle_Individualized/cattle_5314/cattle_5314_DSCF9215.jpg,100,79,9215,ddd2f139af4bf2f81fd56531827a886bbae6c68f,ece4f078d28786c6,train
cattle_5314,cattle_5314_DSCF9216.jpg,BeefCattle_Muzzle_Individualized/cattle_5314/cattle_5314_DSCF9216.jpg,102,80,9216,b36ed5192ec4778def7f24d7afc83e56fb110bf5,e6e47878d38786c6,train
cattle_5314,cattle_5314_DSCF9217.jpg,BeefCattle_Muzzle_Individualized/cattle_5314/cattle_5314_DSCF9217.jpg,107,84,9217,94463b7d83cbf86ec491bc962426dfc2a59fc10e,cce4f0787bc3c2c2,train
cattle_5314,cattle_5314_DSCF9219.jpg,BeefCattle_Muzzle_Individualized/cattle_5314/cattle_5314_DSCF9219.jpg,102,78,9219,bacbbfb855438d38247bfbb7bc3ba8b480857c7d,e6e4f078f89786c6,train
cattle_5314,cattle_5314_DSCF9221.jpg,BeefCattle_Muzzle_Individualized/cattle_5314/cattle_5314_DSCF9221.jpg,100,84,9221,ac2941d024a61a9cbc2b7f539205c7df46296491,44e4f078e38383e2,train
cattle_5325,cattle_5325_DSCF8199.jpg,BeefCattle_Muzzle_Individualized/cattle_5325/cattle_5325_DSCF8199.jpg,132,101,8199,c13661aa12ecb9706b9648ee70c1eb332a26bad9,88c171111713330f,train
cattle_5325,cattle_5325_DSCF8200.jpg,BeefCattle_Muzzle_Individualized/cattle_5325/cattle_5325_DSCF8200.jpg,129,91,8200,ba9a99d144b2c4751b8bb7edfb9257c2b5d56e79,8cc871311513331b,train
cattle_5325,cattle_5325_DSCF8201.jpg,BeefCattle_Muzzle_Individualized/cattle_5325/cattle_5325_DSCF8201.jpg,127,99,8201,6fa69a5b0a71a1b3680d16d91480953ca100691e,888871711313330b,train
cattle_5325,cattle_5325_DSCF8202.jpg,BeefCattle_Muzzle_Individualized/cattle_5325/cattle_5325_DSCF8202.jpg,128,102,8202,2e5f702ee050d5345896f4bd64494e98a23a9b78,8cc87031131b130b,train
cattle_5325,cattle_5325_DSCF8203.jpg,BeefCattle_Muzzle_Individualized/cattle_5325/cattle_5325_DSCF8203.jpg,129,101,8203,f61b69e3b641eede504e562c60ddd602ba44af22,88c871111713330b,train
cattle_5325,cattle_5325_DSCF8205.jpg,BeefCattle_Muzzle_Individualized/cattle_5325/cattle_5325_DSCF8205.jpg,128,100,8205,c6ab0d7730cbb1f096948e9350906236782cde74,8888d171131b330b,train
cattle_5325,cattle_5325_DSCF8208.jpg,BeefCattle_Muzzle_Individualized/cattle_5325/cattle_5325_DSCF8208.jpg,126,96,8208,63ff26f65196e5f08288efca8f9709561fca81f7,88c87031111b330b,train
cattle_5325,cattle_5325_DSCF8209.jpg,BeefCattle_Muzzle_Individualized/cattle_5325/cattle_5325_DSCF8209.jpg,129,98,8209,53f3a319ccc80e33644aa1d0f3296e745cb075ea,9888d1711513330b,train
cattle_5325,cattle_5325_DSCF8210.jpg,BeefCattle_Muzzle_Individualized/cattle_5325/cattle_5325_DSCF8210.jpg,129,94,8210,d77f619026df2227f576a71c8693596f8e10d75b,8888d031111b131b,train
cattle_5325,cattle_5325_DSCF8212.jpg,BeefCattle_Muzzle_Individualized/cattle_5325/cattle_5325_DSCF8212.jpg,127,94,8212,79ab58c72ff56faa7dffa8a2c3075d4fd193a12f,8888d07111133313,train
cattle_5325,cattle_5325_DSCF8215.jpg,BeefCattle_Muzzle_Individualized/cattle_5325/cattle_5325_DSCF8215.jpg,127,98,8215,7a2172dd3fa0928b8bfc6c47f2f6fff371ef9a34,9888c0711113311b,train
cattle_5325,cattle_5325_DSCF8217.jpg,BeefCattle_Muzzle_Individualized/cattle_5325/cattle_5325_DSCF8217.jpg,126,91,8217,d271588fea0ef8dbdcfe45b69ab21c2d32f9a10b,8880d03111111133,train
cattle_5325,cattle_5325_DSCF8218.jpg,BeefCattle_Muzzle_Individualized/cattle_5325/cattle_5325_DSCF8218.jpg,129,90,8218,6097279802fd3bea79d0f276e87ef07938d5f84d,8880513111133133,train
cattle_5325,cattle_5325_DSCF8219.jpg,BeefCattle_Muzzle_Individualized/cattle_5325/cattle_5325_DSCF8219.jpg,127,92,8219,297cc879971c3579829c943290baee896d4a611e,88c85031111b113b,train
cattle_5325,cattle_5325_DSCF8220.jpg,BeefCattle_Muzzle_Individualized/cattle_5325/cattle_5325_DSCF8220.jpg,130,97,8220,97f998d9d2332be177c085ad3337a4531426559f,9888c071111b1333,train
cattle_5325,cattle_5325_DSCF8221.jpg,BeefCattle_Muzzle_Individualized/cattle_5325/cattle_5325_DSCF8221.jpg,121,92,8221,ef1cc9fe034aedb04251ac9583efb927df6eebaa,8888503010193119,train
cattle_5325,cattle_5325_DSCF8222.jpg,BeefCattle_Muzzle_Individualized/cattle_5325/cattle_5325_DSCF8222.jpg,125,94,8222,8d89c5a38652d0d56e376a7bb8c542f5439cd56a,8888d0311119311b,train
cattle_5325,cattle_5325_DSCF8225.jpg,BeefCattle_Muzzle_Individualized/cattle_5325/cattle_5325_DSCF8225.jpg,132,93,8225,8c1b86cc71c734c7fa6bf6e2226cdc691c953ccf,88c85131111b1313,train
cattle_5325,cattle_5325_DSCF8227.jpg,BeefCattle_Muzzle_Individualized/cattle_5325/cattle_5325_DSCF8227.jpg,129,96,8227,9b138cffc9ac04c18e66876b8f6ca88f86c074ac,88c851311119330b,train
cattle_5325,cattle_5325_DSCF8229.jpg,BeefCattle_Muzzle_Individualized/cattle_5325/cattle_5325_DSCF8229.jpg,137,99,8229,1d2b0b81007229e725fd9512ce56a38ca64309d4,988851311513330f,train
cattle_5325,cattle_5325_DSCF8231.jpg,BeefCattle_Muzzle_Individualized/cattle_5325/cattle_5325_DSCF8231.jpg,126,98,8231,e33ac6992ff13a573364fbf69c55bb91e1ab304e,8888c0311119190b,train
cattle_5325,cattle_5325_DSCF8232.jpg,BeefCattle_Muzzle_Individualized/cattle_5325/cattle_5325_DSCF8232.jpg,126,96,8232,52472809ea645b1bfc96f1ba75fd2affb90c2c84,8888c07111191913,train
cattle_5355,cattle_5355_DSCF7960.jpg,BeefCattle_Muzzle_Individualized/cattle_5355/cattle_5355_DSCF7960.jpg,232,211,7960,fcf0e3c7d98cb9dea9ef5cdb2a2e08f1818f442b,1030e02021049c4c,train
cattle_5355,cattle_5355_DSCF7961.jpg,BeefCattle_Muzzle_Individualized/cattle_5355/cattle_5355_DSCF7961.jpg,232,206,7961,f988f25c8712372d5cd7e8bc4ffa4dccc51fdc36,3020602000141c4c,train
cattle_5355,cattle_5355_DSCF7964.jpg,BeefCattle_Muzzle_Individualized/cattle_5355/cattle_5355_DSCF7964.jpg,194,158,7964,9ddd004cbfa91b0de5e1d06283e9d31dc8cfebb5,86c6f878588ac8cc,train
cattle_5355,cattle_5355_DSCF7965.jpg,BeefCattle_Muzzle_Individualized/cattle_5355/cattle_5355_DSCF7965.jpg,197,148,7965,c42feedd2304f4bb489d1fdb3e79ad638445d537,8fecf878588a88cc,train
cattle_5359,cattle_5359_DSCF0933.jpg,BeefCattle_Muzzle_Individualized/cattle_5359/cattle_5359_DSCF0933.jpg,195,160,933,2d996a4e2e6e658ca576ef1ee0f934f0c8ca9c9d,d3f3f4743626e6cc,train
cattle_5359,cattle_5359_DSCF0934.jpg,BeefCattle_Muzzle_Individualized/cattle_5359/cattle_5359_DSCF0934.jpg,194,159,934,57e4393c34818af2deb878827c90490481666e2d,d7f7f4743626e6c4,train
cattle_5359,cattle_5359_DSCF0937.jpg,BeefCattle_Muzzle_Individualized/cattle_5359/cattle_5359_DSCF0937.jpg,197,167,937,4fb631b30f7d88d3c18c2ffac0734a5febe90614,d7f3f47436a6e68c,train
cattle_5359,cattle_5359_DSCF0941.jpg,BeefCattle_Muzzle_Individualized/cattle_5359/cattle_5359_DSCF0941.jpg,197,171,941,c8a106e2166860f41d8f63266dd84c1283331699,c7f3f67436b6e6cc,train
cattle_5360,cattle_5360_DSCF0447.jpg,BeefCattle_Muzzle_Individualized/cattle_5360/cattle_5360_DSCF0447.jpg,131,97,447,ef0dcfb8a7828ef6c916a22cbb6999f4042c66db,8fc8e070518ec6c4,train
cattle_5360,cattle_5360_DSCF0448.jpg,BeefCattle_Muzzle_Individualized/cattle_5360/cattle_5360_DSCF0448.jpg,131,100,448,0c960edf3e0f88568aa8c5070bc09f62279e7295,8fc0e0705396a2e4,train
cattle_5360,cattle_5360_DSCF0449.jpg,BeefCattle_Muzzle_Individualized/cattle_5360/cattle_5360_DSCF0449.jpg,135,96,449,4efc4b351fee934801730b33ae8566983ad7a9ae,8fc0e070539686e0,train
cattle_5360,cattle_5360_DSCF0451.jpg,BeefCattle_Muzzle_Individualized/cattle_5360/cattle_5360_DSCF0451.jpg,132,99,451,81dfe203fe10b8f1e56424eca408b2b89cd1b2f9,8fc2e0705196e6e0,train
cattle_5360,cattle_5360_DSCF0452.jpg,BeefCattle_Muzzle_Individualized/cattle_5360/cattle_5360_DSCF0452.jpg,131,98,452,d06d7814eb888aa272e373ea8de04a80001500ac,8fe0e0705386e6c4,train
cattle_5360,cattle_5360_DSCF0453.jpg,BeefCattle_Muzzle_Individualized/cattle_5360/cattle_5360_DSCF0453.jpg,132,97,453,5912c8ea4b3d015c1b2d1221da3a9f58b4317a3f,8fcee0705196a6e0,train
cattle_5360,cattle_5360_DSCF0455.jpg,BeefCattle_Muzzle_Individualized/cattle_5360/cattle_5360_DSCF0455.jpg,133,99,455,72dc7de22de897c5c4da7083e105b5573fe7a895,8fc2e070518ee6c4,train
cattle_5360,cattle_5360_DSCF0456.jpg,BeefCattle_Muzzle_Individualized/cattle_5360/cattle_5360_DSCF0456.jpg,128,101,456,6f7e853830a899356a95c7f338b34c3ac7c33243,0fc8e071578ea2e0,train
cattle_5360,cattle_5360_DSCF0459.jpg,BeefCattle_Muzzle_Individualized/cattle_5360/cattle_5360_DSCF0459.jpg,131,98,459,3c963d68214d903efd109167f01577448abc2fae,87e2e0705196a6e4,train
cattle_5360,cattle_5360_DSCF0460.jpg,BeefCattle_Muzzle_Individualized/cattle_5360/cattle_5360_DSCF0460.jpg,129,97,460,574b35f6a652dcb461931082bce60896675227da,0fcae0705196c6c4,train
cattle_5360,cattle_5360_DSCF0461.jpg,BeefCattle_Muzzle_Individualized/cattle_5360/cattle_5360_DSCF0461.jpg,126,97,461,c8639f58de6d08ff4cf39c65b1f20e63ba1f40c0,0fc8e0f0539e86c0,train
cattle_5360,cattle_5360_DSCF0466.jpg,BeefCattle_Muzzle_Individualized/cattle_5360/cattle_5360_DSCF0466.jpg,127,96,466,22f55dc369b76e016a8af6c33d0e03d2df832f4a,0fcee070519e8ec4,train
cattle_5360,cattle_5360_DSCF0470.jpg,BeefCattle_Muzzle_Individualized/cattle_5360/cattle_5360_DSCF0470.jpg,131,94,470,2ff3c6dd5e5912a2ff5a79e91bd66dc0f6636c94,8fc6e070519e8ee6,train
cattle_5360,cattle_5360_DSCF0473.jpg,BeefCattle_Muzzle_Individualized/cattle_5360/cattle_5360_DSCF0473.jpg,131,98,473,51d4878a9835a8fb304b05e1311904b8f2b96478,87e0e0705396e6e4,train
cattle_5360,cattle_5360_DSCF0474.jpg,BeefCattle_Muzzle_Individualized/cattle_5360/cattle_5360_DSCF0474.jpg,131,99,474,36a67e955479ec58017d66d1e0cf572ff91e754d,87e26070539e86c4,train
cattle_5360,cattle_5360_DSCF0475.jpg,BeefCattle_Muzzle_Individualized/cattle_5360/cattle_5360_DSCF0475.jpg,131,95,475,0a66dbfc2f6376188eea92f8af5220b283126fd1,8fc2e070519e8ee8,train
cattle_5360,cattle_5360_DSCF0476.jpg,BeefCattle_Muzzle_Individualized/cattle_5360/cattle_5360_DSCF0476.jpg,125,98,476,bdd93ea2e22ea2ec86a9024d04905f6569880df9,0fcae0f0930e46c4,train
cattle_5360,cattle_5360_DSCF0477.jpg,BeefCattle_Muzzle_Individualized/cattle_5360/cattle_5360_DSCF0477.jpg,129,98,477,81d7e0fe5db719802ef46519411892753a663eb5,0fc0e0715396a6e4,train
cattle_5360,cattle_5360_DSCF0480.jpg,BeefCattle_Muzzle_Individualized/cattle_5360/cattle_5360_DSCF0480.jpg,128,95,480,9c5d873d32616fdd768331d9347532efb9bfc5da,0fc8e070719686e0,train
cattle_5362,cattle_5362_DSCF0776.jpg,BeefCattle_Muzzle_Individualized/cattle_5362/cattle_5362_DSCF0776.jpg,492,379,776,7b312271b60662ae0361d4ec7ec5a05fde616f9d,8eeee0f0d096908c,train
cattle_5362,cattle_5362_DSCF0778.jpg,BeefCattle_Muzzle_Individualized/cattle_5362/cattle_5362_DSCF0778.jpg,501,396,778,2616c88f3f1bf2cf5599538a369a22bde5d54491,0e8ce0f0d092d8d8,train
cattle_5362,cattle_5362_DSCF0779.jpg,BeefCattle_Muzzle_Individualized/cattle_5362/cattle_5362_DSCF0779.jpg,499,381,779,ce952a555bdcd0136bba6e500cc9d173e2d40fb9,8eece0f0d0969098,train
cattle_5362,cattle_5362_DSCF0780.jpg,BeefCattle_Muzzle_Individualized/cattle_5362/cattle_5362_DSCF0780.jpg,493,391,780,dcd434418c053da52ec33da7767bc9b46d662760,0e88e0f0d092d8f0,train
cattle_5362,cattle_5362_DSCF0781.jpg,BeefCattle_Muzzle_Individualized/cattle_5362/cattle_5362_DSCF0781.jpg,482,381,781,7a092b897b4f66cb85746d7b71a4abb5c4c04eaa,0eece0f0d092988c,train
cattle_5362,cattle_5362_DSCF0782.jpg,BeefCattle_Muzzle_Individualized/cattle_5362/cattle_5362_DSCF0782.jpg,484,386,782,7273aa52f18ba7cdf53f8d1a39dd53762d9a97ee,8ecce0f0d092988e,train
cattle_5362,cattle_5362_DSCF0784.jpg,BeefCattle_Muzzle_Individualized/cattle_5362/cattle_5362_DSCF0784.jpg,481,394,784,0650c0468f5af1b14eb4885ec05a3183a2dec912,8eecf0f09492988c,train
cattle_5362,cattle_5362_DSCF0786.jpg,BeefCattle_Muzzle_Individualized/cattle_5362/cattle_5362_DSCF0786.jpg,472,385,786,2ae3b201edeaec9d3c73f65cd273ec867f5ca8f4,8ee8f0f0d29ac88e,train
cattle_5362,cattle_5362_DSCF0788.jpg,BeefCattle_Muzzle_Individualized/cattle_5362/cattle_5362_DSCF0788.jpg,475,386,788,8d6fd4acf4f4781d73de5cd286e17067fc0823bd,8ceef0f09496909c,train
cattle_5362,cattle_5362_DSCF0789.jpg,BeefCattle_Muzzle_Individualized/cattle_5362/cattle_5362_DSCF0789.jpg,478,390,789,3d7f392ea757a2179d955b2ebdf5b517a3e39f26,8cdef0f09096909c,train
cattle_5362,cattle_5362_DSCF0792.jpg,BeefCattle_Muzzle_Individualized/cattle_5362/cattle_5362_DSCF0792.jpg,467,364,792,a5759a0c1d1e3923ef9b20f6ca29588345253ec7,8eecf0f19496908c,train
cattle_5373,cattle_5373_DSCF0696.jpg,BeefCattle_Muzzle_Individualized/cattle_5373/cattle_5373_DSCF0696.jpg,364,285,696,b102c26705d20f907326f93e929d06330c29fba1,8c80c12196a69a9a,dev
cattle_5373,cattle_5373_DSCF0697.jpg,BeefCattle_Muzzle_Individualized/cattle_5373/cattle_5373_DSCF0697.jpg,359,300,697,7caa6bdcdfc74737f980d4983be8b1f9cb508005,0c80c121262eba9a,dev
cattle_5373,cattle_5373_DSCF0700.jpg,BeefCattle_Muzzle_Individualized/cattle_5373/cattle_5373_DSCF0700.jpg,357,291,700,f772118a67926715181f6c70abc4980bc709c965,0c80c121362e9e9a,dev
cattle_5373,cattle_5373_DSCF0701.jpg,BeefCattle_Muzzle_Individualized/cattle_5373/cattle_5373_DSCF0701.jpg,357,301,701,a5af1d8dd4c8c81a3a6b207055c68d0003b15f1c,0c88e121262ebebe,dev
cattle_5373,cattle_5373_DSCF0703.jpg,BeefCattle_Muzzle_Individualized/cattle_5373/cattle_5373_DSCF0703.jpg,352,298,703,c46f5b5e8b98d49be1af4dfca192c46c89942934,8480e131262eba9a,dev
cattle_5373,cattle_5373_DSCF0705.jpg,BeefCattle_Muzzle_Individualized/cattle_5373/cattle_5373_DSCF0705.jpg,354,287,705,6ebb7992293f4432d26e65a540e922ef023cda8f,8c80c13196a69eda,dev
cattle_5373,cattle_5373_DSCF0707.jpg,BeefCattle_Muzzle_Individualized/cattle_5373/cattle_5373_DSCF0707.jpg,345,306,707,7e9097f240523a74cbccf5fd8c54136fc20e2fba,8680d1313626ba9a,dev
cattle_5373,cattle_5373_DSCF0708.jpg,BeefCattle_Muzzle_Individualized/cattle_5373/cattle_5373_DSCF0708.jpg,358,291,708,033a253c3f4776f453cf457a93df2db5d77d2995,0c80c13526a69a9a,dev
cattle_5373,cattle_5373_DSCF0710.jpg,BeefCattle_Muzzle_Individualized/cattle_5373/cattle_5373_DSCF0710.jpg,353,305,710,687afd7e93c44b61931a8544af49653b02a7ccb9,8c80f121262eba9e,dev
cattle_5373,cattle_5373_DSCF0714.jpg,BeefCattle_Muzzle_Individualized/cattle_5373/cattle_5373_DSCF0714.jpg,365,296,714,2e380c92f143c92595ba30eb17c5626b236fe826,0c84d071b6a6ae9a,dev
cattle_5373,cattle_5373_DSCF0715.jpg,BeefCattle_Muzzle_Individualized/cattle_5373/cattle_5373_DSCF0715.jpg,370,303,715,0737d95cbf1fa61271bfa15b8f5610e8ab48d084,8c84d071b6ae9e9a,dev
cattle_5373,cattle_5373_DSCF0716.jpg,BeefCattle_Muzzle_Individualized/cattle_5373/cattle_5373_DSCF0716.jpg,367,305,716,89ea1fe4670296f95581464cf6601081d27866d5,0c84c07196869e9a,dev
cattle_5373,cattle_5373_DSCF0718.jpg,BeefCattle_Muzzle_Individualized/cattle_5373/cattle_5373_DSCF0718.jpg,374,309,718,95f7832fe83489406b0afd7869141bda6b2cf777,0c84f031b6aebe9a,dev
cattle_5373,cattle_5373_DSCF0720.jpg,BeefCattle_Muzzle_Individualized/cattle_5373/cattle_5373_DSCF0720.jpg,379,296,720,b3bdf8c896d97d1ed78c874994eed9888598a4f7,4e8c8041939686dc,dev
cattle_5373,cattle_5373_DSCF0721.jpg,BeefCattle_Muzzle_Individualized/cattle_5373/cattle_5373_DSCF0721.jpg,361,299,721,3f312c633ddc829b838bbe05150833de497dc082,0e84d07196969e9a,dev
cattle_5374,cattle_5374_DSCF1140.jpg,BeefCattle_Muzzle_Individualized/cattle_5374/cattle_5374_DSCF1140.jpg,773,631,1140,3e2bd0d7609a3bfdd3e8cc66c7d275fc809561e9,0bcfe86d35aeee8c,train
cattle_5374,cattle_5374_DSCF1141.jpg,BeefCattle_Muzzle_Individualized/cattle_5374/cattle_5374_DSCF1141.jpg,746,607,1141,88f22ea6b370a7906e0bc0bf4737bc90676c79d7,0fece06435a6e6ce,train
cattle_5374,cattle_5374_DSCF1142.jpg,BeefCattle_Muzzle_Individualized/cattle_5374/cattle_5374_DSCF1142.jpg,761,599,1142,f2eacd4e0a5436d6ecc11d1645cec190c8248162,0fece0747496e6ce,train
cattle_5374,cattle_5374_DSCF1144.jpg,BeefCattle_Muzzle_Individualized/cattle_5374/cattle_5374_DSCF1144.jpg,757,603,1144,7398c7dea42c76ab165e598873099097e83d7216,0feee4747596e6ce,train
cattle_5374,cattle_5374_DSCF1145.jpg,BeefCattle_Muzzle_Individualized/cattle_5374/cattle_5374_DSCF1145.jpg,779,586,1145,4fb022893ac731ccd837beaa80f8e574651933ed,8feee06575aee6cc,train
cattle_5374,cattle_5374_DSCF1146.jpg,BeefCattle_Muzzle_Individualized/cattle_5374/cattle_5374_DSCF1146.jpg,759,606,1146,9b27435865809964b5a9e463e908e730aa4bb95f,0feee47535aee6cc,train
cattle_5374,cattle_5374_DSCF1147.jpg,BeefCattle_Muzzle_Individualized/cattle_5374/cattle_5374_DSCF1147.jpg,781,614,1147,86bbb9a1adf91b5cf8aee38e9f998fab4f75ce36,8feee0757586e6cc,train
cattle_5374,cattle_5374_DSCF1151.jpg,BeefCattle_Muzzle_Individualized/cattle_5374/cattle_5374_DSCF1151.jpg,736,586,1151,4ce48734372c44facd95dd4288f9dea3d60cab41,8fece47475a6e6ce,train
cattle_5374,cattle_5374_DSCF1152.jpg,BeefCattle_Muzzle_Individualized/cattle_5374/cattle_5374_DSCF1152.jpg,750,593,1152,95982286b2964a6bcc0bfa55d5b445715a711b52,8bccec6d6d2eee8c,train
cattle_5374,cattle_5374_DSCF1153.jpg,BeefCattle_Muzzle_Individualized/cattle_5374/cattle_5374_DSCF1153.jpg,724,563,1153,28178f1bedf5e7ed69e40c9ac3a8baffd67e9c5e,8fecec6c6d2eeecc,train
cattle_5374,cattle_5374_DSCF1154.jpg,BeefCattle_Muzzle_Individualized/cattle_5374/cattle_5374_DSCF1154.jpg,718,573,1154,07d8d6894cba3dedf703cc982287a6938436a334,2fcce47475b6a6e6,train
cattle_5374,cattle_5374_DSCF1155.jpg,BeefCattle_Muzzle_Individualized/cattle_5374/cattle_5374_DSCF1155.jpg,718,596,1155,406ac54f1ee2069af03ed177b947057849985acb,8beeec6c6d2eee8c,train
cattle_5374,cattle_5374_DSCF1157.jpg,BeefCattle_Muzzle_Individualized/cattle_5374/cattle_5374_DSCF1157.jpg,736,610,1157,0235958d2712725d631d0952ca1b2978c69c7c43,0fcce07474a6e6ce,train
cattle_5374,cattle_5374_DSCF1158.jpg,BeefCattle_Muzzle_Individualized/cattle_5374/cattle_5374_DSCF1158.jpg,762,582,1158,4af67d1d5925f29ada59914fd1eb9bfb0e9f7bbb,8fece47575aee6cc,train
cattle_5374,cattle_5374_DSCF1160.jpg,BeefCattle_Muzzle_Individualized/cattle_5374/cattle_5374_DSCF1160.jpg,774,586,1160,b8e21cc351b4eb44381fd1c496596abfe92ddbcd,8fece4747596e6cc,train
cattle_5374,cattle_5374_DSCF1161.jpg,BeefCattle_Muzzle_Individualized/cattle_5374/cattle_5374_DSCF1161.jpg,758,599,1161,f334325631d922d98f4dd62b62096d74f5f2d241,2fece0747696e6c6,train
cattle_5374,cattle_5374_DSCF1162.jpg,BeefCattle_Muzzle_Individualized/cattle_5374/cattle_5374_DSCF1162.jpg,759,610,1162,b1c96c01be980cbd5b6e157fa40891cd3f55faf6,0feee47475a6e6cc,train
cattle_5374,cattle_5374_DSCF1163.jpg,BeefCattle_Muzzle_Individualized/cattle_5374/cattle_5374_DSCF1163.jpg,740,589,1163,ef5b75d96d6107baf4f805be9b86320758746d4f,0fece47434a6e6ce,train
cattle_5403,cattle_5403_DSCF0191.jpg,BeefCattle_Muzzle_Individualized/cattle_5403/cattle_5403_DSCF0191.jpg,466,350,191,fbbfa40f48e7f31d35b56bc5e2c6e09deeb7e892,86e0f1f197878e8c,train
cattle_5403,cattle_5403_DSCF0192.jpg,BeefCattle_Muzzle_Individualized/cattle_5403/cattle_5403_DSCF0192.jpg,479,363,192,df03e5c9bb97a0ef2dd5477ba22f0033d3418449,0fc4f07151878e9c,train
cattle_5403,cattle_5403_DSCF0193.jpg,BeefCattle_Muzzle_Individualized/cattle_5403/cattle_5403_DSCF0193.jpg,466,370,193,5fa617a314481ae78458f1430baf4ae364a992f9,0fc4e1f1918e8e8c,train
cattle_5403,cattle_5403_DSCF0194.jpg,BeefCattle_Muzzle_Individualized/cattle_5403/cattle_5403_DSCF0194.jpg,462,344,194,d0f82b7950ac10f39f492c7686bdca7ff2a9e80b,0ec4e0f1d18f8e9c,train
cattle_5403,cattle_5403_DSCF0195.jpg,BeefCattle_Muzzle_Individualized/cattle_5403/cattle_5403_DSCF0195.jpg,450,363,195,bd32b047a8521c9f8be9681b07300dc4936b4e17,0fc4e0f1810f8e8c,train
cattle_5403,cattle_5403_DSCF0196.jpg,BeefCattle_Muzzle_Individualized/cattle_5403/cattle_5403_DSCF0196.jpg,456,353,196,8879613e1efef27202ed281827caa7c15a0a98af,0ec4e1f1910f8e8c,train
cattle_5403,cattle_5403_DSCF0197.jpg,BeefCattle_Muzzle_Individualized/cattle_5403/cattle_5403_DSCF0197.jpg,462,363,197,91a10ab209baab33376943a9c35e8d54f32e8dd7,0fc4f0f1918f8e9c,train
cattle_5403,cattle_5403_DSCF0198.jpg,BeefCattle_Muzzle_Individualized/cattle_5403/cattle_5403_DSCF0198.jpg,479,347,198,f508ddfee4454be013367a066c6807d3db4b16bb,87c4f1f151878e8c,train
cattle_5403,cattle_5403_DSCF0199.jpg,BeefCattle_Muzzle_Individualized/cattle_5403/cattle_5403_DSCF0199.jpg,475,363,199,ec0cf1aaceca8e45d16ca9017bbc47722a2d7cad,0fc4f1f191868e9c,train
cattle_5403,cattle_5403_DSCF0200.jpg,BeefCattle_Muzzle_Individualized/cattle_5403/cattle_5403_DSCF0200.jpg,472,366,200,7814aff6045814e71be7b5b2ee82ff7608be21aa,0bc4e0f1d1878e9c,train
cattle_5403,cattle_5403_DSCF0201.jpg,BeefCattle_Muzzle_Individualized/cattle_5403/cattle_5403_DSCF0201.jpg,453,370,201,54002e2fdefa1d78fc0e50edbd5c0bbcb8bc3e6d,06c4f0f9910f8e9c,train
cattle_5403,cattle_5403_DSCF0203.jpg,BeefCattle_Muzzle_Individualized/cattle_5403/cattle_5403_DSCF0203.jpg,453,363,203,3e872f4ecbe694c44a93343cbdac687eb9c3089b,86e4f0f9910f8e8c,train
cattle_5403,cattle_5403_DSCF0204.jpg,BeefCattle_Muzzle_Individualized/cattle_5403/cattle_5403_DSCF0204.jpg,450,373,204,497835c76ca967c517a0be73a6ea602798a18793,07c4f0f1910f8e8c,train
cattle_5403,cattle_5403_DSCF0205.jpg,BeefCattle_Muzzle_Individualized/cattle_5403/cattle_5403_DSCF0205.jpg,453,370,205,8713eefe48d6912d9e07366fa86b2195da3370d3,86e0f1f1850f8e8c,train
cattle_5403,cattle_5403_DSCF0206.jpg,BeefCattle_Muzzle_Individualized/cattle_5403/cattle_5403_DSCF0206.jpg,453,379,206,caea8ff8b3f3bd52e7f82466ada437622e78b4d3,87e4f0f1958f8e9c,train
cattle_5403,cattle_5403_DSCF0207.jpg,BeefCattle_Muzzle_Individualized/cattle_5403/cattle_5403_DSCF0207.jpg,450,376,207,e3c88617f1d5d6f74c141c4dc047caadc99464c6,07e4f0f99107868c,train
cattle_5403,cattle_5403_DSCF0208.jpg,BeefCattle_Muzzle_Individualized/cattle_5403/cattle_5403_DSCF0208.jpg,462,379,208,1883505be2c1a4f9d536183aaaeae82d398b050f,87e4f079d18f868c,train
cattle_5403,cattle_5403_DSCF0209.jpg,BeefCattle_Muzzle_Individualized/cattle_5403/cattle_5403_DSCF0209.jpg,488,382,209,ac9da500f939a2e157d03f531d7439342a57b35c,8ee07071518f86c6,train
cattle_5403,cattle_5403_DSCF0210.jpg,BeefCattle_Muzzle_Individualized/cattle_5403/cattle_5403_DSCF0210.jpg,479,382,210,0c721af2ab7f6a59cc4e44626af831aaa28dea50,0ee0f171978f868c,train
cattle_5403,cattle_5403_DSCF0211.jpg,BeefCattle_Muzzle_Individualized/cattle_5403/cattle_5403_DSCF0211.jpg,475,382,211,76a70fe55bc2c1036cae5537cb5791104b091102,86e0e171978f868e,train
cattle_5403,cattle_5403_DSCF0212.jpg,BeefCattle_Muzzle_Individualized/cattle_5403/cattle_5403_DSCF0212.jpg,475,389,212,daffc2a879bd63fa7650a77312d7a56830c200a2,0ee0e071978f8686,train
cattle_5403,cattle_5403_DSCF0213.jpg,BeefCattle_Muzzle_Individualized/cattle_5403/cattle_5403_DSCF0213.jpg,469,379,213,f15c3193614c3935251a4740e213821e34fb4451,0ee0e071918f8e8e,train
cattle_5403,cattle_5403_DSCF0214.jpg,BeefCattle_Muzzle_Individualized/cattle_5403/cattle_5403_DSCF0214.jpg,469,386,214,c226d59e12091d214d6ad2dea0321dea51d5f927,0ec4f079518f8686,train
cattle_5403,cattle_5403_DSCF0215.jpg,BeefCattle_Muzzle_Individualized/cattle_5403/cattle_5403_DSCF0215.jpg,463,409,215,157e930ca8776eda8b217c74ac1e8b1b4c5cce68,8cc6f879890f8e9c,train
cattle_5403,cattle_5403_DSCF0216.jpg,BeefCattle_Muzzle_Individualized/cattle_5403/cattle_5403_DSCF0216.jpg,460,388,216,c2ffb3cf9fac93c7ca54c2e86bfbeba406335463,8ce4f8f9890f8e9c,train
cattle_5404,cattle_5404_DSCF0270.jpg,BeefCattle_Muzzle_Individualized/cattle_5404/cattle_5404_DSCF0270.jpg,460,331,270,07678fe46498a0d2dc6b0b7d1a20d06033a5688b,0e98c041839298cc,dev
cattle_5404,cattle_5404_DSCF0271.jpg,BeefCattle_Muzzle_Individualized/cattle_5404/cattle_5404_DSCF0271.jpg,441,344,271,87ad070ef0c9434199b63abb03890eaac0e305f8,0cb8d8c18192909c,dev
cattle_5404,cattle_5404_DSCF0272.jpg,BeefCattle_Muzzle_Individualized/cattle_5404/cattle_5404_DSCF0272.jpg,456,333,272,92723311cb169d3ba58bda0dcb75b53abd0217a3,0e98c041438298cc,dev
cattle_5404,cattle_5404_DSCF0273.jpg,BeefCattle_Muzzle_Individualized/cattle_5404/cattle_5404_DSCF0273.jpg,449,347,273,bc72e11c3bfe702de14a4c3b8404a85b7ee817cd,0c88f8c18192909c,dev
cattle_5404,cattle_5404_DSCF0274.jpg,BeefCattle_Muzzle_Individualized/cattle_5404/cattle_5404_DSCF0274.jpg,434,333,274,7adb5c6385035772e60a448483510a0b97f75229,0e98d8c181929098,dev
cattle_5404,cattle_5404_DSCF0275.jpg,BeefCattle_Muzzle_Individualized/cattle_5404/cattle_5404_DSCF0275.jpg,442,350,275,65f86a8bedaf47742fa502afa59cc60d47f0c27e,0c88d8c14182989c,dev
cattle_5404,cattle_5404_DSCF0278.jpg,BeefCattle_Muzzle_Individualized/cattle_5404/cattle_5404_DSCF0278.jpg,456,328,278,2a3441bf960960580c220987d5cc3266a26ed186,1eb8d0418482880e,dev
cattle_5404,cattle_5404_DSCF0279.jpg,BeefCattle_Muzzle_Individualized/cattle_5404/cattle_5404_DSCF0279.jpg,446,334,279,45a7eb21d4808ecfe22d9d11d7b7ae6d32322a62,0f98d0414582884a,dev
cattle_5404,cattle_5404_DSCF0280.jpg,BeefCattle_Muzzle_Individualized/cattle_5404/cattle_5404_DSCF0280.jpg,446,321,280,e767ec1b6abf3adf38a1061176567b1878de7b82,0eb8d041458288c8,dev
cattle_5404,cattle_5404_DSCF0281.jpg,BeefCattle_Muzzle_Individualized/cattle_5404/cattle_5404_DSCF0281.jpg,440,331,281,c4f191961a6b24c855d8451fa43b1f55d2be1fd3,0eb8d0c1058288ca,dev
cattle_5404,cattle_5404_DSCF0282.jpg,BeefCattle_Muzzle_Individualized/cattle_5404/cattle_5404_DSCF0282.jpg,446,334,282,ff4a9bd54dc351017f622c59ff7258f3ab71b4e8,0e38f0c145828ac8,dev
cattle_5404,cattle_5404_DSCF0283.jpg,BeefCattle_Muzzle_Individualized/cattle_5404/cattle_5404_DSCF0283.jpg,453,324,283,5df7c35ef5a88fd73a7fe8c9a9dd4d98f609bf7d,0f98d04145868ac8,dev
cattle_5404,cattle_5404_DSCF0284.jpg,BeefCattle_Muzzle_Individualized/cattle_5404/cattle_5404_DSCF0284.jpg,424,321,284,9f5406a7769da455d90c61098df60345a028b3e2,0f98d040868388ca,dev
cattle_5404,cattle_5404_DSCF0286.jpg,BeefCattle_Muzzle_Individualized/cattle_5404/cattle_5404_DSCF0286.jpg,414,324,286,390aa7c396eb093a90f96f4169ce7579a8ac8c94,1c10b0514180c848,dev
cattle_5404,cattle_5404_DSCF0287.jpg,BeefCattle_Muzzle_Individualized/cattle_5404/cattle_5404_DSCF0287.jpg,401,328,287,7038cc78cd569caea4a10e50013b955c3a876772,1c10b050c188c842,dev
cattle_5404,cattle_5404_DSCF0288.jpg,BeefCattle_Muzzle_Individualized/cattle_5404/cattle_5404_DSCF0288.jpg,417,311,288,a40bdf2c085398a6ba89cec918fe91d0f03e6007,1c30b051c1c0c848,dev
cattle_5407,cattle_5407_DSCF1001.jpg,BeefCattle_Muzzle_Individualized/cattle_5407/cattle_5407_DSCF1001.jpg,133,103,1001,a1dc97803fb4b8c03fddb7f1c0db8e19e40a7b8b,1c18b0f183828242,train
cattle_5407,cattle_5407_DSCF1002.jpg,BeefCattle_Muzzle_Individualized/cattle_5407/cattle_5407_DSCF1002.jpg,132,108,1002,8ddce46bab140e29c709074b39f7bfdf2b49e396,1c1cb0d181828242,train
cattle_5407,cattle_5407_DSCF1003.jpg,BeefCattle_Muzzle_Individualized/cattle_5407/cattle_5407_DSCF1003.jpg,136,110,1003,ad3368925f33c0d76e16856b0b14b0db8f8d76fe,1c1c90d1838282c2,train
cattle_5407,cattle_5407_DSCF1004.jpg,BeefCattle_Muzzle_Individualized/cattle_5407/cattle_5407_DSCF1004.jpg,137,102,1004,1bfc8a69012923af27ce9c076225842bd4e9b9b4,1e9cf0d193828242,train
cattle_5407,cattle_5407_DSCF1005.jpg,BeefCattle_Muzzle_Individualized/cattle_5407/cattle_5407_DSCF1005.jpg,139,104,1005,4802b717139598082ab3e272807157c5abc7929a,1e9cd05193928242,train
cattle_5407,cattle_5407_DSCF1006.jpg,BeefCattle_Muzzle_Individualized/cattle_5407/cattle_5407_DSCF1006.jpg,138,106,1006,9afbbdd3eaf6f74c09ecaa301dfe8c34da43f5a0,0e9cd0d191828242,train
cattle_5407,cattle_5407_DSCF1007.jpg,BeefCattle_Muzzle_Individualized/cattle_5407/cattle_5407_DSCF1007.jpg,140,110,1007,e5a232e25ae6b5c8a39cded47682654ebd1505dd,1e9cd0f1829282c0,train
cattle_5407,cattle_5407_DSCF1009.jpg,BeefCattle_Muzzle_Individualized/cattle_5407/cattle_5407_DSCF1009.jpg,142,107,1009,8e104ff1cebcb451b123fa8600a6ebad47b64ea5,1e9c90d1908282c2,train
cattle_5407,cattle_5407_DSCF1010.jpg,BeefCattle_Muzzle_Individualized/cattle_5407/cattle_5407_DSCF1010.jpg,134,108,1010,482a3c5f7a923f39426248a178dda76b09583333,0e1cd0d1919282c2,train
cattle_5407,cattle_5407_DSCF1012.jpg,BeefCattle_Muzzle_Individualized/cattle_5407/cattle_5407_DSCF1012.jpg,141,106,1012,b40225f7de5ab9f2510e3e84f43a1641c74e0150,1e9cd0f1919282c2,train
cattle_5407,cattle_5407_DSCF1014.jpg,BeefCattle_Muzzle_Individualized/cattle_5407/cattle_5407_DSCF1014.jpg,139,108,1014,2ddae00a629b72593b3c8b493c557f10adc05a76,0e8cd0e1519282c2,train
cattle_5407,cattle_5407_DSCF1016.jpg,BeefCattle_Muzzle_Individualized/cattle_5407/cattle_5407_DSCF1016.jpg,140,108,1016,6c7bc3b22d7397ac67d9c0df4c7ca163e982dd45,0e8cd0e1129282c2,train
cattle_5407,cattle_5407_DSCF1018.jpg,BeefCattle_Muzzle_Individualized/cattle_5407/cattle_5407_DSCF1018.jpg,141,107,1018,12ea2577a735266106be94a323bd69eac58c2cfc,0e8cd071929282c2,train
cattle_5407,cattle_5407_DSCF1024.jpg,BeefCattle_Muzzle_Individualized/cattle_5407/cattle_5407_DSCF1024.jpg,145,112,1024,6ef63b5491063ec607f35195cb7a92972ca2189d,0e8cd0615292c2c2,train
cattle_5407,cattle_5407_DSCF1025.jpg,BeefCattle_Muzzle_Individualized/cattle_5407/cattle_5407_DSCF1025.jpg,139,106,1025,d0e6d5747df8d864e8c9fb0027072c451103fe72,0e8cf061539282c2,train
cattle_5407,cattle_5407_DSCF1033.jpg,BeefCattle_Muzzle_Individualized/cattle_5407/cattle_5407_DSCF1033.jpg,126,107,1033,e612b1718593e76b43e344528cd3edfc7cbc5c34,83d2f8599f9fdab2,train
cattle_5407,cattle_5407_DSCF1034.jpg,BeefCattle_Muzzle_Individualized/cattle_5407/cattle_5407_DSCF1034.jpg,128,98,1034,58f24e2980afcafcb250366400637db860fe1712,93f2f8798e9e5e82,train
cattle_5407,cattle_5407_DSCF1035.jpg,BeefCattle_Muzzle_Individualized/cattle_5407/cattle_5407_DSCF1035.jpg,130,104,1035,daeb721d64cf868b7a70a543199ec5ec36e83945,93f2f8598e9ed286,train
cattle_5407,cattle_5407_DSCF1036.jpg,BeefCattle_Muzzle_Individualized/cattle_5407/cattle_5407_DSCF1036.jpg,130,103,1036,b3a15d98c36c9d82d495035c2c6baf55a3cf4b1c,93d2f8799f9fdec6,train
cattle_5407,cattle_5407_DSCF1037.jpg,BeefCattle_Muzzle_Individualized/cattle_5407/cattle_5407_DSCF1037.jpg,130,106,1037,156fa36e2f88e45c8bdd2632ce12c38a4d8eaf26,93f2785f9e9ed28e,train
cattle_5407,cattle_5407_DSCF1039.jpg,BeefCattle_Muzzle_Individualized/cattle_5407/cattle_5407_DSCF1039.jpg,130,106,1039,9f708eeb14204bee564a02d2b77a0ad29d090c93,8fd2f8799f9fd286,train
cattle_5407,cattle_5407_DSCF1040.jpg,BeefCattle_Muzzle_Individualized/cattle_5407/cattle_5407_DSCF1040.jpg,127,107,1040,aef3c3d3e67977b554ce0c3949f615f6619adbc3,8fb6f8599e1e9a86,train
cattle_5410,cattle_5410_DSCF0071.jpg,BeefCattle_Muzzle_Individualized/cattle_5410/cattle_5410_DSCF0071.jpg,197,160,71,c4e4bd1a51cd8f0ab165ba5ea8b2422fd324de8e,07f0f0700486c6ce,train
cattle_5410,cattle_5410_DSCF0072.jpg,BeefCattle_Muzzle_Individualized/cattle_5410/cattle_5410_DSCF0072.jpg,201,160,72,b4126fb6caed22adf2ac963e6c84534a4db5f304,0fc2f0e01586c6ce,train
cattle_5410,cattle_5410_DSCF0073.jpg,BeefCattle_Muzzle_Individualized/cattle_5410/cattle_5410_DSCF0073.jpg,196,161,73,3bae2c6bb6dd7bd1acaa5d14585e48e897274d27,0ff0f0e08406c6ce,train
cattle_5410,cattle_5410_DSCF0074.jpg,BeefCattle_Muzzle_Individualized/cattle_5410/cattle_5410_DSCF0074.jpg,201,158,74,6f07daa252e9e473f871967e2623f2dbb0e1df4a,0fd0f0f01586c6ce,train
cattle_5410,cattle_5410_DSCF0076.jpg,BeefCattle_Muzzle_Individualized/cattle_5410/cattle_5410_DSCF0076.jpg,201,163,76,4685a95d9f9f68ec5512ff52a178f980116aa6c8,0fc2f0e02186c6cc,train
cattle_5410,cattle_5410_DSCF0077.jpg,BeefCattle_Muzzle_Individualized/cattle_5410/cattle_5410_DSCF0077.jpg,198,161,77,5e7d12af21ebccc11f9787563f10bc85ee3a2626,0fc2f0f07486c6ce,train
cattle_5410,cattle_5410_DSCF0080.jpg,BeefCattle_Muzzle_Individualized/cattle_5410/cattle_5410_DSCF0080.jpg,201,157,80,df076e3d0fe0a9f921ea810961313b1ebb78f264,0f92f0f07186c6c6,train
cattle_5410,cattle_5410_DSCF0081.jpg,BeefCattle_Muzzle_Individualized/cattle_5410/cattle_5410_DSCF0081.jpg,199,157,81,c100c5656053ce4a4dca42f9e6253f59ea43f3ea,0f82f0f0710686c6,train
cattle_5410,cattle_5410_DSCF0082.jpg,BeefCattle_Muzzle_Individualized/cattle_5410/cattle_5410_DSCF0082.jpg,204,154,82,4a507dfb34651514f1edde9ab6246056e4d22682,87f0f0701586c6ce,train
cattle_5410,cattle_5410_DSCF0084.jpg,BeefCattle_Muzzle_Individualized/cattle_5410/cattle_5410_DSCF0084.jpg,198,158,84,ae0e00ecfac902e8f5962910a596879b889d9dcd,0fe2f0e02506c6ce,train
cattle_5410,cattle_5410_DSCF0085.jpg,BeefCattle_Muzzle_Individualized/cattle_5410/cattle_5410_DSCF0085.jpg,204,157,85,106115be6ca912323b708b188e4b9701763c4d18,07d2f0607586c6cc,train
cattle_5410,cattle_5410_DSCF0086.jpg,BeefCattle_Muzzle_Individualized/cattle_5410/cattle_5410_DSCF0086.jpg,196,158,86,94d3a8dd7497e13d8efb15c500d9e7a5038663d0,0f82f0e07406c6ce,train
cattle_5410,cattle_5410_DSCF0087.jpg,BeefCattle_Muzzle_Individualized/cattle_5410/cattle_5410_DSCF0087.jpg,199,161,87,54d557af498517638c378ce9c3f4c95583b8ab34,0792f0701486c6ce,train
cattle_5410,cattle_5410_DSCF0090.jpg,BeefCattle_Muzzle_Individualized/cattle_5410/cattle_5410_DSCF0090.jpg,198,155,90,75b96d6c9d1f6a065daeae3bf7bd791cd60b5b04,0fa2e0e0650686ce,train
cattle_5411,cattle_5411_DSCF1041.jpg,BeefCattle_Muzzle_Individualized/cattle_5411/cattle_5411_DSCF1041.jpg,191,147,1041,3a9e26160d0d506970b61593df887cd1ac725e8b,88f071719296969c,dev
cattle_5411,cattle_5411_DSCF1042.jpg,BeefCattle_Muzzle_Individualized/cattle_5411/cattle_5411_DSCF1042.jpg,195,151,1042,1d3ce772d5944ba55ade5eabefe813dc9195bff9,88f87071839696bc,dev
cattle_5411,cattle_5411_DSCF1043.jpg,BeefCattle_Muzzle_Individualized/cattle_5411/cattle_5411_DSCF1043.jpg,198,151,1043,f8f119107b61867440f62a2df9b84cedef47aa66,88d870710396969c,dev
cattle_5411,cattle_5411_DSCF1044.jpg,BeefCattle_Muzzle_Individualized/cattle_5411/cattle_5411_DSCF1044.jpg,188,147,1044,2fa5adebec363676e113e79093a97c745f871e57,88f8707193969e9c,dev
cattle_5411,cattle_5411_DSCF1046.jpg,BeefCattle_Muzzle_Individualized/cattle_5411/cattle_5411_DSCF1046.jpg,185,157,1046,50647233a58fcc65b876877b5caf4c7152c56fe8,08f8f1f193969e3c,dev
cattle_5411,cattle_5411_DSCF1047.jpg,BeefCattle_Muzzle_Individualized/cattle_5411/cattle_5411_DSCF1047.jpg,193,154,1047,85618b2f0482cf58d9154bd82134a976b12e7e5f,08d87071939696bc,dev
cattle_5411,cattle_5411_DSCF1048.jpg,BeefCattle_Muzzle_Individualized/cattle_5411/cattle_5411_DSCF1048.jpg,190,149,1048,af6ed1dfbe1bbb007b149371bd7a000fa17e0b9a,08f0f1719296963c,dev
cattle_5411,cattle_5411_DSCF1050.jpg,BeefCattle_Muzzle_Individualized/cattle_5411/cattle_5411_DSCF1050.jpg,190,149,1050,3b2b13d2c83c40b0ac5119aec3adadc71250e55f,88f071719396963c,dev
cattle_5411,cattle_5411_DSCF1051.jpg,BeefCattle_Muzzle_Individualized/cattle_5411/cattle_5411_DSCF1051.jpg,188,146,1051,9d59b19fb606ffc69e47951b907993b633c388b9,88d8f0719396969c,dev
cattle_5411,cattle_5411_DSCF1052.jpg,BeefCattle_Muzzle_Individualized/cattle_5411/cattle_5411_DSCF1052.jpg,187,147,1052,d62fed7e1c478b29172211e5ae35499a52818b55,88f0f1f19396961c,dev
cattle_5411,cattle_5411_DSCF1055.jpg,BeefCattle_Muzzle_Individualized/cattle_5411/cattle_5411_DSCF1055.jpg,188,146,1055,a8a165eef8d05a37f4c5d1b5da318d53524055ff,08f0f0719396969c,dev
cattle_5411,cattle_5411_DSCF1065.jpg,BeefCattle_Muzzle_Individualized/cattle_5411/cattle_5411_DSCF1065.jpg,190,147,1065,bbc74c7fecaa0cb9795a087a0bb9701a3d86b791,88f071718386969c,dev
cattle_5411,cattle_5411_DSCF1067.jpg,BeefCattle_Muzzle_Individualized/cattle_5411/cattle_5411_DSCF1067.jpg,196,138,1067,e8a226c839b1483f30752588c2cae4681e5beec2,88f8707151869694,dev
cattle_5411,cattle_5411_DSCF1068.jpg,BeefCattle_Muzzle_Individualized/cattle_5411/cattle_5411_DSCF1068.jpg,193,146,1068,299b01eea0bb6dd426f29fbf0e9226090e625c6d,9af071718296929c,dev
cattle_5411,cattle_5411_DSCF1069.jpg,BeefCattle_Muzzle_Individualized/cattle_5411/cattle_5411_DSCF1069.jpg,195,147,1069,732b3ef7be9053471c7d6e3a50abc2a1db12edf9,88f871710396929c,dev
cattle_5411,cattle_5411_DSCF1071.jpg,BeefCattle_Muzzle_Individualized/cattle_5411/cattle_5411_DSCF1071.jpg,190,144,1071,2778f840210842eb210bab5202439c7722cf76d6,08f870718396929c,dev
cattle_5425,cattle_5425_DSCF0362.jpg,BeefCattle_Muzzle_Individualized/cattle_5425/cattle_5425_DSCF0362.jpg,149,108,362,6ebfc5abf83594c6f3a813857a5fee412a7c3a2f,8eccf87113879bcc,train
cattle_5425,cattle_5425_DSCF0364.jpg,BeefCattle_Muzzle_Individualized/cattle_5425/cattle_5425_DSCF0364.jpg,151,109,364,f817f97b7632de9bcc965c5675a239b765f47b77,0eccf87171079b99,train
cattle_5425,cattle_5425_DSCF0365.jpg,BeefCattle_Muzzle_Individualized/cattle_5425/cattle_5425_DSCF0365.jpg,151,107,365,8123a875e5b20ecf3bd62ce2b9b658562848312d,0eccf87153179b8d,train
cattle_5425,cattle_5425_DSCF0366.jpg,BeefCattle_Muzzle_Individualized/cattle_5425/cattle_5425_DSCF0366.jpg,151,107,366,749f18c5442a099fc390a888729437607711b677,0fccf87151079a99,train
cattle_5425,cattle_5425_DSCF0369.jpg,BeefCattle_Muzzle_Individualized/cattle_5425/cattle_5425_DSCF0369.jpg,148,112,369,f01875f0d85c01625dde3a8acab1877fc28a2324,8fccf87153979a8c,train
cattle_5425,cattle_5425_DSCF0370.jpg,BeefCattle_Muzzle_Individualized/cattle_5425/cattle_5425_DSCF0370.jpg,147,110,370,12872d397f073e93852725306375dda00acd485f,8eccf87151179a8d,train
cattle_5425,cattle_5425_DSCF0371.jpg,BeefCattle_Muzzle_Individualized/cattle_5425/cattle_5425_DSCF0371.jpg,153,116,371,699b30b1435b00b73c83b48470a972423a8a6ab1,8eccf87111979b8c,train
cattle_5425,cattle_5425_DSCF0372.jpg,BeefCattle_Muzzle_Individualized/cattle_5425/cattle_5425_DSCF0372.jpg,153,109,372,6d845614cac1b21f5ba6b5d7f66bae56a07c9a21,8cccf07113979b8c,train
cattle_5425,cattle_5425_DSCF0373.jpg,BeefCattle_Muzzle_Individualized/cattle_5425/cattle_5425_DSCF0373.jpg,156,109,373,de1dd779048c57c3eb9e10f53467239f32084948,8eccf87111879a8d,train
cattle_5425,cattle_5425_DSCF0374.jpg,BeefCattle_Muzzle_Individualized/cattle_5425/cattle_5425_DSCF0374.jpg,148,106,374,f6ced8663c8fcfd2c214d0012618004f062889e3,0cccf07151079299,train
cattle_5425,cattle_5425_DSCF0377.jpg,BeefCattle_Muzzle_Individualized/cattle_5425/cattle_5425_DSCF0377.jpg,154,115,377,02a9ccb3ec1f79e667e369e10cdcd7c59ea602c7,8cccf87111979acc,train
cattle_5425,cattle_5425_DSCF0380.jpg,BeefCattle_Muzzle_Individualized/cattle_5425/cattle_5425_DSCF0380.jpg,168,124,380,baf638f417da1c81fd196589484a7ca830d1a3f8,8ecef87171179399,train
cattle_5425,cattle_5425_DSCF0381.jpg,BeefCattle_Muzzle_Individualized/cattle_5425/cattle_5425_DSCF0381.jpg,165,121,381,e3156a40650fd9e7ae2bfb6aeec3c8b1f9858516,8fcef87171079299,train
cattle_5425,cattle_5425_DSCF0382.jpg,BeefCattle_Muzzle_Individualized/cattle_5425/cattle_5425_DSCF0382.jpg,170,123,382,b37e55f19fa29ccdbab966f3c186e5a1114c4816,8eccf0711117939d,train
cattle_5425,cattle_5425_DSCF0383.jpg,BeefCattle_Muzzle_Individualized/cattle_5425/cattle_5425_DSCF0383.jpg,173,126,383,de643033009f51ef3b68e295a062be51e86a0f23,8ecef87111979b99,train
cattle_5425,cattle_5425_DSCF0384.jpg,BeefCattle_Muzzle_Individualized/cattle_5425/cattle_5425_DSCF0384.jpg,165,127,384,91234ce92ff0f3306d72c4dbb7a87d6c2af1c57a,0eccf0f171079399,train
cattle_5427,cattle_5427_DSCF0763.jpg,BeefCattle_Muzzle_Individualized/cattle_5427/cattle_5427_DSCF0763.jpg,320,244,763,e5778050dde0fc892c87f6cd9c2bcdf0f4bf2d3a,0f9ce87150828088,train
cattle_5427,cattle_5427_DSCF0773.jpg,BeefCattle_Muzzle_Individualized/cattle_5427/cattle_5427_DSCF0773.jpg,320,245,773,ac80ae0d54f562e5376ad60daec9a62e24596b76,0f9ce8615086808c,train
cattle_5432,cattle_5432_DSCF1106.jpg,BeefCattle_Muzzle_Individualized/cattle_5432/cattle_5432_DSCF1106.jpg,221,168,1106,bcb89514c2bf68fe838debb5987cdbe8b9098e10,8ecec0e868dadaca,test
cattle_5432,cattle_5432_DSCF1107.jpg,BeefCattle_Muzzle_Individualized/cattle_5432/cattle_5432_DSCF1107.jpg,226,175,1107,d05ee30707dab45e94354cba1a90b05160a9bac5,8ec6e0686acadac8,test
cattle_5432,cattle_5432_DSCF1109.jpg,BeefCattle_Muzzle_Individualized/cattle_5432/cattle_5432_DSCF1109.jpg,224,169,1109,57878206bafd0ccb96f19093a271d2b1b17ffc2f,8ec4e0687acadac0,test
cattle_5432,cattle_5432_DSCF1115.jpg,BeefCattle_Muzzle_Individualized/cattle_5432/cattle_5432_DSCF1115.jpg,213,175,1115,866b33e9ea230cede45920ba0506ed8e9d4cd2e6,8ecee0684acada8c,test
cattle_5432,cattle_5432_DSCF1116.jpg,BeefCattle_Muzzle_Individualized/cattle_5432/cattle_5432_DSCF1116.jpg,213,169,1116,deff9ae405ecc9b3c2ff144500657cce7a4cded3,8ecee0686bcadac2,test
cattle_5432,cattle_5432_DSCF1117.jpg,BeefCattle_Muzzle_Individualized/cattle_5432/cattle_5432_DSCF1117.jpg,216,175,1117,b32585f841c254ae39dfa5d405306714edfa8003,8ecee0686acacac0,test
cattle_5432,cattle_5432_DSCF1118.jpg,BeefCattle_Muzzle_Individualized/cattle_5432/cattle_5432_DSCF1118.jpg,216,172,1118,879092c58ad0d5be0f284cb8b23180ac69365f59,8ecee4686acadaca,test
cattle_5432,cattle_5432_DSCF1120.jpg,BeefCattle_Muzzle_Individualized/cattle_5432/cattle_5432_DSCF1120.jpg,219,172,1120,fda92f9f3337eb2c8f1f0b0e6702b4fd2dbdbff5,8ecee4694acadac8,test
cattle_5477,cattle_5477_DSCF6956.jpg,BeefCattle_Muzzle_Individualized/cattle_5477/cattle_5477_DSCF6956.jpg,191,143,6956,2e975bb7aaded8407284b78263dbc073a6cb64b7,0e08c969e9a8f0c4,train
cattle_5477,cattle_5477_DSCF6958.jpg,BeefCattle_Muzzle_Individualized/cattle_5477/cattle_5477_DSCF6958.jpg,193,135,6958,af054122c40a6665be99fd5191442862acaa67f6,0f8ec869e9ace484,train
cattle_5477,cattle_5477_DSCF6959.jpg,BeefCattle_Muzzle_Individualized/cattle_5477/cattle_5477_DSCF6959.jpg,184,135,6959,60034ecdb86baa42fb5e7bb85938d28c5b4ba13c,0fc8c869e9ecf4cc,train
cattle_5477,cattle_5477_DSCF6960.jpg,BeefCattle_Muzzle_Individualized/cattle_5477/cattle_5477_DSCF6960.jpg,185,132,6960,0d416bdf305bdd0b13a62d1f5a4be01d7c380468,0fc8c9e9ed6cf08c,train
cattle_5477,cattle_5477_DSCF6961.jpg,BeefCattle_Muzzle_Individualized/cattle_5477/cattle_5477_DSCF6961.jpg,181,135,6961,178e8fb71da1eee36a7b8e9cd7930681d4a1228d,87eee465e5a4f48c,train
cattle_5477,cattle_5477_DSCF6962.jpg,BeefCattle_Muzzle_Individualized/cattle_5477/cattle_5477_DSCF6962.jpg,190,138,6962,3e64cbc3525471b229c7140768b2519de71ee801,07cee46965a4f4cc,train
cattle_5477,cattle_5477_DSCF6963.jpg,BeefCattle_Muzzle_Individualized/cattle_5477/cattle_5477_DSCF6963.jpg,187,137,6963,8ec6c12dbd3126e4117ebb37be0e0f59941b11ad,0fcce9e9e9ecf08c,train
cattle_5477,cattle_5477_DSCF6964.jpg,BeefCattle_Muzzle_Individualized/cattle_5477/cattle_5477_DSCF6964.jpg,185,134,6964,b95c635dfdc8a4f9951ba8d1afd58e23a4a9a86e,0fc8e9e9ad6cf48c,train
cattle_5477,cattle_5477_DSCF6965.jpg,BeefCattle_Muzzle_Individualized/cattle_5477/cattle_5477_DSCF6965.jpg,185,134,6965,92ebf2824bfb7760c900868a7fd57db5e04f0828,0f88c8696da4f0c6,train
cattle_5507,cattle_5507_DSCF0292.jpg,BeefCattle_Muzzle_Individualized/cattle_5507/cattle_5507_DSCF0292.jpg,173,133,292,6cb31fb4da7a0ec8ae82e2518a7c6c1007b8473d,0ecce0f08a8e9e8e,train
cattle_5507,cattle_5507_DSCF0294.jpg,BeefCattle_Muzzle_Individualized/cattle_5507/cattle_5507_DSCF0294.jpg,173,135,294,0c3b61458a95216b65c438a5d51b6d70620a176c,0fcce8f0b28e9e8e,train
cattle_5507,cattle_5507_DSCF0296.jpg,BeefCattle_Muzzle_Individualized/cattle_5507/cattle_5507_DSCF0296.jpg,173,136,296,8de5381aee9c45a2e8790ec26f080aa0a2b5c5eb,0fcce0f0928e968e,train
cattle_5507,cattle_5507_DSCF0298.jpg,BeefCattle_Muzzle_Individualized/cattle_5507/cattle_5507_DSCF0298.jpg,173,134,298,8b3afae02f28d0d162c3e26027c48eba5db1a980,0ecce0f0968e9e86,train
cattle_5507,cattle_5507_DSCF0299.jpg,BeefCattle_Muzzle_Individualized/cattle_5507/cattle_5507_DSCF0299.jpg,174,138,299,b5053135bb48388d8e24ad349617d5aee03118e8,0ecce070fa8e9e86,train
cattle_5507,cattle_5507_DSCF0304.jpg,BeefCattle_Muzzle_Individualized/cattle_5507/cattle_5507_DSCF0304.jpg,175,134,304,a3717ac986ce5153adb4e634b8a13e33dca0a156,0fcc60f09a8e9e8e,train
cattle_5507,cattle_5507_DSCF0306.jpg,BeefCattle_Muzzle_Individualized/cattle_5507/cattle_5507_DSCF0306.jpg,171,135,306,9cf9213be1816488741efe694117428514145e84,0fcce070968ebe8e,train
cattle_5507,cattle_5507_DSCF0308.jpg,BeefCattle_Muzzle_Individualized/cattle_5507/cattle_5507_DSCF0308.jpg,169,135,308,901dc93068e7e2fa1846d03b49961e66c974d36a,0ecce0f09a8e9686,train
cattle_5507,cattle_5507_DSCF0309.jpg,BeefCattle_Muzzle_Individualized/cattle_5507/cattle_5507_DSCF0309.jpg,172,137,309,7aac0504f6d44ac235ecde352202772425e91b48,0ecce0708e9ebe9e,train
cattle_5507,cattle_5507_DSCF0314.jpg,BeefCattle_Muzzle_Individualized/cattle_5507/cattle_5507_DSCF0314.jpg,172,140,314,9b46595010965bef227eb079635b0e3f5f4a2779,0fcce070b28e9e86,train
cattle_5507,cattle_5507_DSCF0315.jpg,BeefCattle_Muzzle_Individualized/cattle_5507/cattle_5507_DSCF0315.jpg,174,138,315,4a9ac51047abcdf80dc9701493f35a9651010e47,0ecc60f0a68e9e86,train
cattle_5509,cattle_5509_DSCF0868.jpg,BeefCattle_Muzzle_Individualized/cattle_5509/cattle_5509_DSCF0868.jpg,235,188,868,d6ec745cd80645043a0cd1e3d301749f7345be23,0fccf0f1d716a28c,test
cattle_5509,cattle_5509_DSCF0869.jpg,BeefCattle_Muzzle_Individualized/cattle_5509/cattle_5509_DSCF0869.jpg,238,178,869,0c55793401a0e2cf2f95211a3e998b6467a94775,8ffcf0f19516a28c,test
cattle_5509,cattle_5509_DSCF0870.jpg,BeefCattle_Muzzle_Individualized/cattle_5509/cattle_5509_DSCF0870.jpg,241,188,870,070965834e3c5219abe9cbd78f52685f6eaaf1f3,0fecf0f19506a28c,test
cattle_5509,cattle_5509_DSCF0871.jpg,BeefCattle_Muzzle_Individualized/cattle_5509/cattle_5509_DSCF0871.jpg,243,194,871,2ef061d5cae3c949071c3c81f769d2b480e427bc,0dccf0f19516a60c,test
cattle_5509,cattle_5509_DSCF0872.jpg,BeefCattle_Muzzle_Individualized/cattle_5509/cattle_5509_DSCF0872.jpg,241,189,872,42a9d7f1684e5b87055fa30cdd93d9a4b771b441,0dccf0d19516a28c,test
cattle_5509,cattle_5509_DSCF0873.jpg,BeefCattle_Muzzle_Individualized/cattle_5509/cattle_5509_DSCF0873.jpg,236,180,873,f84c725355851d58ec8fa33358419182d13507cf,0fecf0f19516222c,test
cattle_5509,cattle_5509_DSCF0874.jpg,BeefCattle_Muzzle_Individualized/cattle_5509/cattle_5509_DSCF0874.jpg,243,183,874,9bcb0d58cfeb1e45d52e21f673bf0481c116453b,0dccf0f1d116a6ac,test
cattle_5509,cattle_5509_DSCF0875.jpg,BeefCattle_Muzzle_Individualized/cattle_5509/cattle_5509_DSCF0875.jpg,246,180,875,807c3edcdf0fbec547529aa9e8756d7efa99fecc,0decf0f19106a2ac,test
cattle_5509,cattle_5509_DSCF0879.jpg,BeefCattle_Muzzle_Individualized/cattle_5509/cattle_5509_DSCF0879.jpg,240,183,879,aa4cbd3f167ce9481f82b58de1dfda875f2c6cdf,0dccf0f1911626ae,test
cattle_5509,cattle_5509_DSCF0882.jpg,BeefCattle_Muzzle_Individualized/cattle_5509/cattle_5509_DSCF0882.jpg,243,197,882,89438098fada6c04c3770ea55ea41e6cb9c83351,0decf1d19706a20c,test
cattle_5509,cattle_5509_DSCF0883.jpg,BeefCattle_Muzzle_Individualized/cattle_5509/cattle_5509_DSCF0883.jpg,240,188,883,eff74ac18f447a8ebbcb24b227f6357807a9182e,0dccf0f1d596a28e,test
cattle_5509,cattle_5509_DSCF0884.jpg,BeefCattle_Muzzle_Individualized/cattle_5509/cattle_5509_DSCF0884.jpg,253,195,884,3f20faa32d8a20d602ef646761176c89b5d08c1f,0dccf1f19586a28c,test
cattle_5509,cattle_5509_DSCF0886.jpg,BeefCattle_Muzzle_Individualized/cattle_5509/cattle_5509_DSCF0886.jpg,249,189,886,000e4d988c4355fc2a687b20929e45967591a73f,0ee8f171d796a28c,test
cattle_5509,cattle_5509_DSCF0887.jpg,BeefCattle_Muzzle_Individualized/cattle_5509/cattle_5509_DSCF0887.jpg,249,186,887,769bf857a22cb60e13ecd567e69de43b6898a77c,0dccf1f1d596b28c,test
cattle_5509,cattle_5509_DSCF0888.jpg,BeefCattle_Muzzle_Individualized/cattle_5509/cattle_5509_DSCF0888.jpg,254,192,888,2a450d8fe3ebf5790c2d66530b932e6e457487e1,0d8cf1715186b28e,test
cattle_5509,cattle_5509_DSCF0889.jpg,BeefCattle_Muzzle_Individualized/cattle_5509/cattle_5509_DSCF0889.jpg,249,186,889,f97a7692dd46570e3f7b53b44c9404bcabedc6f5,0fccf0f1d586b28e,test
cattle_5519,cattle_5519_DSCF0388.jpg,BeefCattle_Muzzle_Individualized/cattle_5519/cattle_5519_DSCF0388.jpg,289,237,388,eb766d454dba3e976bea41c26d122e5f00a8dbd0,18f070711016b0cc,test
cattle_5519,cattle_5519_DSCF0390.jpg,BeefCattle_Muzzle_Individualized/cattle_5519/cattle_5519_DSCF0390.jpg,288,244,390,23619ffbe84077b6fec1f51a286c7f62b661b47f,18f0f0711116b08c,test
cattle_5519,cattle_5519_DSCF0397.jpg,BeefCattle_Muzzle_Individualized/cattle_5519/cattle_5519_DSCF0397.jpg,266,231,397,e1048f95894640a21c95c68f35b6b7251f4d7a5f,18f0f0200416b0cc,test
cattle_5519,cattle_5519_DSCF0398.jpg,BeefCattle_Muzzle_Individualized/cattle_5519/cattle_5519_DSCF0398.jpg,266,230,398,b8649d970bc59b5a039f89ce549f9957e031e92c,18b070200016b0cc,test
cattle_5519,cattle_5519_DSCF0400.jpg,BeefCattle_Muzzle_Individualized/cattle_5519/cattle_5519_DSCF0400.jpg,247,219,400,029582a884137f74518e6745db221a175869ed6a,107060202116b0cc,test
cattle_5519,cattle_5519_DSCF0402.jpg,BeefCattle_Muzzle_Individualized/cattle_5519/cattle_5519_DSCF0402.jpg,288,236,402,94d56c6739d3cea753390eed0516824822103864,1cf0f071121690cc,test
cattle_5519,cattle_5519_DSCF0403.jpg,BeefCattle_Muzzle_Individualized/cattle_5519/cattle_5519_DSCF0403.jpg,289,239,403,6a9ba96968b279c79e76a2a192fa5a89d0515e75,0cf87070129692ce,test
cattle_5519,cattle_5519_DSCF0404.jpg,BeefCattle_Muzzle_Individualized/cattle_5519/cattle_5519_DSCF0404.jpg,286,233,404,aa8f3abd6f80f1194c8845a7adae090349963f4e,1cf07070929690c6,test
cattle_5519,cattle_5519_DSCF0407.jpg,BeefCattle_Muzzle_Individualized/cattle_5519/cattle_5519_DSCF0407.jpg,288,236,407,530f58c4ffe06a884ccb6252ec99cdd32fab15c0,1cf0f070129692ce,test
cattle_5519,cattle_5519_DSCF0412.jpg,BeefCattle_Muzzle_Individualized/cattle_5519/cattle_5519_DSCF0412.jpg,295,239,412,fc21f551e1a9904cd936245bb862155fac30ea9d,08d87071108692cc,test
cattle_5529,cattle_5529_DSCF0972.jpg,BeefCattle_Muzzle_Individualized/cattle_5529/cattle_5529_DSCF0972.jpg,171,123,972,e50b2f95edf194dae0f76af2b473b6619f8c6eee,0f86c0e0f08c8c8c,train
cattle_5529,cattle_5529_DSCF0975.jpg,BeefCattle_Muzzle_Individualized/cattle_5529/cattle_5529_DSCF0975.jpg,174,123,975,2cb1ae52893bd3424c11d82b9c80bbc28c650d17,0f86e0e0508e8c8c,train
cattle_5529,cattle_5529_DSCF0977.jpg,BeefCattle_Muzzle_Individualized/cattle_5529/cattle_5529_DSCF0977.jpg,178,124,977,98ce6faed245a84fdc9b085585b59dddf1a49625,0fc4e060d08e8c9c,train
cattle_5529,cattle_5529_DSCF0978.jpg,BeefCattle_Muzzle_Individualized/cattle_5529/cattle_5529_DSCF0978.jpg,168,118,978,b1be42a79f3d0251dd8ba26cf671ee47e91a3628,1f84e0e0d08c8c9c,train
cattle_5529,cattle_5529_DSCF0983.jpg,BeefCattle_Muzzle_Individualized/cattle_5529/cattle_5529_DSCF0983.jpg,218,155,983,78e0fde09c3b21d3796eafd224132720d9b3f804,0f86c060508e8ecc,train
cattle_5529,cattle_5529_DSCF0988.jpg,BeefCattle_Muzzle_Individualized/cattle_5529/cattle_5529_DSCF0988.jpg,216,158,988,059f77168fd9e6e6ef7a3718f12aee1efdf7da08,0b86e061508c8c8c,train
cattle_5529,cattle_5529_DSCF0993.jpg,BeefCattle_Muzzle_Individualized/cattle_5529/cattle_5529_DSCF0993.jpg,215,160,993,db8c161b1abd75fdf7d68cf48d905dcccb0b55f3,0f8ee060508c8c8c,train
cattle_5529,cattle_5529_DSCF0995.jpg,BeefCattle_Muzzle_Individualized/cattle_5529/cattle_5529_DSCF0995.jpg,173,122,995,fb6f83b7c89598a192ebb9a31614ad1e646a2378,0f86c0e0909c8c9c,train
cattle_5529,cattle_5529_DSCF0996.jpg,BeefCattle_Muzzle_Individualized/cattle_5529/cattle_5529_DSCF0996.jpg,174,124,996,14dc883895e2e0b621d264ebb31c01a25f1073bb,1f94c0e0508e8ecc,train
cattle_5529,cattle_5529_DSCF0997.jpg,BeefCattle_Muzzle_Individualized/cattle_5529/cattle_5529_DSCF0997.jpg,174,129,997,4c3fcfa3de64c9e40ae2db70bf9bfe46cb22f0a1,0f94c0e0508e865c,train
cattle_5529,cattle_5529_DSCF0998.jpg,BeefCattle_Muzzle_Individualized/cattle_5529/cattle_5529_DSCF0998.jpg,171,121,998,aa0f6c392825682dfc4b81ce73dec6b9a84109ce,1f8cc0e0508e8c8c,train
cattle_5529,cattle_5529_DSCF0999.jpg,BeefCattle_Muzzle_Individualized/cattle_5529/cattle_5529_DSCF0999.jpg,179,120,999,0e4b0b2fa4fa2dbb83a59e9194741c3f24e0a7a8,0f84e060708c8ecc,train
cattle_5537,cattle_5537_DSCF0518.jpg,BeefCattle_Muzzle_Individualized/cattle_5537/cattle_5537_DSCF0518.jpg,193,134,518,d0f59d298f94bcd87bd21849c4c9a016c847654c,08c87071558686c6,train
cattle_5537,cattle_5537_DSCF0522.jpg,BeefCattle_Muzzle_Individualized/cattle_5537/cattle_5537_DSCF0522.jpg,188,135,522,6aeb5c64fa2400f14d51796012b2546ed4eb38e1,0dc86070519686c6,train
cattle_5537,cattle_5537_DSCF0523.jpg,BeefCattle_Muzzle_Individualized/cattle_5537/cattle_5537_DSCF0523.jpg,193,140,523,7b8ffb7a8d3df90e46e455a5b143b0fa8c2a8ac0,0cc86071559686c6,train
cattle_5537,cattle_5537_DSCF0525.jpg,BeefCattle_Muzzle_Individualized/cattle_5537/cattle_5537_DSCF0525.jpg,191,137,525,50327d7216d1937784d5d2ae3b9fca8114c87222,0cc8e07155868ec6,train
cattle_5537,cattle_5537_DSCF0526.jpg,BeefCattle_Muzzle_Individualized/cattle_5537/cattle_5537_DSCF0526.jpg,185,130,526,2fe5d8e0b3ba09647242222d088f8b593cb7273f,0dcc7070509686c6,train
cattle_5537,cattle_5537_DSCF0527.jpg,BeefCattle_Muzzle_Individualized/cattle_5537/cattle_5537_DSCF0527.jpg,190,140,527,d2bf0b84b9fc18944611d64fd3cb62cdf5277237,0d88e071519686c6,train
cattle_5537,cattle_5537_DSCF0528.jpg,BeefCattle_Muzzle_Individualized/cattle_5537/cattle_5537_DSCF0528.jpg,190,138,528,1ff42023ddc5d48464dfcd2c36d486d386a1dd27,08c8e07155868ecc,train
cattle_5537,cattle_5537_DSCF0529.jpg,BeefCattle_Muzzle_Individualized/cattle_5537/cattle_5537_DSCF0529.jpg,188,140,529,b36ee4f21c7dabcebfccf6832cc7d05373e352ff,0dc8f0715586868c,train
cattle_5537,cattle_5537_DSCF0530.jpg,BeefCattle_Muzzle_Individualized/cattle_5537/cattle_5537_DSCF0530.jpg,190,146,530,c1e0f0bc534a55e242f90543ff9b593432bd57ee,0dcc707155968ec6,train
cattle_5537,cattle_5537_DSCF0532.jpg,BeefCattle_Muzzle_Individualized/cattle_5537/cattle_5537_DSCF0532.jpg,184,132,532,6eb726b316b49556256366f211d48b07bf9015ea,0cc8f071d5968e8c,train
cattle_5537,cattle_5537_DSCF0534.jpg,BeefCattle_Muzzle_Individualized/cattle_5537/cattle_5537_DSCF0534.jpg,184,141,534,459f599fa814f90c4118490b2eeede8272e786aa,0dc8f071d58e8e8c,train
cattle_5537,cattle_5537_DSCF0535.jpg,BeefCattle_Muzzle_Individualized/cattle_5537/cattle_5537_DSCF0535.jpg,188,135,535,7876424fa09171da96aad287720f1a38695fcbe2,0cc8707155968ece,train
cattle_5537,cattle_5537_DSCF0536.jpg,BeefCattle_Muzzle_Individualized/cattle_5537/cattle_5537_DSCF0536.jpg,187,134,536,c453a629153d94582d70ddf5186761d6cab08883,0dcc7070559686ce,train
cattle_5537,cattle_5537_DSCF0539.jpg,BeefCattle_Muzzle_Individualized/cattle_5537/cattle_5537_DSCF0539.jpg,193,138,539,e4c6c27466f87c8c96e86803966ebf9d3fdeb2a5,0dcc7071519686cc,train
cattle_5537,cattle_5537_DSCF0543.jpg,BeefCattle_Muzzle_Individualized/cattle_5537/cattle_5537_DSCF0543.jpg,185,149,543,9bf01494e9389a34bbed2606c1f42e06a8a2e2aa,0f88e07151868e8c,train
cattle_5537,cattle_5537_DSCF0544.jpg,BeefCattle_Muzzle_Individualized/cattle_5537/cattle_5537_DSCF0544.jpg,184,137,544,aff12513ee2ceabb3df36f7d1bff155add6a5600,0dc8f07151968e8c,train
cattle_5537,cattle_5537_DSCF0545.jpg,BeefCattle_Muzzle_Individualized/cattle_5537/cattle_5537_DSCF0545.jpg,185,138,545,b8591ba852a32e7356aeb1537295b68eb07c72f9,0dcce07051968ecc,train
cattle_5537,cattle_5537_DSCF0549.jpg,BeefCattle_Muzzle_Individualized/cattle_5537/cattle_5537_DSCF0549.jpg,179,134,549,fe4dfa3e9d0e1a93c54e767c44a413f5ff7d145c,0dccf070d4968686,train
cattle_5537,cattle_5537_DSCF0551.jpg,BeefCattle_Muzzle_Individualized/cattle_5537/cattle_5537_DSCF0551.jpg,181,135,551,56d2b3cc6459ed217b083b503eb04652de322b99,0cc8f07196868e86,train
cattle_5537,cattle_5537_DSCF0552.jpg,BeefCattle_Muzzle_Individualized/cattle_5537/cattle_5537_DSCF0552.jpg,185,134,552,85459a662b3ee98b3fdbea741d5ad19b5d8cf1e4,0dccf07051968ec6,train
cattle_5537,cattle_5537_DSCF0554.jpg,BeefCattle_Muzzle_Individualized/cattle_5537/cattle_5537_DSCF0554.jpg,179,143,554,cd97be79394e02992f8fdd08b56591ed3fc9a2b8,0dc8f07096868686,train
cattle_5556,cattle_5556_DSCF7177.jpg,BeefCattle_Muzzle_Individualized/cattle_5556/cattle_5556_DSCF7177.jpg,265,198,7177,c1394e6c396cb9181a0e983eb86b5318dda1962c,88b8c869f086cccc,dev
cattle_5556,cattle_5556_DSCF7178.jpg,BeefCattle_Muzzle_Individualized/cattle_5556/cattle_5556_DSCF7178.jpg,269,192,7178,28aad940a312d2070ffdbaff4f7d6075f3fa33e3,88b8f0697096cccc,dev
cattle_5556,cattle_5556_DSCF7180.jpg,BeefCattle_Muzzle_Individualized/cattle_5556/cattle_5556_DSCF7180.jpg,264,199,7180,447966b6d8efa33a2a3b91a3b7b8a4232d7d6ee1,c8b8f0687096cecc,dev
cattle_5556,cattle_5556_DSCF7181.jpg,BeefCattle_Muzzle_Individualized/cattle_5556/cattle_5556_DSCF7181.jpg,132,99,7181,d5ca310d6c07fce360fb16b67360b88d827a5e46,cedce074789ac6c0,dev
cattle_5556,cattle_5556_DSCF7182.jpg,BeefCattle_Muzzle_Individualized/cattle_5556/cattle_5556_DSCF7182.jpg,136,104,7182,f2a2be9e9bea78db7f2c2eeb625751713d78e383,ecdcf07478dac6c0,dev
cattle_5556,cattle_5556_DSCF7183.jpg,BeefCattle_Muzzle_Individualized/cattle_5556/cattle_5556_DSCF7183.jpg,140,106,7183,fc950826f08d5297b86bc494fbd90534056574cd,ccdcf0797892c4cc,dev
cattle_5556,cattle_5556_DSCF7184.jpg,BeefCattle_Muzzle_Individualized/cattle_5556/cattle_5556_DSCF7184.jpg,136,100,7184,ee4b67eec0ed7f279561b36f700def743725352c,8cdcf0797996cccc,dev
cattle_5559,cattle_5559_DSCF9418.jpg,BeefCattle_Muzzle_Individualized/cattle_5559/cattle_5559_DSCF9418.jpg,258,203,9418,bf7c60423ce712ca089846537ff8e6af962db9dd,c7f67878d88e8ef4,train
cattle_5559,cattle_5559_DSCF9419.jpg,BeefCattle_Muzzle_Individualized/cattle_5559/cattle_5559_DSCF9419.jpg,250,213,9419,61dcd3a4855dbe1709d4a7bd1278d5c05f506a46,c7f6f878da8e869c,train
cattle_5559,cattle_5559_DSCF9420.jpg,BeefCattle_Muzzle_Individualized/cattle_5559/cattle_5559_DSCF9420.jpg,253,209,9420,23c649d1fa23ec1fd2ff07fac1751d9f26cbb8c9,c7e6f878da8e8edc,train
cattle_5559,cattle_5559_DSCF9421.jpg,BeefCattle_Muzzle_Individualized/cattle_5559/cattle_5559_DSCF9421.jpg,246,208,9421,a74c8cd19e57dfdcbe0b5330970e7febaa6a7dd5,c7f6f8f8da8e8ebc,train
cattle_5559,cattle_5559_DSCF9422.jpg,BeefCattle_Muzzle_Individualized/cattle_5559/cattle_5559_DSCF9422.jpg,243,208,9422,501048569c24cc742c278f552cb1cbb601256e89,87e6f8f8d88e8ed4,train
cattle_5559,cattle_5559_DSCF9423.jpg,BeefCattle_Muzzle_Individualized/cattle_5559/cattle_5559_DSCF9423.jpg,250,211,9423,13fbc3b4ee569851e84f2ccf89e5d6882aa04292,c7f47878da8ed6fc,train
cattle_5559,cattle_5559_DSCF9424.jpg,BeefCattle_Muzzle_Individualized/cattle_5559/cattle_5559_DSCF9424.jpg,253,223,9424,2798cd0777b24b43939cbd8f92470c74eab0256d,87f47878da8e969c,train
cattle_5559,cattle_5559_DSCF9425.jpg,BeefCattle_Muzzle_Individualized/cattle_5559/cattle_5559_DSCF9425.jpg,252,220,9425,264638d46a13d9d31eb1b5459b9f8ddb3306697c,c6f478f89a8e969c,train
cattle_5559,cattle_5559_DSCF9427.jpg,BeefCattle_Muzzle_Individualized/cattle_5559/cattle_5559_DSCF9427.jpg,260,220,9427,b5ce0c89b945f695512f7799c992085e0ba59392,86e47878da8e86cc,train
cattle_5559,cattle_5559_DSCF9428.jpg,BeefCattle_Muzzle_Individualized/cattle_5559/cattle_5559_DSCF9428.jpg,276,204,9428,101ab5295e1c9106236ba02f9da4d3902f02175b,8ef87070948e86d4,train
cattle_5559,cattle_5559_DSCF9429.jpg,BeefCattle_Muzzle_Individualized/cattle_5559/cattle_5559_DSCF9429.jpg,285,214,9429,f83cc03376431601976f403012808a4fbed042cf,8eec7870d28ec6c4,train
cattle_5559,cattle_5559_DSCF9430.jpg,BeefCattle_Muzzle_Individualized/cattle_5559/cattle_5559_DSCF9430.jpg,286,213,9430,21a7ee70e3a8ab1cd59c8569cab282f647be08c8,8eec7870908ec6dc,train
cattle_5559,cattle_5559_DSCF9431.jpg,BeefCattle_Muzzle_Individualized/cattle_5559/cattle_5559_DSCF9431.jpg,275,214,9431,645b3b0d7e99adef068699e0141cc5795d2b294b,8eec7070d28e86c6,train
cattle_5559,cattle_5559_DSCF9432.jpg,BeefCattle_Muzzle_Individualized/cattle_5559/cattle_5559_DSCF9432.jpg,287,217,9432,2833c393baf2846e157dbee080c337a2b6fe263f,8ee87170948e86cc,train
cattle_5559,cattle_5559_DSCF9433.jpg,BeefCattle_Muzzle_Individualized/cattle_5559/cattle_5559_DSCF9433.jpg,274,205,9433,f2ce916d230f7ed0bf5c10fe7ffc4080e6895236,86e47870908e9cbc,train
cattle_5559,cattle_5559_DSCF9434.jpg,BeefCattle_Muzzle_Individualized/cattle_5559/cattle_5559_DSCF9434.jpg,270,209,9434,3c46a198347da5bb6f6b5d4ecc0b979b207b4476,8ee47870d28e8c8c,train
cattle_5559,cattle_5559_DSCF9436.jpg,BeefCattle_Muzzle_Individualized/cattle_5559/cattle_5559_DSCF9436.jpg,277,214,9436,15d53f000e6f612c6d4f033b227f6d310ceb7b8b,8eccf870d08e868c,train
cattle_5559,cattle_5559_DSCF9438.jpg,BeefCattle_Muzzle_Individualized/cattle_5559/cattle_5559_DSCF9438.jpg,288,202,9438,1abb6d68feb7e1fbc0907b5bd47c55f6c0b417d0,8eccf070908e8ce4,train
cattle_5581,cattle_5581_DSCF9518.jpg,BeefCattle_Muzzle_Individualized/cattle_5581/cattle_5581_DSCF9518.jpg,162,118,9518,942f92fd0b419394dc37aa04e0615fab96202fdf,94ccf07117060703,train
cattle_5581,cattle_5581_DSCF9520.jpg,BeefCattle_Muzzle_Individualized/cattle_5581/cattle_5581_DSCF9520.jpg,157,118,9520,3682fe31714c1551404bf0d913b6f6d8e4213ba0,148ce87133060603,train
cattle_5581,cattle_5581_DSCF9521.jpg,BeefCattle_Muzzle_Individualized/cattle_5581/cattle_5581_DSCF9521.jpg,165,104,9521,e30b9b20d9c39c054b6b0fba9eb819d0f91c7f2f,84e8717317060713,train
cattle_5581,cattle_5581_DSCF9522.jpg,BeefCattle_Muzzle_Individualized/cattle_5581/cattle_5581_DSCF9522.jpg,159,103,9522,f489c2f83189e5ae296907bd4f02be76408f7956,84c8f07117060713,train
cattle_5581,cattle_5581_DSCF9523.jpg,BeefCattle_Muzzle_Individualized/cattle_5581/cattle_5581_DSCF9523.jpg,159,113,9523,7b686cbe4e6e2d509e6e976acf98543eaefde77e,94cce07337060703,train
cattle_5581,cattle_5581_DSCF9524.jpg,BeefCattle_Muzzle_Individualized/cattle_5581/cattle_5581_DSCF9524.jpg,154,101,9524,6754efacd9396bfc0ba8a651753380ea6d837e4e,8ce8f17117060613,train
cattle_5581,cattle_5581_DSCF9526.jpg,BeefCattle_Muzzle_Individualized/cattle_5581/cattle_5581_DSCF9526.jpg,162,104,9526,1d8928ae88f00db682ad717b9cc24e63af1af8ca,94cce07133170703,train
cattle_5581,cattle_5581_DSCF9527.jpg,BeefCattle_Muzzle_Individualized/cattle_5581/cattle_5581_DSCF9527.jpg,155,107,9527,8136958cda2c7fc1e4ef8e4f24d38195bfcaff1f,84ccf07133870617,train
cattle_5581,cattle_5581_DSCF9528.jpg,BeefCattle_Muzzle_Individualized/cattle_5581/cattle_5581_DSCF9528.jpg,150,118,9528,448e18088b0aad8ead04ca1077d5b1bc070883b7,8488e06137060617,train
cattle_5581,cattle_5581_DSCF9529.jpg,BeefCattle_Muzzle_Individualized/cattle_5581/cattle_5581_DSCF9529.jpg,139,111,9529,2dc6f1d66efbe34a322cd08c01338a506ea51936,08d0e0632f0f0717,train
cattle_5581,cattle_5581_DSCF9530.jpg,BeefCattle_Muzzle_Individualized/cattle_5581/cattle_5581_DSCF9530.jpg,130,110,9530,d060027f36ecc1b9b1973b0301649a9219bb2b64,089060632d0e0613,train
cattle_5581,cattle_5581_DSCF9535.jpg,BeefCattle_Muzzle_Individualized/cattle_5581/cattle_5581_DSCF9535.jpg,158,111,9535,1f6e1967849f09900f30a4291c33953f3d40d21d,94ccf87117870707,train
cattle_5581,cattle_5581_DSCF9536.jpg,BeefCattle_Muzzle_Individualized/cattle_5581/cattle_5581_DSCF9536.jpg,162,114,9536,9c317dc278a8fdb4efc187b44307dee9f4fdc1e6,94ccf87133870f17,train
cattle_5581,cattle_5581_DSCF9537.jpg,BeefCattle_Muzzle_Individualized/cattle_5581/cattle_5581_DSCF9537.jpg,158,110,9537,82a384a58b52dff556aaf652bca433e9d9072ed1,84ccf071378f0f37,train
cattle_5581,cattle_5581_DSCF9539.jpg,BeefCattle_Muzzle_Individualized/cattle_5581/cattle_5581_DSCF9539.jpg,161,106,9539,ed4ba5761da519b05fdae2b61c55e002227d1048,84ec707117870717,train
cattle_5581,cattle_5581_DSCF9541.jpg,BeefCattle_Muzzle_Individualized/cattle_5581/cattle_5581_DSCF9541.jpg,162,107,9541,c201ee4b9e445d976aab069a186038f75961a890,94ccf07133970717,train
cattle_5581,cattle_5581_DSCF9543.jpg,BeefCattle_Muzzle_Individualized/cattle_5581/cattle_5581_DSCF9543.jpg,158,110,9543,bd317d512bd065c85e82be67abcd1ce7d4ef665b,84ccf07117860707,train
cattle_5581,cattle_5581_DSCF9546.jpg,BeefCattle_Muzzle_Individualized/cattle_5581/cattle_5581_DSCF9546.jpg,164,111,9546,c07e62d5d277273774444209985025ec7fec1fb5,94c4f87113870717,train
cattle_5604,cattle_5604_DSCF6925.jpg,BeefCattle_Muzzle_Individualized/cattle_5604/cattle_5604_DSCF6925.jpg,198,150,6925,b770efabb217143a3b3df921f6a777a2dabf7388,0ba0707170f6c2c4,train
cattle_5604,cattle_5604_DSCF6926.jpg,BeefCattle_Muzzle_Individualized/cattle_5604/cattle_5604_DSCF6926.jpg,164,135,6926,59d7be0247b7b9ab643cd266ac32a9259a3c1022,15ccfc7468c89890,train
cattle_5604,cattle_5604_DSCF6927.jpg,BeefCattle_Muzzle_Individualized/cattle_5604/cattle_5604_DSCF6927.jpg,200,146,6927,c2f0121755c2d24a2f04709fe6b175c5da7e151b,2be0f17171b0a8c0,train
cattle_5604,cattle_5604_DSCF6929.jpg,BeefCattle_Muzzle_Individualized/cattle_5604/cattle_5604_DSCF6929.jpg,193,137,6929,c7e7df8d82fe3f64aef2a1cec807796444e8d464,91f87878f89888c0,train
cattle_5604,cattle_5604_DSCF6930.jpg,BeefCattle_Muzzle_Individualized/cattle_5604/cattle_5604_DSCF6930.jpg,216,160,6930,78bbca857fc88842f2d05f5ca6b411e77a5a5d64,13f07171b4a4e4c0,train
cattle_5604,cattle_5604_DSCF6931.jpg,BeefCattle_Muzzle_Individualized/cattle_5604/cattle_5604_DSCF6931.jpg,216,161,6931,192f8eb678a227eed572cf0c8fbc7d56474a5f71,13b07071f0b6a0e0,train
cattle_5604,cattle_5604_DSCF6932.jpg,BeefCattle_Muzzle_Individualized/cattle_5604/cattle_5604_DSCF6932.jpg,221,169,6932,783a4e2a823d29c8bb7b1c25c08c1849f173ab68,1b307171f0b6f0c4,train
cattle_5604,cattle_5604_DSCF6933.jpg,BeefCattle_Muzzle_Individualized/cattle_5604/cattle_5604_DSCF6933.jpg,218,174,6933,8f5626b9b939c0d8e65a6dcae6ac0f5ecad5ada9,0b307071f0b2f0c4,train
cattle_5604,cattle_5604_DSCF6934.jpg,BeefCattle_Muzzle_Individualized/cattle_5604/cattle_5604_DSCF6934.jpg,218,172,6934,075033d27977784f7c7e75e1a115bdecab0aa2b5,1b307070f4b6f0c4,train
cattle_5604,cattle_5604_DSCF6935.jpg,BeefCattle_Muzzle_Individualized/cattle_5604/cattle_5604_DSCF6935.jpg,243,163,6935,f0f3cac7f9029f5fb23cad46218eec24af9cf1d3,6be2607171f6b6c4,train
cattle_5604,cattle_5604_DSCF6936.jpg,BeefCattle_Muzzle_Individualized/cattle_5604/cattle_5604_DSCF6936.jpg,243,157,6936,c55839685e0503b21119412086abe2eb68a3685d,6beaf07171d68e80,train
cattle_5604,cattle_5604_DSCF6937.jpg,BeefCattle_Muzzle_Individualized/cattle_5604/cattle_5604_DSCF6937.jpg,243,169,6937,ea218696ccdc2fcb525edc9e77ee2b6217980e90,33b0f17170d68880,train
cattle_5604,cattle_5604_DSCF6938.jpg,BeefCattle_Muzzle_Individualized/cattle_5604/cattle_5604_DSCF6938.jpg,205,148,6938,c88442bb0c8714ca8f333ca6c9a6091ce08abb97,c6c4c06160777660,train
cattle_5605,cattle_5605_DSCF7324.jpg,BeefCattle_Muzzle_Individualized/cattle_5605/cattle_5605_DSCF7324.jpg,106,83,7324,7b26d2e63a56c911dbb1c7a9bda12b9b422cfb9d,9ef0e07113939393,train
cattle_5605,cattle_5605_DSCF7325.jpg,BeefCattle_Muzzle_Individualized/cattle_5605/cattle_5605_DSCF7325.jpg,107,80,7325,ca2bd7dceb1177b96b45c51dfcb5760ec1e4ef99,1ef0e07172929292,train
cattle_5605,cattle_5605_DSCF7327.jpg,BeefCattle_Muzzle_Individualized/cattle_5605/cattle_5605_DSCF7327.jpg,104,84,7327,26a93bf82bc12128c2ec07fd804e54d6fd91f899,9ef0f071539b9393,train
cattle_5605,cattle_5605_DSCF7328.jpg,BeefCattle_Muzzle_Individualized/cattle_5605/cattle_5605_DSCF7328.jpg,107,84,7328,e68132e96d829db1c2c736a0a2cee36fd312a62f,9ef0e07152929283,train
cattle_5605,cattle_5605_DSCF7332.jpg,BeefCattle_Muzzle_Individualized/cattle_5605/cattle_5605_DSCF7332.jpg,108,86,7332,31025136a63c623654694c38da9a091da5061363,0e94e06173928393,train
cattle_5605,cattle_5605_DSCF7333.jpg,BeefCattle_Muzzle_Individualized/cattle_5605/cattle_5605_DSCF7333.jpg,109,89,7333,125bf801a50e36813828ee6d0b33de3ca365ee8c,0e90f071739393c3,train
cattle_5605,cattle_5605_DSCF7334.jpg,BeefCattle_Muzzle_Individualized/cattle_5605/cattle_5605_DSCF7334.jpg,109,84,7334,e147b5f753d8c9af075d84d85ccec518ac97b2ed,0ed0e071739383d3,train
cattle_5605,cattle_5605_DSCF7336.jpg,BeefCattle_Muzzle_Individualized/cattle_5605/cattle_5605_DSCF7336.jpg,104,87,7336,832920aa59626f0e5c4f21b839382f5b5782c76a,9ed0e07113839385,train
cattle_5605,cattle_5605_DSCF7337.jpg,BeefCattle_Muzzle_Individualized/cattle_5605/cattle_5605_DSCF7337.jpg,103,88,7337,3ec361daf6a3b37f8c01027c48ef6c2a0875a390,9e90e07153939385,train
cattle_5620,cattle_5620_DSCF7185.jpg,BeefCattle_Muzzle_Individualized/cattle_5620/cattle_5620_DSCF7185.jpg,154,116,7185,e26b4854c365a5e921a446a4c53401fad185631c,eae8f071538a9292,train
cattle_5620,cattle_5620_DSCF7186.jpg,BeefCattle_Muzzle_Individualized/cattle_5620/cattle_5620_DSCF7186.jpg,152,116,7186,2b25bb501d9271e99c6812232b1930f6b15fb951,ebe8f071118e969e,train
cattle_5620,cattle_5620_DSCF7187.jpg,BeefCattle_Muzzle_Individualized/cattle_5620/cattle_5620_DSCF7187.jpg,163,121,7187,2f72f66e09d90ff99fe7f653697cbeffc80f168e,abe8f071118e9694,train
cattle_5620,cattle_5620_DSCF7189.jpg,BeefCattle_Muzzle_Individualized/cattle_5620/cattle_5620_DSCF7189.jpg,155,120,7189,b0560c4cd4279e063b43b1e355c045f678578d23,eae8f071178eb68e,train
cattle_5620,cattle_5620_DSCF7190.jpg,BeefCattle_Muzzle_Individualized/cattle_5620/cattle_5620_DSCF7190.jpg,149,116,7190,04c3465b9088d70993ccf6c9ae228e16c34b06b5,efe0f071138eb686,train
cattle_5620,cattle_5620_DSCF7191.jpg,BeefCattle_Muzzle_Individualized/cattle_5620/cattle_5620_DSCF7191.jpg,156,118,7191,5636978c568a77a676515a3daf9375e7e5d433e7,eae8f071138e9686,train
cattle_5620,cattle_5620_DSCF7192.jpg,BeefCattle_Muzzle_Individualized/cattle_5620/cattle_5620_DSCF7192.jpg,157,113,7192,236086a87a4e7b12dafbeda472cc48d7aebc330b,eee0f071178e9696,train
cattle_5620,cattle_5620_DSCF7193.jpg,BeefCattle_Muzzle_Individualized/cattle_5620/cattle_5620_DSCF7193.jpg,153,112,7193,89c0af1e197b62c16fde10e0564cc0d94e344c50,eae8f070118e9696,train
cattle_5620,cattle_5620_DSCF7195.jpg,BeefCattle_Muzzle_Individualized/cattle_5620/cattle_5620_DSCF7195.jpg,157,113,7195,193b2607fb9421b9356be7f99a2440385b417f59,c3e0f070138e9696,train
cattle_5620,cattle_5620_DSCF7196.jpg,BeefCattle_Muzzle_Individualized/cattle_5620/cattle_5620_DSCF7196.jpg,160,106,7196,0759eb30e18a166d7cc30c9d4a2412d6744191eb,aee8f071719e8e96,train
cattle_5630,cattle_5630_DSCF7966.jpg,BeefCattle_Muzzle_Individualized/cattle_5630/cattle_5630_DSCF7966.jpg,144,131,7966,93269c8de0ec7cc6b8fda88596d0627f012e6645,10a0c0011132b0cc,dev
cattle_5630,cattle_5630_DSCF7967.jpg,BeefCattle_Muzzle_Individualized/cattle_5630/cattle_5630_DSCF7967.jpg,145,125,7967,c24f97288d39a5e8edb31764a2c7dbefd337947d,90c0c0811130b09c,dev
cattle_5630,cattle_5630_DSCF7968.jpg,BeefCattle_Muzzle_Individualized/cattle_5630/cattle_5630_DSCF7968.jpg,141,127,7968,d493bb07b50a067b0b5c0ad2b984028c4616ef4e,10a0c0c0011298dc,dev
cattle_5630,cattle_5630_DSCF7969.jpg,BeefCattle_Muzzle_Individualized/cattle_5630/cattle_5630_DSCF7969.jpg,140,131,7969,322d2cead0e7d3d784dfc63c0eb0dba92ed8d1c0,10e0c0c01032b8cc,dev
cattle_5633,cattle_5633_DSCF9044.jpg,BeefCattle_Muzzle_Individualized/cattle_5633/cattle_5633_DSCF9044.jpg,83,63,9044,a7a0c6fc7f6826329f1b08be600d491b1e2a4e67,8ed8f070f29ee0c0,train
cattle_5633,cattle_5633_DSCF9045.jpg,BeefCattle_Muzzle_Individualized/cattle_5633/cattle_5633_DSCF9045.jpg,85,62,9045,38821a6bb49df2c66c65de185d7f807c18f4176a,8ed8f870f09ee2c4,train
cattle_5633,cattle_5633_DSCF9046.jpg,BeefCattle_Muzzle_Individualized/cattle_5633/cattle_5633_DSCF9046.jpg,83,59,9046,f5f0555ca61b0195b7bd6efe7a38d9d6bc37495a,8ed8f070f096a2e4,train
cattle_5633,cattle_5633_DSCF9047.jpg,BeefCattle_Muzzle_Individualized/cattle_5633/cattle_5633_DSCF9047.jpg,84,62,9047,f7494c90503a780f962fc781427113016f9b64e3,8eccf870f09e8ae4,train
cattle_5633,cattle_5633_DSCF9048.jpg,BeefCattle_Muzzle_Individualized/cattle_5633/cattle_5633_DSCF9048.jpg,85,66,9048,7bc7885c3e9804db86406b71b6131b98942ad38b,8fccf870f09ee2c0,train
cattle_5633,cattle_5633_DSCF9050.jpg,BeefCattle_Muzzle_Individualized/cattle_5633/cattle_5633_DSCF9050.jpg,85,64,9050,ae57009727c7d43921585c579693a0dc3251446d,8edcf870f09ee0c0,train
cattle_5633,cattle_5633_DSCF9052.jpg,BeefCattle_Muzzle_Individualized/cattle_5633/cattle_5633_DSCF9052.jpg,84,63,9052,b94327dfc4a457e35292967daa8801466c46401c,8edcf070f09682c0,train
cattle_5633,cattle_5633_DSCF9053.jpg,BeefCattle_Muzzle_Individualized/cattle_5633/cattle_5633_DSCF9053.jpg,82,59,9053,699582c2cae7ce31e6234dd19aa1bc3ae0cbf4aa,8fdcf870f09a82e0,train
cattle_5633,cattle_5633_DSCF9054.jpg,BeefCattle_Muzzle_Individualized/cattle_5633/cattle_5633_DSCF9054.jpg,89,64,9054,ffb32c98f7104f799ee837ec134567a32bb3473c,8eccf070f09ed6e4,train
cattle_5633,cattle_5633_DSCF9055.jpg,BeefCattle_Muzzle_Individualized/cattle_5633/cattle_5633_DSCF9055.jpg,87,65,9055,34156bd407beed870530e3bcfe2a3abc04341724,8eccf070f09ec2e0,train
cattle_5634,cattle_5634_DSCF9044.jpg,BeefCattle_Muzzle_Individualized/cattle_5634/cattle_5634_DSCF9044.jpg,119,85,9044,355be22f54e7ee8a45fb6e15a549faa8a1d3c2d5,cecce860711692b2,test
cattle_5634,cattle_5634_DSCF9046.jpg,BeefCattle_Muzzle_Individualized/cattle_5634/cattle_5634_DSCF9046.jpg,114,87,9046,e270d246a57a42440f30b8a8e505229a3192957a,cfcee070708f93d2,test
cattle_5634,cattle_5634_DSCF9047.jpg,BeefCattle_Muzzle_Individualized/cattle_5634/cattle_5634_DSCF9047.jpg,116,87,9047,bffe439997167548a89afd6af18292f09519a8a9,cecce8e0718e92b2,test
cattle_5634,cattle_5634_DSCF9048.jpg,BeefCattle_Muzzle_Individualized/cattle_5634/cattle_5634_DSCF9048.jpg,114,82,9048,96b03830972cb16d251902f57eef5655b913f103,cfcce860708f93b2,test
cattle_5634,cattle_5634_DSCF9050.jpg,BeefCattle_Muzzle_Individualized/cattle_5634/cattle_5634_DSCF9050.jpg,119,85,9050,cc81ede1c32f76aac3856a2d16459172f502e902,cecce870710692d2,test
cattle_5634,cattle_5634_DSCF9054.jpg,BeefCattle_Muzzle_Individualized/cattle_5634/cattle_5634_DSCF9054.jpg,119,85,9054,b6539cfbe0d14313903f9d43909179284a870547,cecce860758e92d2,test
cattle_5634,cattle_5634_DSCF9055.jpg,BeefCattle_Muzzle_Individualized/cattle_5634/cattle_5634_DSCF9055.jpg,117,76,9055,f0625e7170d06cc37cb159926adc2f43802bf8ae,cecce070700f9392,test
cattle_5634,cattle_5634_DSCF9056.jpg,BeefCattle_Muzzle_Individualized/cattle_5634/cattle_5634_DSCF9056.jpg,117,75,9056,010a982e727dab56a26da881f2ffdc5065d8578d,cecce0e071568692,test
cattle_5639,cattle_5639_DSCF7115.jpg,BeefCattle_Muzzle_Individualized/cattle_5639/cattle_5639_DSCF7115.jpg,142,106,7115,08364e347b3da8eb376bea3dad1cc86365d0381a,cee8f470709692d0,test
cattle_5639,cattle_5639_DSCF7117.jpg,BeefCattle_Muzzle_Individualized/cattle_5639/cattle_5639_DSCF7117.jpg,154,110,7117,d56982b8c36eb824864e2cc2dfba6906b01a867a,cecce07070c6d2d0,test
cattle_5639,cattle_5639_DSCF7118.jpg,BeefCattle_Muzzle_Individualized/cattle_5639/cattle_5639_DSCF7118.jpg,145,110,7118,8259a09d72f54be9bef349f1858be596dba274e4,ced8e070709692c4,test
cattle_5639,cattle_5639_DSCF7119.jpg,BeefCattle_Muzzle_Individualized/cattle_5639/cattle_5639_DSCF7119.jpg,151,112,7119,6396e11b39fc5c1ed4f33388a24f13996abd6cf7,cedce8607096d2c4,test
cattle_5639,cattle_5639_DSCF7120.jpg,BeefCattle_Muzzle_Individualized/cattle_5639/cattle_5639_DSCF7120.jpg,148,106,7120,bc20b53deaf20e3d0568c0ea67dd508b23ae1406,8ed8e860608692d0,test
cattle_5639,cattle_5639_DSCF7121.jpg,BeefCattle_Muzzle_Individualized/cattle_5639/cattle_5639_DSCF7121.jpg,147,107,7121,644ec9384ec7eb129a0f94d8aa60103d4783ae69,8ed4e8e0619682d0,test
cattle_5639,cattle_5639_DSCF7122.jpg,BeefCattle_Muzzle_Individualized/cattle_5639/cattle_5639_DSCF7122.jpg,151,106,7122,d61472a97d7ad683fba214b9f3da73050512006e,cedce860709692d0,test
cattle_5639,cattle_5639_DSCF7123.jpg,BeefCattle_Muzzle_Individualized/cattle_5639/cattle_5639_DSCF7123.jpg,148,105,7123,2f59235a385d4776d447f5d8d792cdea31e5a96e,8ee8e871708e94d4,test
cattle_5639,cattle_5639_DSCF7124.jpg,BeefCattle_Muzzle_Individualized/cattle_5639/cattle_5639_DSCF7124.jpg,148,110,7124,311607509f4c57f644bcc11cf08a00c0182f1947,8ed8e870f08e94cc,test
cattle_5639,cattle_5639_DSCF7137.jpg,BeefCattle_Muzzle_Individualized/cattle_5639/cattle_5639_DSCF7137.jpg,195,137,7137,3480d89cfc24e4ff953f92603e401a7de48855ed,84e8e861648ed2c4,test
cattle_5639,cattle_5639_DSCF7138.jpg,BeefCattle_Muzzle_Individualized/cattle_5639/cattle_5639_DSCF7138.jpg,193,138,7138,d5d21cd05c9b1dd1d1fd32eaab863a62608ece53,8ec8e861648ed2c4,test
cattle_5654,cattle_5654_DSCF9352.jpg,BeefCattle_Muzzle_Individualized/cattle_5654/cattle_5654_DSCF9352.jpg,162,113,9352,cbc969c5182e315cb35a1d9a66bc8cfd3962a4a5,8ed4f071b192d8cc,dev
cattle_5654,cattle_5654_DSCF9353.jpg,BeefCattle_Muzzle_Individualized/cattle_5654/cattle_5654_DSCF9353.jpg,164,113,9353,2a3e0be3923be795845d82fed31329968368e7b6,9ed0f071b196d8c8,dev
cattle_5654,cattle_5654_DSCF9354.jpg,BeefCattle_Muzzle_Individualized/cattle_5654/cattle_5654_DSCF9354.jpg,160,110,9354,483dd558016ba1082a4cc272ce3583344f8491d8,9cf0707193964860,dev
cattle_5654,cattle_5654_DSCF9355.jpg,BeefCattle_Muzzle_Individualized/cattle_5654/cattle_5654_DSCF9355.jpg,157,107,9355,c0335dff4dec397ea1f9ed9ccc05cb8852a88bb3,9cf0e061b1969478,dev
cattle_5654,cattle_5654_DSCF9356.jpg,BeefCattle_Muzzle_Individualized/cattle_5654/cattle_5654_DSCF9356.jpg,145,106,9356,a07202723a515f33f467d6c53d111cb1cc21dbc8,9ce0e0e1a1b684d8,dev
cattle_5654,cattle_5654_DSCF9357.jpg,BeefCattle_Muzzle_Individualized/cattle_5654/cattle_5654_DSCF9357.jpg,139,112,9357,0965957991dff325e1c94730bf1ae0ddaae12dd4,14e0e0e1a1b68458,dev
cattle_5654,cattle_5654_DSCF9358.jpg,BeefCattle_Muzzle_Individualized/cattle_5654/cattle_5654_DSCF9358.jpg,145,120,9358,628dc275c1799bb4ef543cd18fe5a83d28f995aa,8ef0f0f1f21698c0,dev
cattle_5654,cattle_5654_DSCF9359.jpg,BeefCattle_Muzzle_Individualized/cattle_5654/cattle_5654_DSCF9359.jpg,160,120,9359,05549cf7abdbfa092a7c299f8679e39d321e0391,cff878797a8ac8c0,dev
cattle_5654,cattle_5654_DSCF9360.jpg,BeefCattle_Muzzle_Individualized/cattle_5654/cattle_5654_DSCF9360.jpg,159,116,9360,551208de3dae988e50e122fdfdc593a9a98ea389,8ef0f071719280c8,dev
cattle_5654,cattle_5654_DSCF9361.jpg,BeefCattle_Muzzle_Individualized/cattle_5654/cattle_5654_DSCF9361.jpg,164,124,9361,041a80396b627e718380e31372b3eddbc5bff83a,8ef87071f29ac8c4,dev
cattle_5654,cattle_5654_DSCF9362.jpg,BeefCattle_Muzzle_Individualized/cattle_5654/cattle_5654_DSCF9362.jpg,154,120,9362,c7c34a1fc15e8c3f8ede8df517fa7c6f9a666865,8ef0f0717296d8c4,dev
cattle_5654,cattle_5654_DSCF9364.jpg,BeefCattle_Muzzle_Individualized/cattle_5654/cattle_5654_DSCF9364.jpg,160,113,9364,e6e27f8be203062679b24170783375068a2559bd,8ef070717192c8c8,dev
cattle_5654,cattle_5654_DSCF9365.jpg,BeefCattle_Muzzle_Individualized/cattle_5654/cattle_5654_DSCF9365.jpg,156,118,9365,f8056c4ba9bd55807c8cf0685ae3defab207b371,8ef0f0717192d8d8,dev
cattle_5654,cattle_5654_DSCF9366.jpg,BeefCattle_Muzzle_Individualized/cattle_5654/cattle_5654_DSCF9366.jpg,159,116,9366,328f045fa117437ca9e03962a563397ad33ff097,8ef0f071b196d8d8,dev
cattle_5654,cattle_5654_DSCF9367.jpg,BeefCattle_Muzzle_Individualized/cattle_5654/cattle_5654_DSCF9367.jpg,159,123,9367,ffe1f19d75935563fefd7f5e6f28cb64a9006383,8ad0f0717192d8d4,dev
cattle_5654,cattle_5654_DSCF9368.jpg,BeefCattle_Muzzle_Individualized/cattle_5654/cattle_5654_DSCF9368.jpg,160,116,9368,3013fed55772304b044c82176aae2e0c6de37184,8ef07071b192d8c8,dev
cattle_5654,cattle_5654_DSCF9369.jpg,BeefCattle_Muzzle_Individualized/cattle_5654/cattle_5654_DSCF9369.jpg,154,116,9369,097c057f7467b6a7a1bc56da8621af1154082b41,8ad0f07171929cd8,dev
cattle_5654,cattle_5654_DSCF9371.jpg,BeefCattle_Muzzle_Individualized/cattle_5654/cattle_5654_DSCF9371.jpg,159,118,9371,95838c39d8e4ecace0694511cfce3cf252b1ad8a,8ef0f071b096d8d4,dev
cattle_5654,cattle_5654_DSCF9372.jpg,BeefCattle_Muzzle_Individualized/cattle_5654/cattle_5654_DSCF9372.jpg,257,173,9372,0d136fbcf319069cb9a69e7698478f7b7fb94461,9ed0f0711296d0c8,dev
cattle_5654,cattle_5654_DSCF9373.jpg,BeefCattle_Muzzle_Individualized/cattle_5654/cattle_5654_DSCF9373.jpg,257,171,9373,f7f5c85afae570adb8df8c33287b0bdee9316f76,9ed0f0719292c8c8,dev
cattle_5654,cattle_5654_DSCF9378.jpg,BeefCattle_Muzzle_Individualized/cattle_5654/cattle_5654_DSCF9378.jpg,254,168,9378,fee618117d046a74a39bf72642b46b80ee09831f,9ed0f0717292c8c8,dev
cattle_5654,cattle_5654_DSCF9379.jpg,BeefCattle_Muzzle_Individualized/cattle_5654/cattle_5654_DSCF9379.jpg,256,166,9379,6538f605ebf45be0f1093df78133d2e9b33c1e9d,9ed0f0719196d0d8,dev
cattle_5654,cattle_5654_DSCF9380.jpg,BeefCattle_Muzzle_Individualized/cattle_5654/cattle_5654_DSCF9380.jpg,250,165,9380,f76a9e86fc813bb9608dc2d69a0c304ceb6dbe09,8ad470719196d0d8,dev
cattle_5654,cattle_5654_DSCF9381.jpg,BeefCattle_Muzzle_Individualized/cattle_5654/cattle_5654_DSCF9381.jpg,250,163,9381,479ef9fac17d89b278c8ac155f182e897963359b,9ed0f0711192d8d8,dev
cattle_5654,cattle_5654_DSCF9382.jpg,BeefCattle_Muzzle_Individualized/cattle_5654/cattle_5654_DSCF9382.jpg,250,171,9382,38930a95354c32591981839712705b9473dec86f,8ed4f0713196d0d8,dev
cattle_5654,cattle_5654_DSCF9387.jpg,BeefCattle_Muzzle_Individualized/cattle_5654/cattle_5654_DSCF9387.jpg,252,161,9387,25dd01123b9a3762a0522b46b1b82c4bdadf3ad5,9ef0f0719296d0d8,dev
cattle_5654,cattle_5654_DSCF9388.jpg,BeefCattle_Muzzle_Individualized/cattle_5654/cattle_5654_DSCF9388.jpg,247,171,9388,5ecbbe1dca0e5fd7c486c25345546e658c5678ca,8bd8f0789192d8c8,dev
cattle_5654,cattle_5654_DSCF9389.jpg,BeefCattle_Muzzle_Individualized/cattle_5654/cattle_5654_DSCF9389.jpg,254,166,9389,242f611770e36e501f1ac8c0a790fb48df7fc60d,9ed0f071319690d8,dev
cattle_5654,cattle_5654_DSCF9408.jpg,BeefCattle_Muzzle_Individualized/cattle_5654/cattle_5654_DSCF9408.jpg,252,178,9408,b7ed6d1c433e0cdc680c740fbaa58006388877c4,9cf0f0719292d8dc,dev
cattle_5654,cattle_5654_DSCF9409.jpg,BeefCattle_Muzzle_Individualized/cattle_5654/cattle_5654_DSCF9409.jpg,258,186,9409,140f5a7b8eafb9591383a8ae35661cd34d8addad,9ef0f0711096d8dc,dev
cattle_5654,cattle_5654_DSCF9410.jpg,BeefCattle_Muzzle_Individualized/cattle_5654/cattle_5654_DSCF9410.jpg,261,186,9410,c4f526217e3865be42e2aafe20ab4b7520498005,9ed0f0717196d8d8,dev
cattle_5654,cattle_5654_DSCF9411.jpg,BeefCattle_Muzzle_Individualized/cattle_5654/cattle_5654_DSCF9411.jpg,258,182,9411,aca146d73a2a8a39e715ccd7654135f80c46566d,9ef070719092d8d8,dev
cattle_5654,cattle_5654_DSCF9416.jpg,BeefCattle_Muzzle_Individualized/cattle_5654/cattle_5654_DSCF9416.jpg,260,172,9416,15f1635031f89f661740be7c438c7e7726239086,dcf070719096d8d8,dev
cattle_5658,cattle_5658_DSCF7637.jpg,BeefCattle_Muzzle_Individualized/cattle_5658/cattle_5658_DSCF7637.jpg,260,171,7637,130547a15b3e417a586e476982d162fd5b3e16bd,6a88c8e861838b86,train
cattle_5658,cattle_5658_DSCF7641.jpg,BeefCattle_Muzzle_Individualized/cattle_5658/cattle_5658_DSCF7641.jpg,264,174,7641,bc8ceda66fdbd59e7309a019db26acdb69f2ef42,6b84e8e8790b8386,train
cattle_5658,cattle_5658_DSCF7642.jpg,BeefCattle_Muzzle_Individualized/cattle_5658/cattle_5658_DSCF7642.jpg,272,175,7642,e6a8d00782a92ca389082378d445aeb2bf9e0a78,2ac4e87979828a86,train
cattle_5658,cattle_5658_DSCF7643.jpg,BeefCattle_Muzzle_Individualized/cattle_5658/cattle_5658_DSCF7643.jpg,257,174,7643,1a28b86ac86520c7d9687b2bdb427c20193edb20,6a88c8e171978786,train
cattle_5658,cattle_5658_DSCF7644.jpg,BeefCattle_Muzzle_Individualized/cattle_5658/cattle_5658_DSCF7644.jpg,258,188,7644,1329919728d5a3680ae3453b4ee8b7b43955fb8b,2bc8c8713196aec6,train
cattle_5658,cattle_5658_DSCF7645.jpg,BeefCattle_Muzzle_Individualized/cattle_5658/cattle_5658_DSCF7645.jpg,265,171,7645,3a97720a31990c36ffb7ed71c2a94dc5cf1ef3c7,92c8e87879938e86,train
cattle_5658,cattle_5658_DSCF7646.jpg,BeefCattle_Muzzle_Individualized/cattle_5658/cattle_5658_DSCF7646.jpg,259,173,7646,2b685147df66e1ba02e7c2e126b8a5caec43f857,32c8e8787a838e86,train
cattle_5658,cattle_5658_DSCF7647.jpg,BeefCattle_Muzzle_Individualized/cattle_5658/cattle_5658_DSCF7647.jpg,258,174,7647,a22b7d2c6fb845cd37beefcb220f70d530ef2767,2bccc86071968e86,train
cattle_5658,cattle_5658_DSCF7648.jpg,BeefCattle_Muzzle_Individualized/cattle_5658/cattle_5658_DSCF7648.jpg,259,166,7648,df211d736fe11247446fa4eec8b9286d484b3a9d,26c8e86031968e86,train
cattle_5658,cattle_5658_DSCF7649.jpg,BeefCattle_Muzzle_Individualized/cattle_5658/cattle_5658_DSCF7649.jpg,259,175,7649,cb08d8c086cdeef19208dc24a5bc45377fcb1a00,2a84e8e879938b86,train
cattle_5658,cattle_5658_DSCF7650.jpg,BeefCattle_Muzzle_Individualized/cattle_5658/cattle_5658_DSCF7650.jpg,259,171,7650,eb774381f2d959028e1cecd816b550a6f7c16800,2bc4e87871938e86,train
cattle_5670,cattle_5670_DSCF7473.jpg,BeefCattle_Muzzle_Individualized/cattle_5670/cattle_5670_DSCF7473.jpg,137,93,7473,dab89c2f74c7f0ca18a18d673dce0caffa04f06e,68e0747b4f4f0f0f,train
cattle_5670,cattle_5670_DSCF7474.jpg,BeefCattle_Muzzle_Individualized/cattle_5670/cattle_5670_DSCF7474.jpg,134,92,7474,31a7de1b855e8949572a70bc91a16dd97aa07dbb,68f4743b4f470f07,train
cattle_5670,cattle_5670_DSCF7475.jpg,BeefCattle_Muzzle_Individualized/cattle_5670/cattle_5670_DSCF7475.jpg,137,90,7475,12d84927662c858e8c5f4a03cc22a798003ed609,e8e4743b474f0f0f,train
cattle_5670,cattle_5670_DSCF7477.jpg,BeefCattle_Muzzle_Individualized/cattle_5670/cattle_5670_DSCF7477.jpg,126,98,7477,2ac0365683339c7a19f8c48ad7c8be845083f69e,69e0e479cf470f07,train
cattle_5670,cattle_5670_DSCF7478.jpg,BeefCattle_Muzzle_Individualized/cattle_5670/cattle_5670_DSCF7478.jpg,133,95,7478,7aab2f97485f37df13d9079377fc386f83637603,68e8e47bc74f0f07,train
cattle_5670,cattle_5670_DSCF7479.jpg,BeefCattle_Muzzle_Individualized/cattle_5670/cattle_5670_DSCF7479.jpg,133,98,7479,09229ad3cf4190cbfba55965e0e270faaba58eff,48e8e4710fcf0f0f,train
cattle_5670,cattle_5670_DSCF7481.jpg,BeefCattle_Muzzle_Individualized/cattle_5670/cattle_5670_DSCF7481.jpg,131,98,7481,1a0d4aec822296f2136c2cdd5d1bb698351e9e9a,29e0f4794f470f07,train
cattle_5670,cattle_5670_DSCF7483.jpg,BeefCattle_Muzzle_Individualized/cattle_5670/cattle_5670_DSCF7483.jpg,123,89,7483,7cce464f900ee320843dc9910b5f9e5873666406,61f4723bcb47070f,train
cattle_5670,cattle_5670_DSCF7484.jpg,BeefCattle_Muzzle_Individualized/cattle_5670/cattle_5670_DSCF7484.jpg,126,96,7484,014309fce6b6146a0bc14d1e25d07ed02a16778e,25f4723b43470707,train
cattle_5670,cattle_5670_DSCF7485.jpg,BeefCattle_Muzzle_Individualized/cattle_5670/cattle_5670_DSCF7485.jpg,117,95,7485,6d3ed2ad68d8490c55c8becc864bb0ebf467a00f,f4f27a3f47470707,train
cattle_5670,cattle_5670_DSCF7486.jpg,BeefCattle_Muzzle_Individualized/cattle_5670/cattle_5670_DSCF7486.jpg,114,98,7486,2113b172ba81453ccf18fe6505dc584bc321cd41,65f4f27befc70f0f,train
cattle_5670,cattle_5670_DSCF7487.jpg,BeefCattle_Muzzle_Individualized/cattle_5670/cattle_5670_DSCF7487.jpg,108,95,7487,e40b132b2d21ccfcf48f0cacec8b5a0513f2961b,b4fb793f67470707,train
cattle_5670,cattle_5670_DSCF7488.jpg,BeefCattle_Muzzle_Individualized/cattle_5670/cattle_5670_DSCF7488.jpg,106,99,7488,9ffc118798433d7b51273cfc2dff4ceafb0073fa,34f8fb3fe747070f,train
cattle_5677,cattle_5677_DSCF7459.jpg,BeefCattle_Muzzle_Individualized/cattle_5677/cattle_5677_DSCF7459.jpg,70,58,7459,8fb780eceba55d3ee108734cb42304f3c30cb43c,2bc8e061929280c4,train
cattle_5677,cattle_5677_DSCF7460.jpg,BeefCattle_Muzzle_Individualized/cattle_5677/cattle_5677_DSCF7460.jpg,67,55,7460,f78f9acee6c4245fa52bcdcf54169fa4122c84cd,09e0e069939290e0,train
cattle_5677,cattle_5677_DSCF7463.jpg,BeefCattle_Muzzle_Individualized/cattle_5677/cattle_5677_DSCF7463.jpg,58,55,7463,2f70bfadbed1c7d7ce95cec7f39f8fc354a60623,b5e7f8f8e6cb8bd9,train
cattle_5677,cattle_5677_DSCF7464.jpg,BeefCattle_Muzzle_Individualized/cattle_5677/cattle_5677_DSCF7464.jpg,58,53,7464,45b22a2364a71744859ecb676e75ab2aa2e3597d,a7f6f070cbcbc0e0,train
cattle_5677,cattle_5677_DSCF7465.jpg,BeefCattle_Muzzle_Individualized/cattle_5677/cattle_5677_DSCF7465.jpg,66,54,7465,dddadd326351e1415b2282bfc1e7b21d860f6598,2dc8f070418b8bc0,train
cattle_5677,cattle_5677_DSCF7466.jpg,BeefCattle_Muzzle_Individualized/cattle_5677/cattle_5677_DSCF7466.jpg,68,57,7466,9b7e9159f132224b4fc9adb723fca44edd04202c,29c8e071438bc0c4,train
cattle_5677,cattle_5677_DSCF7467.jpg,BeefCattle_Muzzle_Individualized/cattle_5677/cattle_5677_DSCF7467.jpg,68,44,7467,bebed8511c9c6e76f01c20454643cee1a0cbaf2a,2988e06061409392,train
cattle_5677,cattle_5677_DSCF7468.jpg,BeefCattle_Muzzle_Individualized/cattle_5677/cattle_5677_DSCF7468.jpg,67,49,7468,55224a83da0a62966c63dd370c414f91ce4d6f35,6bc0e06161938ac0,train
cattle_5677,cattle_5677_DSCF7469.jpg,BeefCattle_Muzzle_Individualized/cattle_5677/cattle_5677_DSCF7469.jpg,65,51,7469,b3c916d0bfa4472c46eeb490a0aae0c05277a469,4a80e061419392c0,train
cattle_5677,cattle_5677_DSCF7470.jpg,BeefCattle_Muzzle_Individualized/cattle_5677/cattle_5677_DSCF7470.jpg,66,56,7470,5f3cb2704de8ac06aae705e3d6a900759eaec94a,6988e061039380c0,train
cattle_5677,cattle_5677_DSCF7471.jpg,BeefCattle_Muzzle_Individualized/cattle_5677/cattle_5677_DSCF7471.jpg,68,52,7471,795e4847366df0d97df5805f9bc0e4cc936b978f,2b88e061419382c0,train
cattle_5677,cattle_5677_DSCF7472.jpg,BeefCattle_Muzzle_Individualized/cattle_5677/cattle_5677_DSCF7472.jpg,68,56,7472,db249a64ea0c9ed5ab1f6041bf7714c5121639cc,29c8e061438b80c2,train
cattle_5695,cattle_5695_DSCF7979.jpg,BeefCattle_Muzzle_Individualized/cattle_5695/cattle_5695_DSCF7979.jpg,131,89,7979,3340514c6b0a98ffa4f999dfb77ced6b35784a6e,0b88e0e1e1e0c0c0,test
cattle_5695,cattle_5695_DSCF7980.jpg,BeefCattle_Muzzle_Individualized/cattle_5695/cattle_5695_DSCF7980.jpg,134,92,7980,03f36b9546d6ffc39b349b6a93d1f4e62ebbfd53,0888e0e061c0c0c4,test
cattle_5695,cattle_5695_DSCF7983.jpg,BeefCattle_Muzzle_Individualized/cattle_5695/cattle_5695_DSCF7983.jpg,134,92,7983,6d5645bcb53b904f178fbd9adc3f7759d957402e,0f88e0e061e0c0c0,test
cattle_5695,cattle_5695_DSCF7985.jpg,BeefCattle_Muzzle_Individualized/cattle_5695/cattle_5695_DSCF7985.jpg,131,90,7985,dad10a52790406f276a140b978180bcc1c42c878,0988e0e061a0c0c0,test
cattle_5695,cattle_5695_DSCF7986.jpg,BeefCattle_Muzzle_Individualized/cattle_5695/cattle_5695_DSCF7986.jpg,134,92,7986,83fa02faab35dbea22439a394f6c4fe7ea5eafd0,0888e06061a0c0c4,test
cattle_5695,cattle_5695_DSCF7988.jpg,BeefCattle_Muzzle_Individualized/cattle_5695/cattle_5695_DSCF7988.jpg,123,90,7988,a49e285eec2618d03efccfefeb6bc194e06c0395,0880c0e06180b0c0,test
cattle_5695,cattle_5695_DSCF7989.jpg,BeefCattle_Muzzle_Individualized/cattle_5695/cattle_5695_DSCF7989.jpg,128,90,7989,ba9aad3bcb7d50a9bbba2f26a8ee6614917fbe10,8880e0e061808084,test
cattle_5695,cattle_5695_DSCF7990.jpg,BeefCattle_Muzzle_Individualized/cattle_5695/cattle_5695_DSCF7990.jpg,125,85,7990,47faa65f074047ce3de326dc8c812b5ee51fb153,8c80e0e060c08080,test
cattle_5695,cattle_5695_DSCF7991.jpg,BeefCattle_Muzzle_Individualized/cattle_5695/cattle_5695_DSCF7991.jpg,122,89,7991,ec30ade3eb5ba2c97392c84a1b13c7777c0678c0,a784e0e070e08080,test
cattle_5695,cattle_5695_DSCF7992.jpg,BeefCattle_Muzzle_Individualized/cattle_5695/cattle_5695_DSCF7992.jpg,113,83,7992,720e1c26607cbbfead58b0a6a41999113280263c,87c6e2f070708290,test
cattle_5695,cattle_5695_DSCF8002.jpg,BeefCattle_Muzzle_Individualized/cattle_5695/cattle_5695_DSCF8002.jpg,125,92,8002,5e580811c701a78a9a0fe7b6fc1566c17d888b4c,0888f0e060e0c0c4,test
cattle_5695,cattle_5695_DSCF8003.jpg,BeefCattle_Muzzle_Individualized/cattle_5695/cattle_5695_DSCF8003.jpg,123,89,8003,d466c42d9bedf80816ce7e6edf7fcc112f11cd8b,0890e06060e0c0c4,test
cattle_5695,cattle_5695_DSCF8004.jpg,BeefCattle_Muzzle_Individualized/cattle_5695/cattle_5695_DSCF8004.jpg,130,85,8004,5939cf65cfcf7fbccbb685ed20103eb4b3fc94de,0890e0e061e0d0c0,test
cattle_5695,cattle_5695_DSCF8005.jpg,BeefCattle_Muzzle_Individualized/cattle_5695/cattle_5695_DSCF8005.jpg,125,92,8005,8391bb3dbcc289fbf4994306be2efc33ae0e726e,0898e06061e0d0c4,test
cattle_5695,cattle_5695_DSCF8006.jpg,BeefCattle_Muzzle_Individualized/cattle_5695/cattle_5695_DSCF8006.jpg,195,140,8006,56f22205593ad4974284643f71c7fa7fc0d28d74,1880c0c0618190c4,test
cattle_5695,cattle_5695_DSCF8007.jpg,BeefCattle_Muzzle_Individualized/cattle_5695/cattle_5695_DSCF8007.jpg,196,138,8007,d8bf2be093d5b27de776c45e3add3c111c905385,9880c0c06180908e,test
cattle_5697,cattle_5697_DSCF9321.jpg,BeefCattle_Muzzle_Individualized/cattle_5697/cattle_5697_DSCF9321.jpg,150,112,9321,162c2c5055a4934df00ebeabd540d293d370d7d9,98d87105851f1f23,test
cattle_5697,cattle_5697_DSCF9322.jpg,BeefCattle_Muzzle_Individualized/cattle_5697/cattle_5697_DSCF9322.jpg,148,118,9322,073a256c9f6725b66b4efacb4f066343cf9bd0c5,94dc7831160f1f23,test
cattle_5697,cattle_5697_DSCF9323.jpg,BeefCattle_Muzzle_Individualized/cattle_5697/cattle_5697_DSCF9323.jpg,150,110,9323,40bf8f6e0be9dfb50a65ee0bbcfeb96e4f8aaa1b,9cd87831170f0f03,test
cattle_5697,cattle_5697_DSCF9324.jpg,BeefCattle_Muzzle_Individualized/cattle_5697/cattle_5697_DSCF9324.jpg,151,116,9324,bb0b4edc9c83d73f11aa634d083e3d692aca07bd,9cd87115150f1f33,test
cattle_5697,cattle_5697_DSCF9325.jpg,BeefCattle_Muzzle_Individualized/cattle_5697/cattle_5697_DSCF9325.jpg,153,107,9325,cfbd113c35b04efa6ce03818f3428f51e2c1fb33,9cd87131150f1f03,test
cattle_5697,cattle_5697_DSCF9326.jpg,BeefCattle_Muzzle_Individualized/cattle_5697/cattle_5697_DSCF9326.jpg,148,112,9326,4195c3d3836e90824ad1fda239fa9debac491271,9cd87813160f0f03,test
cattle_5697,cattle_5697_DSCF9329.jpg,BeefCattle_Muzzle_Individualized/cattle_5697/cattle_5697_DSCF9329.jpg,147,123,9329,d2922ab4ec80602cacec7b3cffa56b3365258f50,24dc7830160f0f33,test
cattle_5697,cattle_5697_DSCF9330.jpg,BeefCattle_Muzzle_Individualized/cattle_5697/cattle_5697_DSCF9330.jpg,143,112,9330,21bf3674d5392dff4383b893a966341d0e47e192,5c987025851f1f03,test
cattle_5697,cattle_5697_DSCF9332.jpg,BeefCattle_Muzzle_Individualized/cattle_5697/cattle_5697_DSCF9332.jpg,148,110,9332,d526eb2d6b04031e0593a407b2d292f09434dbdb,f4dc783897070f1f,test
cattle_5697,cattle_5697_DSCF9334.jpg,BeefCattle_Muzzle_Individualized/cattle_5697/cattle_5697_DSCF9334.jpg,148,115,9334,a8b5d2110c5ecb370cbcc48698f3757afa8361cf,9cd87831950f1f03,test
cattle_5697,cattle_5697_DSCF9335.jpg,BeefCattle_Muzzle_Individualized/cattle_5697/cattle_5697_DSCF9335.jpg,148,113,9335,e332f22e078b120236c02323ef4f4f436823233f,fcdc7810160f0f03,test
cattle_5697,cattle_5697_DSCF9336.jpg,BeefCattle_Muzzle_Individualized/cattle_5697/cattle_5697_DSCF9336.jpg,143,110,9336,47c0e1a0b193c1a9c0fe8ad94fe4cf7578175c64,dcdc7830960f0f03,test
cattle_5697,cattle_5697_DSCF9337.jpg,BeefCattle_Muzzle_Individualized/cattle_5697/cattle_5697_DSCF9337.jpg,148,109,9337,3c2a1225a9f35ca978b05a3914746bd90d0ae1a9,dcd87837970f1f03,test
cattle_5697,cattle_5697_DSCF9338.jpg,BeefCattle_Muzzle_Individualized/cattle_5697/cattle_5697_DSCF9338.jpg,153,112,9338,f8a33e53175adad910438cfbdfe50d4acd55fb92,9cd87815150f1f03,test
cattle_5697,cattle_5697_DSCF9339.jpg,BeefCattle_Muzzle_Individualized/cattle_5697/cattle_5697_DSCF9339.jpg,150,112,9339,7e43b4ab78153e7cf061fcca04d6930ed88475cd,9cc87817170f1f23,test
cattle_5697,cattle_5697_DSCF9340.jpg,BeefCattle_Muzzle_Individualized/cattle_5697/cattle_5697_DSCF9340.jpg,148,110,9340,9964bd81d0af0a55e4ea02eab1b4f11a251c3209,98d87925951f1f03,test
cattle_5697,cattle_5697_DSCF9342.jpg,BeefCattle_Muzzle_Individualized/cattle_5697/cattle_5697_DSCF9342.jpg,147,116,9342,a38ad1937801f9ba639db6840aeaf2595ad271b8,24dc5878970f1f07,test
cattle_5697,cattle_5697_DSCF9345.jpg,BeefCattle_Muzzle_Individualized/cattle_5697/cattle_5697_DSCF9345.jpg,143,115,9345,959b583d42f48b604ec86eb0a9ab19cf73c0a058,b4dc7830960f1f03,test
cattle_5697,cattle_5697_DSCF9346.jpg,BeefCattle_Muzzle_Individualized/cattle_5697/cattle_5697_DSCF9346.jpg,151,121,9346,99e5dc78e50c5345361c271352a45d04e9e4a0c1,b4dc6811170f1f23,test
cattle_5697,cattle_5697_DSCF9349.jpg,BeefCattle_Muzzle_Individualized/cattle_5697/cattle_5697_DSCF9349.jpg,147,109,9349,542e64050ccaa2cd4569b0ea152fa1c14bf2ea3f,dccc7812960f1f03,test
cattle_5697,cattle_5697_DSCF9351.jpg,BeefCattle_Muzzle_Individualized/cattle_5697/cattle_5697_DSCF9351.jpg,140,110,9351,07aa12e2f34ad201a0730311a510d3cc17a8ba41,dcc87896960f1f23,test
cattle_5717,cattle_5717_DSCF7505.jpg,BeefCattle_Muzzle_Individualized/cattle_5717/cattle_5717_DSCF7505.jpg,80,62,7505,b682a3d62f7cf4c845032b72de044ed49795e01e,c8c8e061688a98f0,dev
cattle_5717,cattle_5717_DSCF7506.jpg,BeefCattle_Muzzle_Individualized/cattle_5717/cattle_5717_DSCF7506.jpg,74,64,7506,710bf03653c6b4e085075cce7cd8f6381be30063,ccc8e068c88ad0cc,dev
cattle_5717,cattle_5717_DSCF7507.jpg,BeefCattle_Muzzle_Individualized/cattle_5717/cattle_5717_DSCF7507.jpg,73,59,7507,726fb1d61e1c8b00cb11163db62e5c8ea3d48a87,ccc8f068e88898e0,dev
cattle_5717,cattle_5717_DSCF7508.jpg,BeefCattle_Muzzle_Individualized/cattle_5717/cattle_5717_DSCF7508.jpg,75,64,7508,e95abe47fe7b58c563d42ca6b36dd29fb5fc705f,cce8f0e9889af0be,dev
cattle_5717,cattle_5717_DSCF7509.jpg,BeefCattle_Muzzle_Individualized/cattle_5717/cattle_5717_DSCF7509.jpg,74,67,7509,3a8a0027ca72674515f45841c772964d8c14781f,ccc8f0e9a89ab08e,dev
cattle_5717,cattle_5717_DSCF7510.jpg,BeefCattle_Muzzle_Individualized/cattle_5717/cattle_5717_DSCF7510.jpg,76,60,7510,2c09f23d42fe724ec7a72ea118e5bcbc831254c5,cce8f068888ad8cc,dev
cattle_5717,cattle_5717_DSCF7511.jpg,BeefCattle_Muzzle_Individualized/cattle_5717/cattle_5717_DSCF7511.jpg,75,63,7511,a8bfa03138636fb56a8cafff5883520ae48f47b2,ccc8e0e9889ab09c,dev
cattle_5717,cattle_5717_DSCF7513.jpg,BeefCattle_Muzzle_Individualized/cattle_5717/cattle_5717_DSCF7513.jpg,77,64,7513,2fe6a82be1b5c2375049c58e380d505f1847ed3d,ccecf068889af08c,dev
cattle_5717,cattle_5717_DSCF7515.jpg,BeefCattle_Muzzle_Individualized/cattle_5717/cattle_5717_DSCF7515.jpg,75,66,7515,05023ada86658420e404579ae6eee3bc7e7dab9e,ecccf068a89ab09c,dev
cattle_5717,cattle_5717_DSCF7518.jpg,BeefCattle_Muzzle_Individualized/cattle_5717/cattle_5717_DSCF7518.jpg,76,64,7518,b32cce7a52420b150c849d0af946358832d3c2fd,ccccf069889ab0fc,dev
cattle_5717,cattle_5717_DSCF7519.jpg,BeefCattle_Muzzle_Individualized/cattle_5717/cattle_5717_DSCF7519.jpg,79,63,7519,3ca2cc0456488a0e686b4bf81dce554db57c24ef,c8c8e061e88a90e8,dev
cattle_5717,cattle_5717_DSCF7520.jpg,BeefCattle_Muzzle_Individualized/cattle_5717/cattle_5717_DSCF7520.jpg,81,67,7520,ddc1e050da2ea0afcf7c17c818c702d74859ed88,ccc8e061c88ad0e8,dev
cattle_5745,cattle_5745_DSCF9473.jpg,BeefCattle_Muzzle_Individualized/cattle_5745/cattle_5745_DSCF9473.jpg,220,168,9473,355f66f3c0f31b208967678d58327661e67f7e66,8fccf8709496ac9c,train
cattle_5745,cattle_5745_DSCF9474.jpg,BeefCattle_Muzzle_Individualized/cattle_5745/cattle_5745_DSCF9474.jpg,223,162,9474,5dd34490b401399c568314604d9b96eda02c4ad1,0ecce8709496bcbc,train
cattle_5745,cattle_5745_DSCF9475.jpg,BeefCattle_Muzzle_Individualized/cattle_5745/cattle_5745_DSCF9475.jpg,222,160,9475,afd781c9583a8deadd160c146976b19875f6d5b6,8eccf8709496accc,train
cattle_5745,cattle_5745_DSCF9477.jpg,BeefCattle_Muzzle_Individualized/cattle_5745/cattle_5745_DSCF9477.jpg,221,159,9477,00fe2fe9d232953d28ce28b8143f89f512ae4a53,8eccf8789496ae8c,train
cattle_5745,cattle_5745_DSCF9479.jpg,BeefCattle_Muzzle_Individualized/cattle_5745/cattle_5745_DSCF9479.jpg,220,161,9479,744a6969d5731cedf1ff0ba0bb2d77cf8c340f16,8eccf8709696acac,train
cattle_5745,cattle_5745_DSCF9480.jpg,BeefCattle_Muzzle_Individualized/cattle_5745/cattle_5745_DSCF9480.jpg,224,157,9480,572c805c25bb90a60760e99c4ac44a77a3c613af,8eccf8f0d69694ae,train
cattle_5745,cattle_5745_DSCF9482.jpg,BeefCattle_Muzzle_Individualized/cattle_5745/cattle_5745_DSCF9482.jpg,220,163,9482,58e26cb65f88c370339629dafbddc5f8009637d6,0fcce8789496a4ac,train
cattle_5761,cattle_5761_DSCF7396.jpg,BeefCattle_Muzzle_Individualized/cattle_5761/cattle_5761_DSCF7396.jpg,115,74,7396,bd2d4273827cabe6a19605a38f92049ea6df4c1d,2b8ee86979868e8c,train
cattle_5761,cattle_5761_DSCF7397.jpg,BeefCattle_Muzzle_Individualized/cattle_5761/cattle_5761_DSCF7397.jpg,107,73,7397,bcb552a762e6ddf815b92ea06c77f2cdc33a8e84,afceec787f868ede,train
cattle_5761,cattle_5761_DSCF7398.jpg,BeefCattle_Muzzle_Individualized/cattle_5761/cattle_5761_DSCF7398.jpg,106,70,7398,dcfc87cd6d41f49d7ded9cc3a44a59c217800956,8fece879178e8e9c,train
cattle_5761,cattle_5761_DSCF7399.jpg,BeefCattle_Muzzle_Individualized/cattle_5761/cattle_5761_DSCF7399.jpg,109,73,7399,571ba33e49e59ad66f31e8a3f140527a5a6f3303,afceec783d868ece,train
cattle_5761,cattle_5761_DSCF7413.jpg,BeefCattle_Muzzle_Individualized/cattle_5761/cattle_5761_DSCF7413.jpg,101,74,7413,b3dbc3e09e3c47e43ab5fa886afef3a5f98864dd,2d8ee0e87f868e8f,train
cattle_5761,cattle_5761_DSCF7414.jpg,BeefCattle_Muzzle_Individualized/cattle_5761/cattle_5761_DSCF7414.jpg,103,69,7414,08505fb7048a2aaab66081efebbf814d65bd9d8c,afcee8687f868e8c,train
cattle_5761,cattle_5761_DSCF7415.jpg,BeefCattle_Muzzle_Individualized/cattle_5761/cattle_5761_DSCF7415.jpg,95,76,7415,4bd2f37fd259dc6d6550a238d7aec38fcb2222bb,0b98d8f1058e8e86,train
cattle_5761,cattle_5761_DSCF7416.jpg,BeefCattle_Muzzle_Individualized/cattle_5761/cattle_5761_DSCF7416.jpg,97,73,7416,2531345cc9fe5899064181e215f6a36a4bb87867,8bccd8f8098f8f8a,train
cattle_5761,cattle_5761_DSCF7417.jpg,BeefCattle_Muzzle_Individualized/cattle_5761/cattle_5761_DSCF7417.jpg,100,76,7417,e9e6dd5132e169dd9b1fde93d97606521d1fcc74,2dceec787f8e8e8c,train
cattle_5761,cattle_5761_DSCF7418.jpg,BeefCattle_Muzzle_Individualized/cattle_5761/cattle_5761_DSCF7418.jpg,100,73,7418,308bdfa6fdd5eb1a2bb8fb94a5e695e82c4e186a,2fc6ec687f868e8e,train
cattle_5762,cattle_5762_DSCF7396.jpg,BeefCattle_Muzzle_Individualized/cattle_5762/cattle_5762_DSCF7396.jpg,83,70,7396,0ebf7da94147d2d909484a000e91fbc2f4f4eed9,ccc8e879c8c2d0c0,dev
cattle_5762,cattle_5762_DSCF7397.jpg,BeefCattle_Muzzle_Individualized/cattle_5762/cattle_5762_DSCF7397.jpg,83,73,7397,c2461f1b9fc564ab9fa67b564dad6b679ee5a1d1,cccce87868c2c0c0,dev
cattle_5762,cattle_5762_DSCF7398.jpg,BeefCattle_Muzzle_Individualized/cattle_5762/cattle_5762_DSCF7398.jpg,83,72,7398,f228fd8b93f72c8b66b153ae24feb9d58b5cdb7a,ccec7878c8c2d0e0,dev
cattle_5762,cattle_5762_DSCF7399.jpg,BeefCattle_Muzzle_Individualized/cattle_5762/cattle_5762_DSCF7399.jpg,85,73,7399,0c228cc549d56b3688f646da684d3b0e7517de15,ccec6878e8c2d0c0,dev
cattle_5762,cattle_5762_DSCF7413.jpg,BeefCattle_Muzzle_Individualized/cattle_5762/cattle_5762_DSCF7413.jpg,82,73,7413,48eef2271f70236dcba9e4b5893273a93730b6b2,cccce8e8688ac0c0,dev
cattle_5762,cattle_5762_DSCF7414.jpg,BeefCattle_Muzzle_Individualized/cattle_5762/cattle_5762_DSCF7414.jpg,82,72,7414,ead927aea11228fe078517c5b2edecc904f1c2e4,cccce878d98c90c0,dev
cattle_5762,cattle_5762_DSCF7415.jpg,BeefCattle_Muzzle_Individualized/cattle_5762/cattle_5762_DSCF7415.jpg,80,74,7415,4a75d19c6c9b7f404d199da950ebaa7416a4be1f,ccccc8e8698a80c0,dev
cattle_5774,cattle_5774_DSCF6682.jpg,BeefCattle_Muzzle_Individualized/cattle_5774/cattle_5774_DSCF6682.jpg,119,99,6682,c5e5113f64436aeef3913dc786969b014956a317,68e06171030f391b,dev
cattle_5774,cattle_5774_DSCF6683.jpg,BeefCattle_Muzzle_Individualized/cattle_5774/cattle_5774_DSCF6683.jpg,135,94,6683,0811a0525f521d77bc180d16aafee995054556ee,f8782909410b0b0f,dev
cattle_5774,cattle_5774_DSCF6684.jpg,BeefCattle_Muzzle_Individualized/cattle_5774/cattle_5774_DSCF6684.jpg,130,95,6684,6863d7e2793490409a49b7a48264cf5cb7cbc735,ecd8783941090b0b,dev
cattle_5774,cattle_5774_DSCF6685.jpg,BeefCattle_Muzzle_Individualized/cattle_5774/cattle_5774_DSCF6685.jpg,131,100,6685,2671716f264b2e8eca978ad0ef17bbba3489ed16,ecfc781949091b1f,dev
cattle_5774,cattle_5774_DSCF6686.jpg,BeefCattle_Muzzle_Individualized/cattle_5774/cattle_5774_DSCF6686.jpg,133,95,6686,6769bc81958961643fec4e4dbb1955bbba41e78b,f8d86919410b0b0f,dev
cattle_5774,cattle_5774_DSCF6688.jpg,BeefCattle_Muzzle_Individualized/cattle_5774/cattle_5774_DSCF6688.jpg,133,98,6688,a4e7f8447ce1c4e9fec9215a9d0d513597685d09,e8d87909410b0b0f,dev
cattle_5774,cattle_5774_DSCF6689.jpg,BeefCattle_Muzzle_Individualized/cattle_5774/cattle_5774_DSCF6689.jpg,114,93,6689,0eeedc84a7f985179b35f5ccd604e88957b25f6b,b4ec7c2440450507,dev
cattle_5774,cattle_5774_DSCF6691.jpg,BeefCattle_Muzzle_Individualized/cattle_5774/cattle_5774_DSCF6691.jpg,133,97,6691,1e3040db2810c2b4e7443c9e8270bc5ddfd711e8,e8787911031f1f17,dev
cattle_5774,cattle_5774_DSCF6696.jpg,BeefCattle_Muzzle_Individualized/cattle_5774/cattle_5774_DSCF6696.jpg,142,99,6696,944dd317d027b7c3082de588848be147bea4aa57,e8f87931030f1f1f,dev
cattle_5774,cattle_5774_DSCF6697.jpg,BeefCattle_Muzzle_Individualized/cattle_5774/cattle_5774_DSCF6697.jpg,136,95,6697,1237bada024b9472483ff8e3f29a4add5591bf40,f8787911010f1b1f,dev
cattle_5774,cattle_5774_DSCF6698.jpg,BeefCattle_Muzzle_Individualized/cattle_5774/cattle_5774_DSCF6698.jpg,225,147,6698,6bd2d452806d06d6b1033cbfb82b47ea0c4f9fa6,f0787911010f0f0f,dev
cattle_5777,cattle_5777_DSCF7921.jpg,BeefCattle_Muzzle_Individualized/cattle_5777/cattle_5777_DSCF7921.jpg,539,423,7921,127f12f62c0c5f8e454b4146f453e1af0261d7ec,09d8f8f17024ae8c,train
cattle_5777,cattle_5777_DSCF7922.jpg,BeefCattle_Muzzle_Individualized/cattle_5777/cattle_5777_DSCF7922.jpg,522,392,7922,4d52fce84c64b4d167b1d3c7a229bd552329ff6c,08d8f8f07034a68e,train
cattle_5777,cattle_5777_DSCF7923.jpg,BeefCattle_Muzzle_Individualized/cattle_5777/cattle_5777_DSCF7923.jpg,533,409,7923,146a7c00bde8266de2eaa5ec779d2ecc4dba74e9,89d0f8e16020eccc,train
cattle_5777,cattle_5777_DSCF7924.jpg,BeefCattle_Muzzle_Individualized/cattle_5777/cattle_5777_DSCF7924.jpg,535,406,7924,6b683f639a59984e995f1d6927c6cd395b730d32,89d0f8e17020ee8c,train
cattle_5777,cattle_5777_DSCF7925.jpg,BeefCattle_Muzzle_Individualized/cattle_5777/cattle_5777_DSCF7925.jpg,533,398,7925,b18e6cfbf34b157a7aba87ae4c3bd9c7cfe57db5,89d8f8707034e68c,train
cattle_5777,cattle_5777_DSCF7926.jpg,BeefCattle_Muzzle_Individualized/cattle_5777/cattle_5777_DSCF7926.jpg,527,399,7926,526b1d09d9a605301b4f301d7a3ee23e3109b086,89d8f8f07024ee8c,train
cattle_5777,cattle_5777_DSCF7928.jpg,BeefCattle_Muzzle_Individualized/cattle_5777/cattle_5777_DSCF7928.jpg,535,405,7928,18509b1a7a047d794123595efd82762f4bd596d3,09d8f8f17020ec8c,train
cattle_5781,cattle_5781_DSCF9222.jpg,BeefCattle_Muzzle_Individualized/cattle_5781/cattle_5781_DSCF9222.jpg,846,571,9222,ff3307f6dc6756920da6ae34abb9ff56d3831219,88f0f161808eb4b4,train
cattle_5781,cattle_5781_DSCF9225.jpg,BeefCattle_Muzzle_Individualized/cattle_5781/cattle_5781_DSCF9225.jpg,839,589,9225,d1f95120603652a3e58995441d188dc439480659,88f0f071c18eb4b4,train
cattle_5781,cattle_5781_DSCF9229.jpg,BeefCattle_Muzzle_Individualized/cattle_5781/cattle_5781_DSCF9229.jpg,842,603,9229,a47f862def9279963a5ee14ec6e89cf170233254,8ae8f071c08e94b0,train
cattle_5781,cattle_5781_DSCF9230.jpg,BeefCattle_Muzzle_Individualized/cattle_5781/cattle_5781_DSCF9230.jpg,839,592,9230,a3d644924d02e9c1613b30967efebc008b52d2cc,88f0f161c08e94b0,train
cattle_5781,cattle_5781_DSCF9233.jpg,BeefCattle_Muzzle_Individualized/cattle_5781/cattle_5781_DSCF9233.jpg,842,607,9233,081f77b2025d4e0e04bd3f58cb14f4e36eb43840,88f0f161808eb0f0,train
cattle_5781,cattle_5781_DSCF9235.jpg,BeefCattle_Muzzle_Individualized/cattle_5781/cattle_5781_DSCF9235.jpg,860,600,9235,d8db580ed7fce8eec05788f9f808e4a5ae101ad9,88f07071c08e90f0,train
cattle_5781,cattle_5781_DSCF9236.jpg,BeefCattle_Muzzle_Individualized/cattle_5781/cattle_5781_DSCF9236.jpg,839,621,9236,84afe25c441011bd9061f361d780adb05c8e39bd,8ae8f061c08eb0f0,train
cattle_5781,cattle_5781_DSCF9237.jpg,BeefCattle_Muzzle_Individualized/cattle_5781/cattle_5781_DSCF9237.jpg,839,589,9237,a31db7b1ea384b446825472cacd8827539072e04,88f0f061c08e92b0,train
cattle_5781,cattle_5781_DSCF9239.jpg,BeefCattle_Muzzle_Individualized/cattle_5781/cattle_5781_DSCF9239.jpg,842,589,9239,4cc1c9288ff1cea6e47b73ed21d8c1cb56e6ad9d,8ae0f071c08e9494,train
cattle_5781,cattle_5781_DSCF9240.jpg,BeefCattle_Muzzle_Individualized/cattle_5781/cattle_5781_DSCF9240.jpg,850,585,9240,c25f743723048f8b46320b04d17d52c2623828f7,88f0f061c08e84b4,train
cattle_5781,cattle_5781_DSCF9244.jpg,BeefCattle_Muzzle_Individualized/cattle_5781/cattle_5781_DSCF9244.jpg,832,571,9244,fac772a91ad1dbd5c6bc69f52b58708e75c213c7,88f0f071c08e96b4,train
cattle_5781,cattle_5781_DSCF9247.jpg,BeefCattle_Muzzle_Individualized/cattle_5781/cattle_5781_DSCF9247.jpg,846,585,9247,30b6490659a8befd8d4207a230606c5692470518,8cf0f1f1808eb4b0,train
cattle_5784,cattle_5784_DSCF9457.jpg,BeefCattle_Muzzle_Individualized/cattle_5784/cattle_5784_DSCF9457.jpg,574,446,9457,6bcf1164378a2efec1a2a236892e66d72c7768af,8eccf0f1f1969698,test
cattle_5784,cattle_5784_DSCF9458.jpg,BeefCattle_Muzzle_Individualized/cattle_5784/cattle_5784_DSCF9458.jpg,536,427,9458,4bdfbd30e0836c8d67025cce1888db27c1532b8c,8ec8f0f190169298,test
cattle_5784,cattle_5784_DSCF9459.jpg,BeefCattle_Muzzle_Individualized/cattle_5784/cattle_5784_DSCF9459.jpg,538,441,9459,b19744f17a90242b5c3e8a18614ddcb7225092f9,8ec8f0f1d0929298,test
cattle_5784,cattle_5784_DSCF9461.jpg,BeefCattle_Muzzle_Individualized/cattle_5784/cattle_5784_DSCF9461.jpg,570,466,9461,f7ad0e1a3c589bac9cef3c9cd85514b991519269,0e8ce0f1f0969280,test
cattle_5784,cattle_5784_DSCF9462.jpg,BeefCattle_Muzzle_Individualized/cattle_5784/cattle_5784_DSCF9462.jpg,541,431,9462,508d11bad15154d48f5dd28ff12918b97850f834,8ec8f0f1313636b8,test
cattle_5784,cattle_5784_DSCF9463.jpg,BeefCattle_Muzzle_Individualized/cattle_5784/cattle_5784_DSCF9463.jpg,541,438,9463,23f8d1aa50fd122bafdc7ae57e2f46557194dbb7,0cc8f0f1213636b8,test
cattle_5784,cattle_5784_DSCF9465.jpg,BeefCattle_Muzzle_Individualized/cattle_5784/cattle_5784_DSCF9465.jpg,557,449,9465,2148f444c9a3264da77c973c6b941f86e84bb555,8ecce0f1d0969298,test
cattle_5784,cattle_5784_DSCF9466.jpg,BeefCattle_Muzzle_Individualized/cattle_5784/cattle_5784_DSCF9466.jpg,552,438,9466,f3ed78fc96c9d74be07e931b69daa2c44d79838c,0cccf0f1a13636b0,test
cattle_5784,cattle_5784_DSCF9468.jpg,BeefCattle_Muzzle_Individualized/cattle_5784/cattle_5784_DSCF9468.jpg,550,474,9468,56c855df2469ae2986521c65654cd44edfe88348,0e8ce0f1d1929288,test
cattle_5784,cattle_5784_DSCF9471.jpg,BeefCattle_Muzzle_Individualized/cattle_5784/cattle_5784_DSCF9471.jpg,566,462,9471,6d4f8a2987a988c4cfb856738bf379644c2a41f4,0ecce0f1d0929ac8,test
cattle_5803,cattle_5803_DSCF7157.jpg,BeefCattle_Muzzle_Individualized/cattle_5803/cattle_5803_DSCF7157.jpg,291,234,7157,b94ccf53183ed53bfba2a5a66dcea956793d86be,0898f0e1698e9efe,train
cattle_5803,cattle_5803_DSCF7158.jpg,BeefCattle_Muzzle_Individualized/cattle_5803/cattle_5803_DSCF7158.jpg,280,231,7158,5d4f2f75f6e155e4eef36b33e9eae231fd68cf94,08b8d0710f8f9ecc,train
cattle_5803,cattle_5803_DSCF7167.jpg,BeefCattle_Muzzle_Individualized/cattle_5803/cattle_5803_DSCF7167.jpg,305,245,7167,ab5e3459b828ec540318f677f2c3d6715ea62827,0d88f0f0148e8ece,train
cattle_5803,cattle_5803_DSCF7169.jpg,BeefCattle_Muzzle_Individualized/cattle_5803/cattle_5803_DSCF7169.jpg,316,266,7169,a28aab800a20a56092adaa978418ea10ee903123,4fa8f0f0668f9ecc,train
cattle_5803,cattle_5803_DSCF7170.jpg,BeefCattle_Muzzle_Individualized/cattle_5803/cattle_5803_DSCF7170.jpg,312,256,7170,6c78055cfd2c0d9ace0adaa1ac15e56d525f2ecc,0da8e0f0769f9fce,train
cattle_5803,cattle_5803_DSCF7171.jpg,BeefCattle_Muzzle_Individualized/cattle_5803/cattle_5803_DSCF7171.jpg,312,259,7171,2d312968186ce6bdcd869f852946fb0c6e3202e2,0da8e0f00e8fdece,train
cattle_5803,cattle_5803_DSCF7172.jpg,BeefCattle_Muzzle_Individualized/cattle_5803/cattle_5803_DSCF7172.jpg,312,259,7172,be6c57bd344a502be053bba3ff930563b3306087,0da8f0f04e8f9ece,train
cattle_5803,cattle_5803_DSCF7173.jpg,BeefCattle_Muzzle_Individualized/cattle_5803/cattle_5803_DSCF7173.jpg,448,374,7173,3ec1f6c4a6348c9bf29577574e6f2f6284292d8e,0da8f8f0468f9fcc,train
cattle_5803,cattle_5803_DSCF7176.jpg,BeefCattle_Muzzle_Individualized/cattle_5803/cattle_5803_DSCF7176.jpg,448,377,7176,d42d609dd9967a6077aab1bf65d87e1d5e453a61,4da8f0f0478f9ecc,train
cattle_5803,cattle_5803_DSCF7181.jpg,BeefCattle_Muzzle_Individualized/cattle_5803/cattle_5803_DSCF7181.jpg,226,188,7181,3f1aa3631a8d86179ab9d1f7c18e8bd6464cbec6,0d88f8f0c58e9ebc,train
cattle_5803,cattle_5803_DSCF7183.jpg,BeefCattle_Muzzle_Individualized/cattle_5803/cattle_5803_DSCF7183.jpg,240,184,7183,9f210aaa0503d5d8c3d25795521bd8c83c1d419c,0f8cf8f0658e9edc,train
cattle_5803,cattle_5803_DSCF7184.jpg,BeefCattle_Muzzle_Individualized/cattle_5803/cattle_5803_DSCF7184.jpg,226,180,7184,b65a6046694735f09911eb2bba9f6c9bf11a8c5a,0d88f8f0e58e9e9e,train
cattle_5804,cattle_5804_DSCF8835.jpg,BeefCattle_Muzzle_Individualized/cattle_5804/cattle_5804_DSCF8835.jpg,441,327,8835,0bdd6f3862f6ca33fb7d2846c5db2b77755d5cc5,8cc8f0f1119312e0,train
cattle_5804,cattle_5804_DSCF8836.jpg,BeefCattle_Muzzle_Individualized/cattle_5804/cattle_5804_DSCF8836.jpg,438,345,8836,ea3ace2157de5ba10044eb7ff8e73c65dd00c5b6,08c8f0f0519312e2,train
cattle_5804,cattle_5804_DSCF8837.jpg,BeefCattle_Muzzle_Individualized/cattle_5804/cattle_5804_DSCF8837.jpg,434,334,8837,c661d4a2812b5798d8f5bc11b7c60ba73150f989,0cc8f070119312e2,train
cattle_5804,cattle_5804_DSCF8840.jpg,BeefCattle_Muzzle_Individualized/cattle_5804/cattle_5804_DSCF8840.jpg,453,349,8840,404291dd7cef81b1c2d7d45760ce55dc4f25205d,08c8f07111939220,train
cattle_5804,cattle_5804_DSCF8841.jpg,BeefCattle_Muzzle_Individualized/cattle_5804/cattle_5804_DSCF8841.jpg,441,337,8841,5bea9aeb726ec31cbb8f54bd40251651124dc238,0c88f07151939262,train
cattle_5804,cattle_5804_DSCF8842.jpg,BeefCattle_Muzzle_Individualized/cattle_5804/cattle_5804_DSCF8842.jpg,439,348,8842,8f84731bbbf47eb4d53eed4e9d91f93f29c83743,0cc0f07111938020,train
cattle_5804,cattle_5804_DSCF8844.jpg,BeefCattle_Muzzle_Individualized/cattle_5804/cattle_5804_DSCF8844.jpg,449,348,8844,65acd0c11d0bfc2edf69e9d51bb4ef399f4ed825,0888f0f1519392e2,train
cattle_5804,cattle_5804_DSCF8846.jpg,BeefCattle_Muzzle_Individualized/cattle_5804/cattle_5804_DSCF8846.jpg,434,345,8846,a3981bcdf2865f050a12cd4ecab0ebd45236dc79,0cc8f070519393a2,train
cattle_5804,cattle_5804_DSCF8848.jpg,BeefCattle_Muzzle_Individualized/cattle_5804/cattle_5804_DSCF8848.jpg,422,340,8848,fb82b97d8347ef90801137c941c9ba2f151c1e06,1c98d0f1519390a0,train
cattle_5804,cattle_5804_DSCF8849.jpg,BeefCattle_Muzzle_Individualized/cattle_5804/cattle_5804_DSCF8849.jpg,427,342,8849,6e0719cb4514ff780b17e7e7f6e571197251cd06,0888f0f1111312e2,train
cattle_5804,cattle_5804_DSCF8850.jpg,BeefCattle_Muzzle_Individualized/cattle_5804/cattle_5804_DSCF8850.jpg,423,324,8850,b85eb21b98ac6efb94178643888daadee4f5f5c5,0cd8f0f1111312e2,train
cattle_5804,cattle_5804_DSCF8851.jpg,BeefCattle_Muzzle_Individualized/cattle_5804/cattle_5804_DSCF8851.jpg,437,345,8851,7649c2e1415be906001d751bf99b58e6c0525d55,4c88f071519383e0,train
cattle_5804,cattle_5804_DSCF8852.jpg,BeefCattle_Muzzle_Individualized/cattle_5804/cattle_5804_DSCF8852.jpg,438,333,8852,2b24d082e7a77df609ffadc577076c5d1f397488,0cc8f071119392a2,train
cattle_5804,cattle_5804_DSCF8853.jpg,BeefCattle_Muzzle_Individualized/cattle_5804/cattle_5804_DSCF8853.jpg,445,341,8853,0d75aa5890c7db1a3deb69aaa4ed6abfb66ab9a3,0cc8f07051938362,train
cattle_5804,cattle_5804_DSCF8855.jpg,BeefCattle_Muzzle_Individualized/cattle_5804/cattle_5804_DSCF8855.jpg,441,360,8855,8b3d599fef152b37655993629d168662fc8e390b,0c8cf0f0519392e2,train
cattle_5804,cattle_5804_DSCF8857.jpg,BeefCattle_Muzzle_Individualized/cattle_5804/cattle_5804_DSCF8857.jpg,453,349,8857,f56a76f3b8eb2eab7f9148e104968bbfbf04010f,0cc8f07151938222,train
cattle_5806,cattle_5806_DSCF7459.jpg,BeefCattle_Muzzle_Individualized/cattle_5806/cattle_5806_DSCF7459.jpg,169,134,7459,9cda9767eb28a07e7a46e55e1bc096bca5e1738c,8ec0f173160204e0,train
cattle_5806,cattle_5806_DSCF7460.jpg,BeefCattle_Muzzle_Individualized/cattle_5806/cattle_5806_DSCF7460.jpg,162,129,7460,360013e268c9db8179454fb3cfaf72a5cd5132a5,8bc8e871131202c4,train
cattle_5806,cattle_5806_DSCF7461.jpg,BeefCattle_Muzzle_Individualized/cattle_5806/cattle_5806_DSCF7461.jpg,158,126,7461,28cd2f3e4658a9808cf8224b3717172a05d87d75,8ac8e071531202cc,train
cattle_5806,cattle_5806_DSCF7462.jpg,BeefCattle_Muzzle_Individualized/cattle_5806/cattle_5806_DSCF7462.jpg,159,131,7462,5d7c9a9c1f32f180d95e024daac96afab5834a28,0e88e071531202cc,train
cattle_5806,cattle_5806_DSCF7463.jpg,BeefCattle_Muzzle_Individualized/cattle_5806/cattle_5806_DSCF7463.jpg,156,129,7463,0386ea2194531b95cddc295f0852b616fdaa5f6e,8bc8f071130302c4,train
cattle_5806,cattle_5806_DSCF7464.jpg,BeefCattle_Muzzle_Individualized/cattle_5806/cattle_5806_DSCF7464.jpg,154,135,7464,ecb511df7a61b0ccbe9800a867baf0132280f6b1,87c8f879130302c6,train
cattle_5806,cattle_5806_DSCF7465.jpg,BeefCattle_Muzzle_Individualized/cattle_5806/cattle_5806_DSCF7465.jpg,152,124,7465,43d75f72d6139bff69d641aa69f3a13618dcf688,85c2e8694b13028c,train
cattle_5806,cattle_5806_DSCF7466.jpg,BeefCattle_Muzzle_Individualized/cattle_5806/cattle_5806_DSCF7466.jpg,159,129,7466,e53654ebce3cfd4c28adc52c9f053ee9d031e65e,86cae8694b1200c4,train
cattle_5806,cattle_5806_DSCF7467.jpg,BeefCattle_Muzzle_Individualized/cattle_5806/cattle_5806_DSCF7467.jpg,169,130,7467,41957dbe420cbf4d2b6732d9cdb1d730404f7316,0a8ae871539202cc,train
cattle_5806,cattle_5806_DSCF7468.jpg,BeefCattle_Muzzle_Individualized/cattle_5806/cattle_5806_DSCF7468.jpg,158,137,7468,85498b381154920b25fa97973c523f74066275eb,87cae879131346c4,train
cattle_5806,cattle_5806_DSCF7470.jpg,BeefCattle_Muzzle_Individualized/cattle_5806/cattle_5806_DSCF7470.jpg,163,126,7470,21ea0a94050a51cfd7d9b543a39b39ac89eea31d,0f8ae07153120244,train
cattle_5806,cattle_5806_DSCF7471.jpg,BeefCattle_Muzzle_Individualized/cattle_5806/cattle_5806_DSCF7471.jpg,164,125,7471,1a4e4523a499e659644ef201162e980343f48c60,0a8ee07153120244,train
cattle_5809,cattle_5809_DSCF9072.jpg,BeefCattle_Muzzle_Individualized/cattle_5809/cattle_5809_DSCF9072.jpg,224,175,9072,57c46971bb16ca15509268e9554ee1e56abd1923,ccccf0f09e9e9a8e,test
cattle_5809,cattle_5809_DSCF9073.jpg,BeefCattle_Muzzle_Individualized/cattle_5809/cattle_5809_DSCF9073.jpg,226,180,9073,7eb50eb9fd2936f3a5fd3a91efefa4dd1d363dbe,4ccce0709e9e9a0e,test
cattle_5809,cattle_5809_DSCF9074.jpg,BeefCattle_Muzzle_Individualized/cattle_5809/cattle_5809_DSCF9074.jpg,211,180,9074,c3981b53a41e233532ab8db3ca86c4b89d8434c5,4dcce0f0f09b9b86,test
cattle_5809,cattle_5809_DSCF9075.jpg,BeefCattle_Muzzle_Individualized/cattle_5809/cattle_5809_DSCF9075.jpg,217,169,9075,610fd93c0a77cf975fec1a3d6e8d9f5d6c5cc585,ceccf070ba9e9a96,test
cattle_5809,cattle_5809_DSCF9076.jpg,BeefCattle_Muzzle_Individualized/cattle_5809/cattle_5809_DSCF9076.jpg,213,170,9076,4280ff2416e570934e62ae16628e67a08032f1b3,ceecf0709e9e9a96,test
cattle_5809,cattle_5809_DSCF9077.jpg,BeefCattle_Muzzle_Individualized/cattle_5809/cattle_5809_DSCF9077.jpg,199,158,9077,677a5674409be1f952da55bdfed633de399fbf50,9890e1e190961218,test
cattle_5809,cattle_5809_DSCF9078.jpg,BeefCattle_Muzzle_Individualized/cattle_5809/cattle_5809_DSCF9078.jpg,190,174,9078,0efcdb2e1e84ec559f005c7c89693695c778dfcc,9898e0e194961a06,test
cattle_5809,cattle_5809_DSCF9079.jpg,BeefCattle_Muzzle_Individualized/cattle_5809/cattle_5809_DSCF9079.jpg,199,165,9079,4a2343d8a7d26b3b87efb7af05c3aab63de4844a,9890e1e18096160c,test
cattle_5809,cattle_5809_DSCF9080.jpg,BeefCattle_Muzzle_Individualized/cattle_5809/cattle_5809_DSCF9080.jpg,188,169,9080,51de6f686ee3e2ecfae2b594c17b444c602edd4f,1890e1e094161a0c,test
cattle_5809,cattle_5809_DSCF9081.jpg,BeefCattle_Muzzle_Individualized/cattle_5809/cattle_5809_DSCF9081.jpg,186,162,9081,e9a48d560c9f8f0a31f86be6a0627eb460ecf3dc,9898f0e094961a0e,test
cattle_5809,cattle_5809_DSCF9083.jpg,BeefCattle_Muzzle_Individualized/cattle_5809/cattle_5809_DSCF9083.jpg,208,169,9083,f3481eef0fda2535f44cb0264a1c6bb8360d7daa,8cc8f0f0969a9ac6,test
cattle_5809,cattle_5809_DSCF9084.jpg,BeefCattle_Muzzle_Individualized/cattle_5809/cattle_5809_DSCF9084.jpg,208,172,9084,302a63d789c7d08e4cad0e76bca80122153f2315,8cccf0f0969e928e,test
cattle_5809,cattle_5809_DSCF9085.jpg,BeefCattle_Muzzle_Individualized/cattle_5809/cattle_5809_DSCF9085.jpg,224,170,9085,8feee1c19ed572d1265007118d5425f6be503d7a,8cccf0f0909e3634,test
cattle_5809,cattle_5809_DSCF9086.jpg,BeefCattle_Muzzle_Individualized/cattle_5809/cattle_5809_DSCF9086.jpg,225,170,9086,9195753498932627bf421b9a6f75f642ad8ec97a,8cc8f1f0949e9696,test
cattle_5809,cattle_5809_DSCF9087.jpg,BeefCattle_Muzzle_Individualized/cattle_5809/cattle_5809_DSCF9087.jpg,217,178,9087,713992789a32bb846daa04ec4929f24f8cda9128,88ccf0f090963696,test
cattle_5809,cattle_5809_DSCF9094.jpg,BeefCattle_Muzzle_Individualized/cattle_5809/cattle_5809_DSCF9094.jpg,212,177,9094,d89068579d45f7db7fb426887e57a38b01bbeec0,9898f1e194961216,test
cattle_5809,cattle_5809_DSCF9095.jpg,BeefCattle_Muzzle_Individualized/cattle_5809/cattle_5809_DSCF9095.jpg,212,170,9095,d9dc00b870d49cef71570fcde3979eb2c92c3d6f,9898e1e1909e1210,test
cattle_5809,cattle_5809_DSCF9096.jpg,BeefCattle_Muzzle_Individualized/cattle_5809/cattle_5809_DSCF9096.jpg,197,173,9096,b3b805a0c63d4527899d72ef86627b2ac046c08b,9898f0e1909e1a06,test
cattle_5809,cattle_5809_DSCF9097.jpg,BeefCattle_Muzzle_Individualized/cattle_5809/cattle_5809_DSCF9097.jpg,206,169,9097,151dbc51136b65346c6163831b6c6378eeecfa68,9898f1e0949e1a12,test
cattle_5809,cattle_5809_DSCF9099.jpg,BeefCattle_Muzzle_Individualized/cattle_5809/cattle_5809_DSCF9099.jpg,201,171,9099,15c4639c35e68684c6e01314ace2fffc51b73f4a,9898e1e19496120e,test
cattle_5809,cattle_5809_DSCF9100.jpg,BeefCattle_Muzzle_Individualized/cattle_5809/cattle_5809_DSCF9100.jpg,202,176,9100,7e9c2f348e2d17707494e52788361419b8ef61bc,9898e1e1949e1a1a,test
cattle_5815,cattle_5815_DSCF7729.jpg,BeefCattle_Muzzle_Individualized/cattle_5815/cattle_5815_DSCF7729.jpg,258,190,7729,58c8db7ddfb54ebadcb1260088f6f03313256a23,8fccf878519b9f8e,test
cattle_5815,cattle_5815_DSCF7731.jpg,BeefCattle_Muzzle_Individualized/cattle_5815/cattle_5815_DSCF7731.jpg,261,194,7731,6c497d6b6d7b2cf698822214c5667c7ff4afdf91,0eccf071719b9f8e,test
cattle_5815,cattle_5815_DSCF7733.jpg,BeefCattle_Muzzle_Individualized/cattle_5815/cattle_5815_DSCF7733.jpg,256,206,7733,78a8bd28aa924a25f4c120cfa2e9cd41fa6dfe0e,4f8cf070719b9f8e,test
cattle_5815,cattle_5815_DSCF7736.jpg,BeefCattle_Muzzle_Individualized/cattle_5815/cattle_5815_DSCF7736.jpg,260,200,7736,80cd2d91ecf5169904f84a5869c8ca890a82d922,0fccf871119f9b8e,test
cattle_5815,cattle_5815_DSCF7739.jpg,BeefCattle_Muzzle_Individualized/cattle_5815/cattle_5815_DSCF7739.jpg,258,196,7739,a7953401b392fe103af90702f19fa66da3d2d7ac,0fd8f071119f9a8e,test
cattle_5815,cattle_5815_DSCF7740.jpg,BeefCattle_Muzzle_Individualized/cattle_5815/cattle_5815_DSCF7740.jpg,266,198,7740,98a994658244dd32a91815716f76cadcdc2ff3e9,8fdcf071519f9e8e,test
cattle_5815,cattle_5815_DSCF7741.jpg,BeefCattle_Muzzle_Individualized/cattle_5815/cattle_5815_DSCF7741.jpg,265,198,7741,7a3a8f28c69b6de89a82a385c6049850abeb79d9,0fdcf07171969e8e,test
cattle_5816,cattle_5816_DSCF7729.jpg,BeefCattle_Muzzle_Individualized/cattle_5816/cattle_5816_DSCF7729.jpg,217,160,7729,4abd519547633e68f9b55836e4d0449e7c83fa72,e0e0e8f8989a8290,train
cattle_5816,cattle_5816_DSCF7730.jpg,BeefCattle_Muzzle_Individualized/cattle_5816/cattle_5816_DSCF7730.jpg,214,157,7730,0f0548af2a3ce5e0115d8bde7708dacb11ddac38,c0e0f0f99196a6b6,train
cattle_5816,cattle_5816_DSCF7731.jpg,BeefCattle_Muzzle_Individualized/cattle_5816/cattle_5816_DSCF7731.jpg,179,162,7731,7b02d2134bcf7e1566b46e5b9fb2eb12bcc3d7ed,8490f1713606221c,train
cattle_5816,cattle_5816_DSCF7737.jpg,BeefCattle_Muzzle_Individualized/cattle_5816/cattle_5816_DSCF7737.jpg,209,156,7737,8f6bf1418d97a56bba1141d7787c7ec5a4ef1b41,f0f2f47ccccec3d2,train
cattle_5816,cattle_5816_DSCF7738.jpg,BeefCattle_Muzzle_Individualized/cattle_5816/cattle_5816_DSCF7738.jpg,202,156,7738,a3e349610ff304436d1f8878310ec74b700b7818,e0e0f0f8e8c2c180,train
cattle_5816,cattle_5816_DSCF7739.jpg,BeefCattle_Muzzle_Individualized/cattle_5816/cattle_5816_DSCF7739.jpg,218,162,7739,8780973d38e9ae09a65fc036469d8eeb24054e03,c0c4e0f192968282,train
cattle_5816,cattle_5816_DSCF7741.jpg,BeefCattle_Muzzle_Individualized/cattle_5816/cattle_5816_DSCF7741.jpg,225,173,7741,c96e97202876696122baffa0d7859bf102ffabcd,c0c4f8f99a828286,train
cattle_5816,cattle_5816_DSCF7742.jpg,BeefCattle_Muzzle_Individualized/cattle_5816/cattle_5816_DSCF7742.jpg,226,172,7742,fc59c1308aca07ca11dd349431be73544bcc0276,e0e0e878da8381c2,train
cattle_5836,cattle_5836_DSCF0674.jpg,BeefCattle_Muzzle_Individualized/cattle_5836/cattle_5836_DSCF0674.jpg,721,554,674,cd79acfe7a043bab87677d5f76ceb872e228e389,2f8ee8f070d0c0ce,train
cattle_5836,cattle_5836_DSCF0675.jpg,BeefCattle_Muzzle_Individualized/cattle_5836/cattle_5836_DSCF0675.jpg,711,538,675,571c82ea8410b16840a2c918cf83ad5a527849af,0f8ce8f170c8c0ce,train
cattle_5836,cattle_5836_DSCF0676.jpg,BeefCattle_Muzzle_Individualized/cattle_5836/cattle_5836_DSCF0676.jpg,711,525,676,40ae739871d9b9ff337212a3d1a99fa9f3e4babf,0fcce8f171d8c2ce,train
cattle_5836,cattle_5836_DSCF0677.jpg,BeefCattle_Muzzle_Individualized/cattle_5836/cattle_5836_DSCF0677.jpg,702,538,677,b75407455c01731e6ac90271ff06b8f66860d32a,0f8ce8f1f198c2ce,train
cattle_5836,cattle_5836_DSCF0678.jpg,BeefCattle_Muzzle_Individualized/cattle_5836/cattle_5836_DSCF0678.jpg,718,538,678,0c8b41889ce03ad0bea82f8ffd63798682a5ef00,0f8ce8f171d0d4cc,train
cattle_5836,cattle_5836_DSCF0681.jpg,BeefCattle_Muzzle_Individualized/cattle_5836/cattle_5836_DSCF0681.jpg,705,531,681,bb212e5809621adfab63b26baedb573396d5357b,0f8ce8f1f1d8c4cc,train
cattle_5836,cattle_5836_DSCF0682.jpg,BeefCattle_Muzzle_Individualized/cattle_5836/cattle_5836_DSCF0682.jpg,705,528,682,15cd2f5729668055323ec865a3940481861744ae,0fcce871f0d2c2ce,train
cattle_5836,cattle_5836_DSCF0683.jpg,BeefCattle_Muzzle_Individualized/cattle_5836/cattle_5836_DSCF0683.jpg,705,525,683,cf6ec28bd1a1daa69dc21bf11c013f6dceffe8a8,0f8ce8f170dac6cc,train
cattle_5836,cattle_5836_DSCF0684.jpg,BeefCattle_Muzzle_Individualized/cattle_5836/cattle_5836_DSCF0684.jpg,766,573,684,ca1577d4aaee5f727195e58b8f2fc62a47596450,0f8ee87070c8c4cc,train
cattle_5836,cattle_5836_DSCF0687.jpg,BeefCattle_Muzzle_Individualized/cattle_5836/cattle_5836_DSCF0687.jpg,744,567,687,c36961abe544ec1c6edc0db9b68a6fcfdaea42ea,0f8ce8f1f0d4c4cc,train
cattle_5836,cattle_5836_DSCF0688.jpg,BeefCattle_Muzzle_Individualized/cattle_5836/cattle_5836_DSCF0688.jpg,753,547,688,8856f2eacc2d98033d531730b627bebc7fd8341e,0fcce8f170c0c4cc,train
cattle_5836,cattle_5836_DSCF0690.jpg,BeefCattle_Muzzle_Individualized/cattle_5836/cattle_5836_DSCF0690.jpg,776,573,690,d455e41f06ad3f4006b7e3c1b1826f5c59465a23,0f8ee8f171e0c4cc,train
cattle_5844,cattle_5844_DSCF0161.jpg,BeefCattle_Muzzle_Individualized/cattle_5844/cattle_5844_DSCF0161.jpg,327,236,161,075c12e6bc862ff0cf37c982bbab6ffcf6033d94,0890e071858690c0,dev
cattle_5844,cattle_5844_DSCF0162.jpg,BeefCattle_Muzzle_Individualized/cattle_5844/cattle_5844_DSCF0162.jpg,323,247,162,f5b5c9b12351d01e732306956baac5c9a13d2134,0890e0710986d0c4,dev
cattle_5844,cattle_5844_DSCF0163.jpg,BeefCattle_Muzzle_Individualized/cattle_5844/cattle_5844_DSCF0163.jpg,304,231,163,3da23f2be11d54adb419424b1dd8fbc8ef2e29dd,2890f0710d86d0c2,dev
cattle_5844,cattle_5844_DSCF0164.jpg,BeefCattle_Muzzle_Individualized/cattle_5844/cattle_5844_DSCF0164.jpg,314,234,164,64e8cf6af1a80e809c6f4cf1635a13004ba1fe78,0880f0718586f0c6,dev
cattle_5844,cattle_5844_DSCF0165.jpg,BeefCattle_Muzzle_Individualized/cattle_5844/cattle_5844_DSCF0165.jpg,311,231,165,a98e71767a614f0aecf4245a0934c22233ba16cb,28e0f0718586f0c6,dev
cattle_5844,cattle_5844_DSCF0166.jpg,BeefCattle_Muzzle_Individualized/cattle_5844/cattle_5844_DSCF0166.jpg,333,237,166,dd280c2508a0a1958b2a7a7a400ba0857817b9ca,2890f1718d86f0c4,dev
cattle_5844,cattle_5844_DSCF0167.jpg,BeefCattle_Muzzle_Individualized/cattle_5844/cattle_5844_DSCF0167.jpg,307,231,167,3fcef6d0897c98b27ae81cdf2ad4893fa71ffc62,28b0e0710d8690c2,dev
cattle_5844,cattle_5844_DSCF0170.jpg,BeefCattle_Muzzle_Individualized/cattle_5844/cattle_5844_DSCF0170.jpg,314,231,170,0ecafa95a7c78c94c63883299cbde645eb8411e0,0890e060898692d2,dev
cattle_5844,cattle_5844_DSCF0173.jpg,BeefCattle_Muzzle_Individualized/cattle_5844/cattle_5844_DSCF0173.jpg,317,240,173,288c3d0436bee800d9d2074175236e62c41bca58,0890e0618586d0c2,dev
cattle_5844,cattle_5844_DSCF0174.jpg,BeefCattle_Muzzle_Individualized/cattle_5844/cattle_5844_DSCF0174.jpg,320,240,174,f8b9227c72fc84350d8fedd5c3f9189ec24d9fa5,0890e0618186d0c4,dev
cattle_5844,cattle_5844_DSCF0175.jpg,BeefCattle_Muzzle_Individualized/cattle_5844/cattle_5844_DSCF0175.jpg,320,237,175,7c705027064f11d77b7b4778e3223b83887ac3df,0890e061818694d0,dev
cattle_5844,cattle_5844_DSCF0176.jpg,BeefCattle_Muzzle_Individualized/cattle_5844/cattle_5844_DSCF0176.jpg,314,224,176,7bf651b798529b9341bc04acb43890008271853c,2890f071858690d2,dev
cattle_5844,cattle_5844_DSCF0177.jpg,BeefCattle_Muzzle_Individualized/cattle_5844/cattle_5844_DSCF0177.jpg,307,231,177,6dc70cc712b3b55fb27c4f49d5c0010c7c8ecbf4,0890f070858692d2,dev
cattle_5844,cattle_5844_DSCF0178.jpg,BeefCattle_Muzzle_Individualized/cattle_5844/cattle_5844_DSCF0178.jpg,320,237,178,2987cc9d7dbb72f0ab954a203d9f2543932813f8,0890e0718986d0c8,dev
cattle_5844,cattle_5844_DSCF0179.jpg,BeefCattle_Muzzle_Individualized/cattle_5844/cattle_5844_DSCF0179.jpg,304,247,179,dc73b067a9d6d1c14372540305e19147d7287cbe,0830e0f1098ea0c6,dev
cattle_5844,cattle_5844_DSCF0180.jpg,BeefCattle_Muzzle_Individualized/cattle_5844/cattle_5844_DSCF0180.jpg,304,237,180,26151461fb74456ae9e358709d3568757c770c75,38a0e0f1098ea086,dev
cattle_5844,cattle_5844_DSCF0181.jpg,BeefCattle_Muzzle_Individualized/cattle_5844/cattle_5844_DSCF0181.jpg,307,237,181,2f2130918160b3e72af43be2971b21ac3c8b940e,28a0e071098ee0c6,dev
cattle_5844,cattle_5844_DSCF0182.jpg,BeefCattle_Muzzle_Individualized/cattle_5844/cattle_5844_DSCF0182.jpg,311,234,182,adc44efbfd281c33e6fb2e1b2463fe8ac59801ee,2880e0710d8e90c4,dev
cattle_5844,cattle_5844_DSCF0184.jpg,BeefCattle_Muzzle_Individualized/cattle_5844/cattle_5844_DSCF0184.jpg,311,243,184,814760bc4b35e10ac18af5b2d8b34181e2720a4d,0810f0718d86d0c2,dev
cattle_5844,cattle_5844_DSCF0185.jpg,BeefCattle_Muzzle_Individualized/cattle_5844/cattle_5844_DSCF0185.jpg,307,237,185,016a1c1bcf6f1f92aee4e7c1f49ea9a8c8cb5140,0810f0710986a0c2,dev
cattle_5844,cattle_5844_DSCF0186.jpg,BeefCattle_Muzzle_Individualized/cattle_5844/cattle_5844_DSCF0186.jpg,307,234,186,9fade1f35b823603a92d1da9a9c7c1f6d2b2e97d,0890f071818690c2,dev
cattle_5844,cattle_5844_DSCF0187.jpg,BeefCattle_Muzzle_Individualized/cattle_5844/cattle_5844_DSCF0187.jpg,317,227,187,0fda9e252205b8919c0d16694e72d5ff0774d3be,0890f071898e80d0,dev
cattle_5844,cattle_5844_DSCF0188.jpg,BeefCattle_Muzzle_Individualized/cattle_5844/cattle_5844_DSCF0188.jpg,323,250,188,ce5b15232b4f5ae2cec1302f51558c9083d4bb66,0890f0718986f0c6,dev
cattle_5844,cattle_5844_DSCF0189.jpg,BeefCattle_Muzzle_Individualized/cattle_5844/cattle_5844_DSCF0189.jpg,317,240,189,d42950fc84b56a7babbc3210c680d55465a94984,0800d071018e80c0,dev
cattle_5844,cattle_5844_DSCF0190.jpg,BeefCattle_Muzzle_Individualized/cattle_5844/cattle_5844_DSCF0190.jpg,307,247,190,bd17b05559eff49bce346f3a313f1e62858c0335,0800d0718986d0c2,dev
cattle_5886,cattle_5886_DSCF0723.jpg,BeefCattle_Muzzle_Individualized/cattle_5886/cattle_5886_DSCF0723.jpg,605,468,723,bb10c25c804a1dcbea34408cc342bc92377bfaea,e7e6707177d6f7f5,train
cattle_5886,cattle_5886_DSCF0724.jpg,BeefCattle_Muzzle_Individualized/cattle_5886/cattle_5886_DSCF0724.jpg,604,457,724,0606a2e1564a2883a3a132176c3eb64bcd02aa9a,e7e270797796f7f5,train
cattle_5886,cattle_5886_DSCF0725.jpg,BeefCattle_Muzzle_Individualized/cattle_5886/cattle_5886_DSCF0725.jpg,595,457,725,0fd7b2465369cdf33dc3a9a6aa93285569579b71,c7e770707796e7e9,train
cattle_5886,cattle_5886_DSCF0726.jpg,BeefCattle_Muzzle_Individualized/cattle_5886/cattle_5886_DSCF0726.jpg,590,463,726,2b4ac2f225e6b2ce31955727cfdc9661c0537604,e7e6f07077d6d6fd,train
cattle_5886,cattle_5886_DSCF0729.jpg,BeefCattle_Muzzle_Individualized/cattle_5886/cattle_5886_DSCF0729.jpg,569,468,729,0358187a2c5d0fadde1c6d5ebed0482af5e9d991,c7e6f070f796f7e1,train
cattle_5886,cattle_5886_DSCF0730.jpg,BeefCattle_Muzzle_Individualized/cattle_5886/cattle_5886_DSCF0730.jpg,612,475,730,84ce618c2a4a446e644736f7c41f809d36e69d13,c7e6f0717696f5f5,train
cattle_5886,cattle_5886_DSCF0731.jpg,BeefCattle_Muzzle_Individualized/cattle_5886/cattle_5886_DSCF0731.jpg,579,466,731,34635ded633361237f9223e2e623b5ffc44381d3,efc6f070f796f6f8,train
cattle_5886,cattle_5886_DSCF0733.jpg,BeefCattle_Muzzle_Individualized/cattle_5886/cattle_5886_DSCF0733.jpg,609,467,733,68bf7d5d3cae3a9639fc5a44bbc9b392a65836e9,0edce0715496f8f0,train
cattle_5886,cattle_5886_DSCF0734.jpg,BeefCattle_Muzzle_Individualized/cattle_5886/cattle_5886_DSCF0734.jpg,601,463,734,2c861fadb6a4c015607f1d49ba0ec1c0090f3fcb,8fd4e0719496f2f0,train
cattle_5886,cattle_5886_DSCF0735.jpg,BeefCattle_Muzzle_Individualized/cattle_5886/cattle_5886_DSCF0735.jpg,605,466,735,532f3b5c0005267f6ab645c9dae196683deafc7f,0fcce0616496f2f0,train
cattle_5886,cattle_5886_DSCF0736.jpg,BeefCattle_Muzzle_Individualized/cattle_5886/cattle_5886_DSCF0736.jpg,582,470,736,a82d0dae2e3c52569c0d3f098e06e158e0c63851,0fcee0e0c496f2f0,train
cattle_5886,cattle_5886_DSCF0737.jpg,BeefCattle_Muzzle_Individualized/cattle_5886/cattle_5886_DSCF0737.jpg,595,483,737,ef0c77d20bc9372197a85f358d4018c57ea014d8,0e9ee0e16d96f2b0,train
cattle_5886,cattle_5886_DSCF0738.jpg,BeefCattle_Muzzle_Individualized/cattle_5886/cattle_5886_DSCF0738.jpg,585,473,738,272d4989fbac2223d9e805d9956016149483da1d,0f9ee0e12586b2b0,train
cattle_5886,cattle_5886_DSCF0739.jpg,BeefCattle_Muzzle_Individualized/cattle_5886/cattle_5886_DSCF0739.jpg,576,470,739,1e3eb886eda5c37f077139c5491cf3d9edba0da7,1f9ee0e12ca6b2b0,train
cattle_5886,cattle_5886_DSCF0741.jpg,BeefCattle_Muzzle_Individualized/cattle_5886/cattle_5886_DSCF0741.jpg,611,486,741,c8cfe1c6c520b1bfa2dada3abaa819489af3befb,0f9ce0e10d96f8f0,train
cattle_5886,cattle_5886_DSCF0742.jpg,BeefCattle_Muzzle_Individualized/cattle_5886/cattle_5886_DSCF0742.jpg,601,470,742,ee736f04f12999e04fd40fe9e2b2aad559b83f3e,1edce0e1ad96f8f0,train
cattle_5886,cattle_5886_DSCF0743.jpg,BeefCattle_Muzzle_Individualized/cattle_5886/cattle_5886_DSCF0743.jpg,588,466,743,402d607f3481c4383f0dabf65418bf9277a30912,1f9ce0e18c96b2f8,train
cattle_5886,cattle_5886_DSCF0746.jpg,BeefCattle_Muzzle_Individualized/cattle_5886/cattle_5886_DSCF0746.jpg,579,466,746,ee4693960b546b5832fc0b3c8e3e6ad231c0475c,1e9ce0e12986b6f8,train
cattle_5886,cattle_5886_DSCF0747.jpg,BeefCattle_Muzzle_Individualized/cattle_5886/cattle_5886_DSCF0747.jpg,582,463,747,84cf896f5f7d8d4c02e3f46f3a087b4545a56fb5,1e98e0618c96f8f8,train
cattle_5925,cattle_5925_DSCF6909.jpg,BeefCattle_Muzzle_Individualized/cattle_5925/cattle_5925_DSCF6909.jpg,281,190,6909,b7799dce957425ea9ed9342d9f35ab3d725b2ff4,0bf0e07090c4e0ec,train
cattle_5925,cattle_5925_DSCF6910.jpg,BeefCattle_Muzzle_Individualized/cattle_5925/cattle_5925_DSCF6910.jpg,331,260,6910,15cf112d727c2a2da8027da47cbeb32379742b4d,8fc7e07070f4ecec,train
cattle_5925,cattle_5925_DSCF6911.jpg,BeefCattle_Muzzle_Individualized/cattle_5925/cattle_5925_DSCF6911.jpg,348,266,6911,19437d8adb9f2eca1c11ad445a826c87c47f6a62,8bcce8e8e9e4e6d6,train
cattle_5925,cattle_5925_DSCF6912.jpg,BeefCattle_Muzzle_Individualized/cattle_5925/cattle_5925_DSCF6912.jpg,352,241,6912,7a81b4586074f5be7fe8143df60efdbcc03658d3,4feeecececedf6f4,train
cattle_5932,cattle_5932_DSCF0636.jpg,BeefCattle_Muzzle_Individualized/cattle_5932/cattle_5932_DSCF0636.jpg,260,202,636,aa9c32608ff233c00b29a4988e2a82bc61053a77,8ec6f871be8eccc4,train
cattle_5932,cattle_5932_DSCF0640.jpg,BeefCattle_Muzzle_Individualized/cattle_5932/cattle_5932_DSCF0640.jpg,259,218,640,c78db29abb661bcf5a549660802d11e3c1af2162,ce86ec713e8eccc4,train
cattle_5932,cattle_5932_DSCF0641.jpg,BeefCattle_Muzzle_Individualized/cattle_5932/cattle_5932_DSCF0641.jpg,262,198,641,c6c13e01f3a36383d4b96fbbff1eb5b5c698b88b,8ec6fc713e9ecec4,train
cattle_5932,cattle_5932_DSCF0644.jpg,BeefCattle_Muzzle_Individualized/cattle_5932/cattle_5932_DSCF0644.jpg,259,208,644,a893e5a0d5664517e214e7c43516f6dfb5314f99,ce8eec7079becec4,train
cattle_5932,cattle_5932_DSCF0647.jpg,BeefCattle_Muzzle_Individualized/cattle_5932/cattle_5932_DSCF0647.jpg,259,211,647,2e3bd6488df4ea669f34770e2850004eecbba3d0,8e86e8713c8eccc4,train
cattle_5932,cattle_5932_DSCF0648.jpg,BeefCattle_Muzzle_Individualized/cattle_5932/cattle_5932_DSCF0648.jpg,265,208,648,7e6813d4a76d23e9793c00907aaff3f21258c8cc,8ec6f0713e8ecccc,train
cattle_5932,cattle_5932_DSCF0652.jpg,BeefCattle_Muzzle_Individualized/cattle_5932/cattle_5932_DSCF0652.jpg,259,195,652,b52c02e2c1db2b3e16f1e424f51092fe98cfef0c,8e86ec71792ececc,train
cattle_5932,cattle_5932_DSCF0653.jpg,BeefCattle_Muzzle_Individualized/cattle_5932/cattle_5932_DSCF0653.jpg,259,201,653,dab1feeb15acc69744beaac44886b849a0292c56,8ec6f4703d9ecec4,train
cattle_5932,cattle_5932_DSCF0655.jpg,BeefCattle_Muzzle_Individualized/cattle_5932/cattle_5932_DSCF0655.jpg,269,205,655,13d3701537676066aaa8756cf7aaf648bc38e34e,cec6e4717d8eccc4,train
cattle_5932,cattle_5932_DSCF0656.jpg,BeefCattle_Muzzle_Individualized/cattle_5932/cattle_5932_DSCF0656.jpg,262,198,656,10278c905d4c47be2cd3438b0c4a439ed0f71648,e7e6f4787696ccf1,train
cattle_5932,cattle_5932_DSCF0657.jpg,BeefCattle_Muzzle_Individualized/cattle_5932/cattle_5932_DSCF0657.jpg,246,205,657,e73d8e2ad07e68194eaf751937a29ecb2bd140f0,e7c7f47036becc91,train
cattle_5932,cattle_5932_DSCF0658.jpg,BeefCattle_Muzzle_Individualized/cattle_5932/cattle_5932_DSCF0658.jpg,246,201,658,b8fd7277c44003abb73dee8837d3e3a988698e75,e7c7f67876beccd9,train
cattle_5932,cattle_5932_DSCF0660.jpg,BeefCattle_Muzzle_Individualized/cattle_5932/cattle_5932_DSCF0660.jpg,249,201,660,616ddd80c0b18acf665c3c593a52cbaca6356fd3,e6c6f678369ecc99,train
cattle_5932,cattle_5932_DSCF0661.jpg,BeefCattle_Muzzle_Individualized/cattle_5932/cattle_5932_DSCF0661.jpg,249,205,661,1c83020bee0a96fb02f9f298583c8c49fdba0323,e7e7f478369ecc89,train
cattle_5932,cattle_5932_DSCF0662.jpg,BeefCattle_Muzzle_Individualized/cattle_5932/cattle_5932_DSCF0662.jpg,249,198,662,4a06d2cf35368bfe1ab6dbb58ab41e43b294af74,e7e7f278369ecccd,train
cattle_5932,cattle_5932_DSCF0663.jpg,BeefCattle_Muzzle_Individualized/cattle_5932/cattle_5932_DSCF0663.jpg,249,198,663,bc6666550158263722bb72e71ca8f7841d495934,c6e6f470369ecdcd,train
cattle_5932,cattle_5932_DSCF0664.jpg,BeefCattle_Muzzle_Individualized/cattle_5932/cattle_5932_DSCF0664.jpg,246,192,664,621fb7913ad5267bf76a44ae95a6b4105c3bfb90,c7e6f47836becccd,train
cattle_5932,cattle_5932_DSCF0665.jpg,BeefCattle_Muzzle_Individualized/cattle_5932/cattle_5932_DSCF0665.jpg,233,208,665,87884fac934ce4b5b6904797785c064ea335bdbe,e6e7f2787e96cc85,train
cattle_5932,cattle_5932_DSCF0667.jpg,BeefCattle_Muzzle_Individualized/cattle_5932/cattle_5932_DSCF0667.jpg,230,201,667,711a77b93f1eecfa20e07792ef07ca70b5501934,f7e3fa787a96e4c5,train
cattle_5932,cattle_5932_DSCF0668.jpg,BeefCattle_Muzzle_Individualized/cattle_5932/cattle_5932_DSCF0668.jpg,227,192,668,a897c5fdc4cf9579a4bd2cb78b2b4a48edf424e5,f7e3f2787e96eecc,train
cattle_5932,cattle_5932_DSCF0669.jpg,BeefCattle_Muzzle_Individualized/cattle_5932/cattle_5932_DSCF0669.jpg,227,192,669,74f74d7d986b6db73f0c16dfbe2fce7479842f9a,c7e3f07876b6cccd,train
cattle_5932,cattle_5932_DSCF0670.jpg,BeefCattle_Muzzle_Individualized/cattle_5932/cattle_5932_DSCF0670.jpg,236,192,670,af7602dfb58a9b10013cfc760d2904ab4204e017,e7e3fa783e96e4c5,train
cattle_5932,cattle_5932_DSCF0671.jpg,BeefCattle_Muzzle_Individualized/cattle_5932/cattle_5932_DSCF0671.jpg,230,205,671,3dea18de459cd1cfd45cfcf9c45546a1d9e90a07,e7e3f87a36a6cc95,train
cattle_5932,cattle_5932_DSCF0672.jpg,BeefCattle_Muzzle_Individualized/cattle_5932/cattle_5932_DSCF0672.jpg,233,172,672,c4015990c82a2927f8de053e0bf077709f221a6b,c7f3f0787e96e6cc,train
cattle_5932,cattle_5932_DSCF0673.jpg,BeefCattle_Muzzle_Individualized/cattle_5932/cattle_5932_DSCF0673.jpg,227,185,673,6b34b30b12f48af47288217b7b920a5e9ce1d0a2,c7e3f2787e96cec4,train
cattle_5953,cattle_5953_DSCF1167.jpg,BeefCattle_Muzzle_Individualized/cattle_5953/cattle_5953_DSCF1167.jpg,550,460,1167,72dbd0e86ef5b2afe839b26aa92f835081501ad1,c7e6f0705e8ec6c6,test
cattle_5953,cattle_5953_DSCF1168.jpg,BeefCattle_Muzzle_Individualized/cattle_5953/cattle_5953_DSCF1168.jpg,556,459,1168,8f64aaebe8bd0a03c2f3a8d83560a545e06be6ba,e7e6f470758ec6d6,test
cattle_5953,cattle_5953_DSCF1170.jpg,BeefCattle_Muzzle_Individualized/cattle_5953/cattle_5953_DSCF1170.jpg,549,444,1170,79a3cd02bc871e0803de83c33e41a3dbdd384264,87e6f478748ec6d6,test
cattle_5953,cattle_5953_DSCF1171.jpg,BeefCattle_Muzzle_Individualized/cattle_5953/cattle_5953_DSCF1171.jpg,542,461,1171,4f25094f80ceae08080764e59f2b1c609f9dc3c4,e7e6f470768ec6ce,test
cattle_5953,cattle_5953_DSCF1173.jpg,BeefCattle_Muzzle_Individualized/cattle_5953/cattle_5953_DSCF1173.jpg,542,450,1173,0d20fb7d9ac9a67d6ce33acf339025fe43a36590,87e6f4707e8ec6c6,test
cattle_5953,cattle_5953_DSCF1176.jpg,BeefCattle_Muzzle_Individualized/cattle_5953/cattle_5953_DSCF1176.jpg,554,449,1176,a7e4b5707e2fe8dcdcd23cf57e065cd6c2e39e21,87e6f471758ec6c4,test
cattle_5953,cattle_5953_DSCF1177.jpg,BeefCattle_Muzzle_Individualized/cattle_5953/cattle_5953_DSCF1177.jpg,554,449,1177,f39e618477841d4b3bf7fdd3c3fbc19b7cb1180b,87e6f471578ec6cc,test
cattle_5953,cattle_5953_DSCF1182.jpg,BeefCattle_Muzzle_Individualized/cattle_5953/cattle_5953_DSCF1182.jpg,545,457,1182,f220bc0195e0b67fc55b7a83dfef9c37194d6a99,c7e6f4706f8ec6ce,test
cattle_5953,cattle_5953_DSCF1183.jpg,BeefCattle_Muzzle_Individualized/cattle_5953/cattle_5953_DSCF1183.jpg,527,450,1183,2709e2c3d23bc593ab23f369c73b8dddc57e7a8e,87e6f0704e8fc6c6,test
cattle_5953,cattle_5953_DSCF1191.jpg,BeefCattle_Muzzle_Individualized/cattle_5953/cattle_5953_DSCF1191.jpg,559,447,1191,d2c3f8202f64989d021bd8d316037ac14b10ce9a,87e6f071568ec6c6,test
cattle_5953,cattle_5953_DSCF1193.jpg,BeefCattle_Muzzle_Individualized/cattle_5953/cattle_5953_DSCF1193.jpg,549,468,1193,ec0f09c26ed5d74ab5c5248db39bc7ab56847de5,a7e6f471958ec68c,test
cattle_5953,cattle_5953_DSCF1195.jpg,BeefCattle_Muzzle_Individualized/cattle_5953/cattle_5953_DSCF1195.jpg,543,450,1195,641275a38fedab4f3b8df5b1126d1ab3df9c2904,e7c6f070768ec6c6,test
cattle_5953,cattle_5953_DSCF1196.jpg,BeefCattle_Muzzle_Individualized/cattle_5953/cattle_5953_DSCF1196.jpg,550,470,1196,41394852f296f0cfc384e103107dfe82e889fa64,e7e6f0714e8ec6c6,test
cattle_5971,cattle_5971_DSCF0317.jpg,BeefCattle_Muzzle_Individualized/cattle_5971/cattle_5971_DSCF0317.jpg,165,133,317,a68f663868285e0bd158965f305c4d174c6b0bb5,6c8ce061358e8ede,dev
cattle_5971,cattle_5971_DSCF0318.jpg,BeefCattle_Muzzle_Individualized/cattle_5971/cattle_5971_DSCF0318.jpg,165,133,318,bdc0b53845240101546e95229b4744908882adfb,688ce861318686de,dev
cattle_5971,cattle_5971_DSCF0320.jpg,BeefCattle_Muzzle_Individualized/cattle_5971/cattle_5971_DSCF0320.jpg,164,136,320,2f8aff47e82a4e7b20b9b79dd2bce6ce44615185,698ce861710696d6,dev
cattle_5971,cattle_5971_DSCF0321.jpg,BeefCattle_Muzzle_Individualized/cattle_5971/cattle_5971_DSCF0321.jpg,164,136,321,46d5ac2542628cd8cc2a6bdba209dfc0c2bcc778,498ce861710696fe,dev
cattle_5971,cattle_5971_DSCF0322.jpg,BeefCattle_Muzzle_Individualized/cattle_5971/cattle_5971_DSCF0322.jpg,167,138,322,ea426f7fcc1f68eabfeb846e99d45de5aefac93e,498ce8613186bcec,dev
cattle_5971,cattle_5971_DSCF0323.jpg,BeefCattle_Muzzle_Individualized/cattle_5971/cattle_5971_DSCF0323.jpg,168,132,323,ec5dd14571a09d4950bb8c0f9ffdb96676bede3f,2d84e06171869ede,dev
cattle_5971,cattle_5971_DSCF0324.jpg,BeefCattle_Muzzle_Individualized/cattle_5971/cattle_5971_DSCF0324.jpg,167,136,324,0a5d6271150bcd55530ffdcf975cd67abb9ecc29,698ce06171869ede,dev
cattle_5971,cattle_5971_DSCF0325.jpg,BeefCattle_Muzzle_Individualized/cattle_5971/cattle_5971_DSCF0325.jpg,163,131,325,445ea150755897a6a4cbd8915eb17fb35f31021e,2ccce06135868ede,dev
cattle_5971,cattle_5971_DSCF0326.jpg,BeefCattle_Muzzle_Individualized/cattle_5971/cattle_5971_DSCF0326.jpg,169,129,326,e287536c37f5a3d0e3cae826a21b4cfb2c4d3ab6,acc4e061358696de,dev
cattle_5971,cattle_5971_DSCF0327.jpg,BeefCattle_Muzzle_Individualized/cattle_5971/cattle_5971_DSCF0327.jpg,164,128,327,772aa7f14371b47bfee096f51a7aa4b623c4d58e,88c4e86131148694,dev
cattle_5971,cattle_5971_DSCF0329.jpg,BeefCattle_Muzzle_Individualized/cattle_5971/cattle_5971_DSCF0329.jpg,165,134,329,129fdfbf12bec45c9e863352de94b43a34f98754,a8c4e861318696d4,dev
cattle_5971,cattle_5971_DSCF0330.jpg,BeefCattle_Muzzle_Individualized/cattle_5971/cattle_5971_DSCF0330.jpg,166,134,330,83333775884a3edd651cd16c9c2657b8884e90c3,a8c4e061310694c4,dev
cattle_5971,cattle_5971_DSCF0331.jpg,BeefCattle_Muzzle_Individualized/cattle_5971/cattle_5971_DSCF0331.jpg,169,129,331,13429a66f1e900eb1af0ed0000651cb9bff6a423,8ce0e161318694cc,dev
cattle_5971,cattle_5971_DSCF0332.jpg,BeefCattle_Muzzle_Individualized/cattle_5971/cattle_5971_DSCF0332.jpg,165,133,332,12d7eeb702a23ff1e4e021d932cec746b1dcbbf3,29cce06131868694,dev
cattle_5971,cattle_5971_DSCF0333.jpg,BeefCattle_Muzzle_Individualized/cattle_5971/cattle_5971_DSCF0333.jpg,168,135,333,c22cc4db79aba74891d40c130fbcfc514100664f,a9cce061318696d4,dev
cattle_5971,cattle_5971_DSCF0334.jpg,BeefCattle_Muzzle_Individualized/cattle_5971/cattle_5971_DSCF0334.jpg,169,129,334,1c3bf8e5bbbbde01c5a9c7f4041475405be6df5d,2cdce0603096c6d6,dev
cattle_5971,cattle_5971_DSCF0335.jpg,BeefCattle_Muzzle_Individualized/cattle_5971/cattle_5971_DSCF0335.jpg,171,133,335,d00791bab43fe20ffaa5fb5c8fd780aced941e2a,6cdce0703086c6d6,dev
cattle_5971,cattle_5971_DSCF0336.jpg,BeefCattle_Muzzle_Individualized/cattle_5971/cattle_5971_DSCF0336.jpg,170,130,336,f7245571d426dcb3f0b218aee4b53db084f4826b,2ddce0613196c6d6,dev
cattle_5971,cattle_5971_DSCF0337.jpg,BeefCattle_Muzzle_Individualized/cattle_5971/cattle_5971_DSCF0337.jpg,165,121,337,9503548d2d9c779eef2d39bef75a14988e7fdec4,acd0e060349696de,dev
cattle_5971,cattle_5971_DSCF0338.jpg,BeefCattle_Muzzle_Individualized/cattle_5971/cattle_5971_DSCF0338.jpg,172,131,338,eaa305305051824d966f31e099b5a35f3a81d964,2cdce061348696d4,dev
cattle_5971,cattle_5971_DSCF0339.jpg,BeefCattle_Muzzle_Individualized/cattle_5971/cattle_5971_DSCF0339.jpg,168,124,339,912e6aaed62f8eba03c4a055cfb177916c74f835,acd4e070308696d6,dev
cattle_5971,cattle_5971_DSCF0340.jpg,BeefCattle_Muzzle_Individualized/cattle_5971/cattle_5971_DSCF0340.jpg,173,132,340,57ba451713d128639d362638f69f5b0c62889dc9,a9dce06131969494,dev
cattle_5971,cattle_5971_DSCF0341.jpg,BeefCattle_Muzzle_Individualized/cattle_5971/cattle_5971_DSCF0341.jpg,169,126,341,6a8645c2b1df13caebeec8bea84bf4934248dda7,acdce0603086c6de,dev
cattle_5971,cattle_5971_DSCF0342.jpg,BeefCattle_Muzzle_Individualized/cattle_5971/cattle_5971_DSCF0342.jpg,169,127,342,0a545667eadc1f821d761e773ffa75d2f13b36a6,adcce061319686d4,dev
cattle_5971,cattle_5971_DSCF0343.jpg,BeefCattle_Muzzle_Individualized/cattle_5971/cattle_5971_DSCF0343.jpg,171,127,343,998698a1a49a6f34ac0b7c755e2efbfb24331f9a,2cfce061318686d4,dev
cattle_5971,cattle_5971_DSCF0344.jpg,BeefCattle_Muzzle_Individualized/cattle_5971/cattle_5971_DSCF0344.jpg,167,128,344,faff6111baf8c146f190222fd946aeca655322a8,adece06131b69494,dev
cattle_5971,cattle_5971_DSCF0345.jpg,BeefCattle_Muzzle_Individualized/cattle_5971/cattle_5971_DSCF0345.jpg,164,129,345,7b4bdd54fccfed60fb44b9a72e63af3dc9dbe426,adcce86031b6969c,dev
cattle_5971,cattle_5971_DSCF0346.jpg,BeefCattle_Muzzle_Individualized/cattle_5971/cattle_5971_DSCF0346.jpg,164,131,346,7e51553a7f12ccfe9efaaa1c6565aa28b4c9e515,6cfce060349686d6,dev
cattle_5971,cattle_5971_DSCF0347.jpg,BeefCattle_Muzzle_Individualized/cattle_5971/cattle_5971_DSCF0347.jpg,174,134,347,6c0e0992aaeef1413c52ebe571440d5e9aa82691,2ddce0713496d6dc,dev
cattle_5971,cattle_5971_DSCF0348.jpg,BeefCattle_Muzzle_Individualized/cattle_5971/cattle_5971_DSCF0348.jpg,170,131,348,30acf6d02759f62a19783ecc15f25520fca247c0,acd0e070b686c6ce,dev
cattle_5971,cattle_5971_DSCF0349.jpg,BeefCattle_Muzzle_Individualized/cattle_5971/cattle_5971_DSCF0349.jpg,170,142,349,d3e1189d7376a15f72536181c4424b0569721e04,6dece0613486d4cc,dev
cattle_5971,cattle_5971_DSCF0350.jpg,BeefCattle_Muzzle_Individualized/cattle_5971/cattle_5971_DSCF0350.jpg,174,132,350,50e01f10a091d90f57bd4e82109d4601f86eb6a6,2ddce0613196d6dc,dev
cattle_5971,cattle_5971_DSCF0351.jpg,BeefCattle_Muzzle_Individualized/cattle_5971/cattle_5971_DSCF0351.jpg,169,124,351,554c522be57cf4b62df77f80ddd6fb5367cbff32,6cfce06171b68694,dev
cattle_5971,cattle_5971_DSCF0352.jpg,BeefCattle_Muzzle_Individualized/cattle_5971/cattle_5971_DSCF0352.jpg,176,135,352,60c85cb82c878f19e142d5bf3e6ce42d899c58b8,6dfce0613486c6d6,dev
cattle_5971,cattle_5971_DSCF0354.jpg,BeefCattle_Muzzle_Individualized/cattle_5971/cattle_5971_DSCF0354.jpg,171,126,354,752df1e66f7c935147dc5c565ca02e5fdff2b661,ecdce0713486c6de,dev
cattle_5971,cattle_5971_DSCF0355.jpg,BeefCattle_Muzzle_Individualized/cattle_5971/cattle_5971_DSCF0355.jpg,168,124,355,cff968025ab73628ff4abadfaeaa07f79559629d,ecdce0607096c6d6,dev
cattle_5971,cattle_5971_DSCF0356.jpg,BeefCattle_Muzzle_Individualized/cattle_5971/cattle_5971_DSCF0356.jpg,168,131,356,c3ea4244ff4e2bfa101e4b1bac20435d1b3a17de,ecd8e070b296c6ca,dev
cattle_5971,cattle_5971_DSCF0357.jpg,BeefCattle_Muzzle_Individualized/cattle_5971/cattle_5971_DSCF0357.jpg,170,132,357,0f11a34c0fc6004640c56bcf2a1f765a3993321a,ecdce061318686d6,dev
cattle_5971,cattle_5971_DSCF0358.jpg,BeefCattle_Muzzle_Individualized/cattle_5971/cattle_5971_DSCF0358.jpg,169,135,358,9918df2cb6928aa0f2605576e2dd4a7a55052fdf,6cdce0603686c6de,dev
cattle_5971,cattle_5971_DSCF0359.jpg,BeefCattle_Muzzle_Individualized/cattle_5971/cattle_5971_DSCF0359.jpg,175,133,359,fa253ddf356d19570cb82f4e0bae1ca65d45eb3a,6cdce0613486c6ce,dev
cattle_5971,cattle_5971_DSCF0360.jpg,BeefCattle_Muzzle_Individualized/cattle_5971/cattle_5971_DSCF0360.jpg,172,129,360,acd8a8e55b730ee78cb8c6574f35f2c5718aa1b7,2cfce061358696dc,dev
cattle_5971,cattle_5971_DSCF0361.jpg,BeefCattle_Muzzle_Individualized/cattle_5971/cattle_5971_DSCF0361.jpg,174,134,361,74e497825aa1e6d98fd5f4caf946da50c890fa02,6dbce061318684d4,dev
cattle_5986,cattle_5986_DSCF6792.jpg,BeefCattle_Muzzle_Individualized/cattle_5986/cattle_5986_DSCF6792.jpg,121,96,6792,c4d32abecbb1c43e35e28fb1e966fc8332d23c86,88c0e0e181839387,train
cattle_5986,cattle_5986_DSCF6794.jpg,BeefCattle_Muzzle_Individualized/cattle_5986/cattle_5986_DSCF6794.jpg,120,97,6794,3f06c13ae8a721549dc92449f6e4415dfa0bc0ca,e8c0e051810313bb,train
cattle_5986,cattle_5986_DSCF6795.jpg,BeefCattle_Muzzle_Individualized/cattle_5986/cattle_5986_DSCF6795.jpg,125,98,6795,0592c9b9ee4cae457a8e37ff5ebe850700ebec1c,e8c0e071818393b6,train
cattle_5986,cattle_5986_DSCF6796.jpg,BeefCattle_Muzzle_Individualized/cattle_5986/cattle_5986_DSCF6796.jpg,124,96,6796,c508fdd9b5e472bbced8a2abf2523fde1eca4305,e8c0e061818b9bae,train
cattle_5986,cattle_5986_DSCF6797.jpg,BeefCattle_Muzzle_Individualized/cattle_5986/cattle_5986_DSCF6797.jpg,122,95,6797,74dbb8d7da5db6106b8ad5b7a42d1bf5e6454e31,88c0e03101131ba7,train
cattle_6012,cattle_6012_DSCF1014.jpg,BeefCattle_Muzzle_Individualized/cattle_6012/cattle_6012_DSCF1014.jpg,128,95,1014,a2d0da91a671ba50ac621b2af52540b82e8b01d7,8a92f8700e9e1e80,train
cattle_6012,cattle_6012_DSCF1015.jpg,BeefCattle_Muzzle_Individualized/cattle_6012/cattle_6012_DSCF1015.jpg,126,98,1015,0cb9ff358a7f56ba8031e0b2b2355836116d9d68,93f2f8588e9f1080,train
cattle_6012,cattle_6012_DSCF1016.jpg,BeefCattle_Muzzle_Individualized/cattle_6012/cattle_6012_DSCF1016.jpg,130,99,1016,4e826869d70e54a91f6f98b306845d6820297575,9bd2f8798e9a0a82,train
cattle_6012,cattle_6012_DSCF1017.jpg,BeefCattle_Muzzle_Individualized/cattle_6012/cattle_6012_DSCF1017.jpg,133,106,1017,e399b48f57b248c787f912a46b65f62d94ffdc7d,8bd278598e8e9082,train
cattle_6012,cattle_6012_DSCF1018.jpg,BeefCattle_Muzzle_Individualized/cattle_6012/cattle_6012_DSCF1018.jpg,131,101,1018,cffd9636196e22e19f3c2312d3ed54b006f26fda,8bd2f8708e9e1282,train
cattle_6012,cattle_6012_DSCF1019.jpg,BeefCattle_Muzzle_Individualized/cattle_6012/cattle_6012_DSCF1019.jpg,133,104,1019,f8e6e6880766914534185b4fa246c4c7d1716d02,82d2f0518e9e1086,train
cattle_6012,cattle_6012_DSCF1020.jpg,BeefCattle_Muzzle_Individualized/cattle_6012/cattle_6012_DSCF1020.jpg,130,101,1020,53a70129ecb0e1e9b0fe2ac6d98485cfc19345b1,93d2f8518e9e1284,train
cattle_6012,cattle_6012_DSCF1021.jpg,BeefCattle_Muzzle_Individualized/cattle_6012/cattle_6012_DSCF1021.jpg,133,104,1021,1aef8aaf06eb12d4d108633e66b80c2ab34905fe,8bd278518e8e8086,train
cattle_6012,cattle_6012_DSCF1022.jpg,BeefCattle_Muzzle_Individualized/cattle_6012/cattle_6012_DSCF1022.jpg,131,107,1022,d5e5ece1aad1262ba4fb205dca26a8d1f7de8918,8bd278508a8f8086,train
cattle_6012,cattle_6012_DSCF1023.jpg,BeefCattle_Muzzle_Individualized/cattle_6012/cattle_6012_DSCF1023.jpg,133,106,1023,10dc4994068ef25bbd9a2a3756f53d21b77b6141,8bd278518e9e9084,train
cattle_6012,cattle_6012_DSCF1025.jpg,BeefCattle_Muzzle_Individualized/cattle_6012/cattle_6012_DSCF1025.jpg,130,106,1025,d5c79184e989fab6f7c6b62db732a8206a05496b,8bd2f8708e9f8081,train
cattle_6012,cattle_6012_DSCF1026.jpg,BeefCattle_Muzzle_Individualized/cattle_6012/cattle_6012_DSCF1026.jpg,133,98,1026,bede60a5ff4148a987a7e6407f6d82d3126f3ef2,92d070718e9f88c0,train
cattle_6012,cattle_6012_DSCF1027.jpg,BeefCattle_Muzzle_Individualized/cattle_6012/cattle_6012_DSCF1027.jpg,133,95,1027,a0d93e391afeeb53221be9a820c9efca80785f64,92d078718e8a80c0,train
cattle_6012,cattle_6012_DSCF1028.jpg,BeefCattle_Muzzle_Individualized/cattle_6012/cattle_6012_DSCF1028.jpg,134,101,1028,f41476e8c0626bc66203be1d3358390606a96fa3,82d278718e8e8080,train
cattle_6012,cattle_6012_DSCF1029.jpg,BeefCattle_Muzzle_Individualized/cattle_6012/cattle_6012_DSCF1029.jpg,131,103,1029,2eb1ed1a06b29380f68ef0a0a8507281f44b17fd,8ad2f8718e9e1280,train
cattle_6012,cattle_6012_DSCF1030.jpg,BeefCattle_Muzzle_Individualized/cattle_6012/cattle_6012_DSCF1030.jpg,128,103,1030,52ef22adb817cd236c6b3c2fd09fd3c1e843b321,8b92f8798e9e1a80,train
cattle_6017,cattle_6017_DSCF6707.jpg,BeefCattle_Muzzle_Individualized/cattle_6017/cattle_6017_DSCF6707.jpg,131,99,6707,db278af15827c19dad9d92ea2026bfa2675b288c,e8e8e078399b8b9a,dev
cattle_6017,cattle_6017_DSCF6708.jpg,BeefCattle_Muzzle_Individualized/cattle_6017/cattle_6017_DSCF6708.jpg,147,126,6708,23ca785904d4ccb919c663fb2e86a9bcea443806,c8c8e079191b9292,dev
cattle_6017,cattle_6017_DSCF6709.jpg,BeefCattle_Muzzle_Individualized/cattle_6017/cattle_6017_DSCF6709.jpg,151,129,6709,72216f91390bd7554b58e3384511de66379bd25e,c8c8e071399b92d2,dev
cattle_6017,cattle_6017_DSCF6710.jpg,BeefCattle_Muzzle_Individualized/cattle_6017/cattle_6017_DSCF6710.jpg,147,120,6710,b2385018e02ec7668bedcf764b3fa14ac09c9f1a,c8c8e071111b1292,dev
cattle_6017,cattle_6017_DSCF6711.jpg,BeefCattle_Muzzle_Individualized/cattle_6017/cattle_6017_DSCF6711.jpg,148,119,6711,75b0450ecef8b7b0800013a0b5d9d711bb6e0259,c8c0f071191ab292,dev
cattle_6017,cattle_6017_DSCF6712.jpg,BeefCattle_Muzzle_Individualized/cattle_6017/cattle_6017_DSCF6712.jpg,153,124,6712,faff4af5fa6da15875057f5fe5078129161c9e4f,c8e87079199b92d0,dev
cattle_6017,cattle_6017_DSCF6714.jpg,BeefCattle_Muzzle_Individualized/cattle_6017/cattle_6017_DSCF6714.jpg,151,121,6714,c4171a1920066a7eab6d998f72d27bc737949dce,e8e8e071399b9bd2,dev
cattle_6017,cattle_6017_DSCF6715.jpg,BeefCattle_Muzzle_Individualized/cattle_6017/cattle_6017_DSCF6715.jpg,151,121,6715,a2fe92c1d63143394deb8bd6bc99836f6961640d,c8c8f878399b9baa,dev
cattle_6017,cattle_6017_DSCF6716.jpg,BeefCattle_Muzzle_Individualized/cattle_6017/cattle_6017_DSCF6716.jpg,154,121,6716,2b46a5162916778a90ef872bfafc8a6a3d54a53e,c8c87078399b9bea,dev
cattle_6017,cattle_6017_DSCF6717.jpg,BeefCattle_Muzzle_Individualized/cattle_6017/cattle_6017_DSCF6717.jpg,153,124,6717,d906f7ca1b42c3c65bf2dc23df3dd1d1a2bbfc14,e8e87879199a90f0,dev
cattle_6017,cattle_6017_DSCF6719.jpg,BeefCattle_Muzzle_Individualized/cattle_6017/cattle_6017_DSCF6719.jpg,151,112,6719,5c28a3fd2778bfceae962bae5ffb2e0be45ef6de,e8e87071318383a4,dev
cattle_6017,cattle_6017_DSCF6720.jpg,BeefCattle_Muzzle_Individualized/cattle_6017/cattle_6017_DSCF6720.jpg,133,115,6720,c1f41497043ce6a6777912a86bc50cb32aedea5f,d8c8c0e163262646,dev
cattle_6022,cattle_6022_DSCF6913.jpg,BeefCattle_Muzzle_Individualized/cattle_6022/cattle_6022_DSCF6913.jpg,133,107,6913,cfcdc8c30de9063b6960d80559f4bc0b506fb430,038080c1809292d0,train
cattle_6022,cattle_6022_DSCF6914.jpg,BeefCattle_Muzzle_Individualized/cattle_6022/cattle_6022_DSCF6914.jpg,133,105,6914,022891d18fbaf95f10e4dcf0af01bdf019a79008,03808071909ad2f8,train
cattle_6022,cattle_6022_DSCF6915.jpg,BeefCattle_Muzzle_Individualized/cattle_6022/cattle_6022_DSCF6915.jpg,131,109,6915,6f932230d8597dbba370d6aad5c68dd982d05fa2,01808081809092d0,train
cattle_6022,cattle_6022_DSCF6916.jpg,BeefCattle_Muzzle_Individualized/cattle_6022/cattle_6022_DSCF6916.jpg,137,109,6916,cd352ee3262f71dabb3cd6a9eba418e09c9114c7,0380c070d09adaf0,train
cattle_6022,cattle_6022_DSCF6917.jpg,BeefCattle_Muzzle_Individualized/cattle_6022/cattle_6022_DSCF6917.jpg,137,113,6917,acd6582dd22b4ddcb260aa8defd2f4e1a05b64e7,0180c070f09af2f0,train
cattle_6022,cattle_6022_DSCF6918.jpg,BeefCattle_Muzzle_Individualized/cattle_6022/cattle_6022_DSCF6918.jpg,137,110,6918,832235bdb37dcf843fe23783f963bd2cc4e4fef3,0388c0f0709ad2f0,train
cattle_6022,cattle_6022_DSCF6920.jpg,BeefCattle_Muzzle_Individualized/cattle_6022/cattle_6022_DSCF6920.jpg,125,115,6920,0174bc5ef90e8a363652394a779698774e8aa171,43808000219490c0,train
cattle_6038,cattle_6038_DSCF1410.jpg,BeefCattle_Muzzle_Individualized/cattle_6038/cattle_6038_DSCF1410.jpg,192,154,1410,9fe4c94b4096cb11e5f6ca31bcbcff3e35aaa0e0,98d8f050908cd8cc,dev
cattle_6038,cattle_6038_DSCF1411.jpg,BeefCattle_Muzzle_Individualized/cattle_6038/cattle_6038_DSCF1411.jpg,191,157,1411,28a0a8d930faced2262dad9b10145261793d6d97,18d8f050808cd8ce,dev
cattle_6038,cattle_6038_DSCF1413.jpg,BeefCattle_Muzzle_Individualized/cattle_6038/cattle_6038_DSCF1413.jpg,199,156,1413,ebf31a2246e53321dd9fa7ba1321520cc55beb27,98f8f151148cd8cc,dev
cattle_6038,cattle_6038_DSCF1415.jpg,BeefCattle_Muzzle_Individualized/cattle_6038/cattle_6038_DSCF1415.jpg,189,158,1415,5acae641c3e8b5977c9ade0b8621701a27bbe52e,18f8f0d1140c98cc,dev
cattle_6038,cattle_6038_DSCF1416.jpg,BeefCattle_Muzzle_Individualized/cattle_6038/cattle_6038_DSCF1416.jpg,197,156,1416,00581b5211191a6c549ad9ac794576444622bfb4,98f8f851908cd8cc,dev
cattle_6038,cattle_6038_DSCF1417.jpg,BeefCattle_Muzzle_Individualized/cattle_6038/cattle_6038_DSCF1417.jpg,192,156,1417,fe4ecc77acfd78fbd3030170ae8c0be35604ccef,88d8f850908ed8cc,dev
cattle_6038,cattle_6038_DSCF1419.jpg,BeefCattle_Muzzle_Individualized/cattle_6038/cattle_6038_DSCF1419.jpg,194,152,1419,88dea9cb1cf27d817eec9ab56424fe73b95d25c0,98d8f851908e98cc,dev
cattle_6038,cattle_6038_DSCF1422.jpg,BeefCattle_Muzzle_Individualized/cattle_6038/cattle_6038_DSCF1422.jpg,197,151,1422,16f85f72d190bb4e7dfdee5d4c0b2b756bcbe45c,98f8f051108c98cc,dev
cattle_6066,cattle_6066_DSCF1312.jpg,BeefCattle_Muzzle_Individualized/cattle_6066/cattle_6066_DSCF1312.jpg,306,263,1312,430e505581fe700436b7d669ff92ec78f0bce47e,0b58f8704286869e,train
cattle_6066,cattle_6066_DSCF1313.jpg,BeefCattle_Muzzle_Individualized/cattle_6066/cattle_6066_DSCF1313.jpg,316,248,1313,ea32e85bb52cc6192f358f9d12486b14a0d54743,8bf878704286929e,train
cattle_6066,cattle_6066_DSCF1315.jpg,BeefCattle_Muzzle_Individualized/cattle_6066/cattle_6066_DSCF1315.jpg,311,254,1315,22ecf6a2e268a7cdd41e91db7963517fcbd9caf5,0bf87870c686969c,train
cattle_6066,cattle_6066_DSCF1316.jpg,BeefCattle_Muzzle_Individualized/cattle_6066/cattle_6066_DSCF1316.jpg,309,256,1316,e05e5a8c26c7d314194d336caf80d680ef45abbf,0b7878604386969e,train
cattle_6066,cattle_6066_DSCF1317.jpg,BeefCattle_Muzzle_Individualized/cattle_6066/cattle_6066_DSCF1317.jpg,312,261,1317,7e0f54f8fa5cca5fde11481a73ed106d40e14001,0b7878784b82928e,train
cattle_6066,cattle_6066_DSCF1319.jpg,BeefCattle_Muzzle_Individualized/cattle_6066/cattle_6066_DSCF1319.jpg,316,259,1319,0dc034084fd856b9039d05134b031e59b4f642f5,8b7878784386928e,train
cattle_6066,cattle_6066_DSCF1321.jpg,BeefCattle_Muzzle_Individualized/cattle_6066/cattle_6066_DSCF1321.jpg,304,254,1321,c8069a81b802b1ec317ecb0029b0671dce11d00d,0bf8f8708686869c,train
cattle_6066,cattle_6066_DSCF1323.jpg,BeefCattle_Muzzle_Individualized/cattle_6066/cattle_6066_DSCF1323.jpg,304,257,1323,6461537610d87c48be60933192a475209f073b44,0bf8f870c286869e,train
cattle_6066,cattle_6066_DSCF1324.jpg,BeefCattle_Muzzle_Individualized/cattle_6066/cattle_6066_DSCF1324.jpg,314,254,1324,992117a0375f7f95ebc114d0d5b0edd8de03c4a0,0b7878704686929c,train
cattle_6066,cattle_6066_DSCF1325.jpg,BeefCattle_Muzzle_Individualized/cattle_6066/cattle_6066_DSCF1325.jpg,298,252,1325,420d113a0945840ecd4aba507dc1a01c9da3a8cf,0af8f071c286969e,train
cattle_6066,cattle_6066_DSCF1327.jpg,BeefCattle_Muzzle_Individualized/cattle_6066/cattle_6066_DSCF1327.jpg,307,252,1327,e5feed6760716a9f05b91bfa7ffc0359b5bd1c47,0bf8f8704286928e,train
cattle_6066,cattle_6066_DSCF1332.jpg,BeefCattle_Muzzle_Individualized/cattle_6066/cattle_6066_DSCF1332.jpg,299,257,1332,d1301f1d7c1d07c7a163b730f97ba90342fa0d7c,0b787878cb9ebeff,train
cattle_6066,cattle_6066_DSCF1333.jpg,BeefCattle_Muzzle_Individualized/cattle_6066/cattle_6066_DSCF1333.jpg,304,256,1333,3af45533c92e5324b1f471f3409c704f7434e4ee,0b7878784b9fbede,train
cattle_6066,cattle_6066_DSCF1335.jpg,BeefCattle_Muzzle_Individualized/cattle_6066/cattle_6066_DSCF1335.jpg,302,243,1335,3cbd9f60b26c4fcceb93c029b5235adf117595d6,4b7878784e9ebede,train
cattle_6066,cattle_6066_DSCF1336.jpg,BeefCattle_Muzzle_Individualized/cattle_6066/cattle_6066_DSCF1336.jpg,300,245,1336,fd4b4939e9d96381ea9f8e14ee7922a1298da476,4b7878784a9fbefe,train
cattle_6066,cattle_6066_DSCF1337.jpg,BeefCattle_Muzzle_Individualized/cattle_6066/cattle_6066_DSCF1337.jpg,297,255,1337,0976c70b45cd5d406bb6d101e39f6642d8a64aac,0b78f878ce9ebede,train
cattle_6066,cattle_6066_DSCF1339.jpg,BeefCattle_Muzzle_Individualized/cattle_6066/cattle_6066_DSCF1339.jpg,309,257,1339,e3db8ba042a28f9048ce1ab63e098e197c3190c8,8b7878784e9ebeff,train
cattle_6066,cattle_6066_DSCF1340.jpg,BeefCattle_Muzzle_Individualized/cattle_6066/cattle_6066_DSCF1340.jpg,311,254,1340,59ff323e91c3da9283b13218acbeadde2f27133f,8b7878784e9efede,train
cattle_6066,cattle_6066_DSCF1341.jpg,BeefCattle_Muzzle_Individualized/cattle_6066/cattle_6066_DSCF1341.jpg,318,250,1341,613e7dd93f791fd8110dc4b4e81a63f08fb9fbb6,8b787868ce9ededf,train
cattle_6066,cattle_6066_DSCF1342.jpg,BeefCattle_Muzzle_Individualized/cattle_6066/cattle_6066_DSCF1342.jpg,318,257,1342,dda61dfa2283a702767d9c7151d80a7d10abb65f,8f7878784b9fdede,train
cattle_6066,cattle_6066_DSCF1343.jpg,BeefCattle_Muzzle_Individualized/cattle_6066/cattle_6066_DSCF1343.jpg,382,289,1343,86d23e16aed1aff5d137fddab37b548ea3b74dec,0af870715686868e,train
cattle_6066,cattle_6066_DSCF1345.jpg,BeefCattle_Muzzle_Individualized/cattle_6066/cattle_6066_DSCF1345.jpg,388,295,1345,b5841241cd8b2b921445d276628b6c4cee1977be,0af070711686869c,train
cattle_6066,cattle_6066_DSCF1348.jpg,BeefCattle_Muzzle_Individualized/cattle_6066/cattle_6066_DSCF1348.jpg,382,291,1348,3a3122b278079fb199c328b69a12c07898fa9c0e,0bf870711786869c,train
cattle_6066,cattle_6066_DSCF1350.jpg,BeefCattle_Muzzle_Individualized/cattle_6066/cattle_6066_DSCF1350.jpg,382,289,1350,330216b10ebf926ceda42158ff5e3fb761e0d4cb,caf870711786868e,train
cattle_6066,cattle_6066_DSCF1360.jpg,BeefCattle_Muzzle_Individualized/cattle_6066/cattle_6066_DSCF1360.jpg,390,300,1360,1a55a505337a3dd9847b9e1f760c764284d71a93,8bf870714386868e,train
cattle_6071,cattle_6071_DSCF1072.jpg,BeefCattle_Muzzle_Individualized/cattle_6071/cattle_6071_DSCF1072.jpg,197,155,1072,538e3a99fc5b914f93ae58762863dea3f1e7ec62,1a90e0719186aeae,train
cattle_6071,cattle_6071_DSCF1073.jpg,BeefCattle_Muzzle_Individualized/cattle_6071/cattle_6071_DSCF1073.jpg,197,157,1073,cff1548232b317306c60be09b4e20fddb9481637,1af0e071948eecae,train
cattle_6071,cattle_6071_DSCF1074.jpg,BeefCattle_Muzzle_Individualized/cattle_6071/cattle_6071_DSCF1074.jpg,201,154,1074,f17dc99209ae12b2d53cf7740610cf1dab2961a0,1af0e071918eacae,train
cattle_6071,cattle_6071_DSCF1076.jpg,BeefCattle_Muzzle_Individualized/cattle_6071/cattle_6071_DSCF1076.jpg,197,150,1076,64115eceb578b5910f96ee554a289cd241dca5a6,1eb0e0711086aeea,train
cattle_6071,cattle_6071_DSCF1080.jpg,BeefCattle_Muzzle_Individualized/cattle_6071/cattle_6071_DSCF1080.jpg,197,156,1080,262d7abe4e0e4d9b9993eb4eee48777518751729,0bf8f0719086aeae,train
cattle_6071,cattle_6071_DSCF1081.jpg,BeefCattle_Muzzle_Individualized/cattle_6071/cattle_6071_DSCF1081.jpg,196,155,1081,6509622e282fcac8418a72c78fa1b43cd597c0d6,1af0e0719486aeae,train
cattle_6071,cattle_6071_DSCF1087.jpg,BeefCattle_Muzzle_Individualized/cattle_6071/cattle_6071_DSCF1087.jpg,196,148,1087,41c76e065a6fe249c7cb936e0c6008ba5c6e9a5f,1cf0e0719486aaae,train
cattle_6071,cattle_6071_DSCF1089.jpg,BeefCattle_Muzzle_Individualized/cattle_6071/cattle_6071_DSCF1089.jpg,196,155,1089,17cb98d2367e032205935dbf5ab7b88a29712068,12f0f0719186acae,train
cattle_6071,cattle_6071_DSCF1094.jpg,BeefCattle_Muzzle_Individualized/cattle_6071/cattle_6071_DSCF1094.jpg,196,155,1094,17ffde98f59966df91decfb55caeeb4792c8e360,1630e0719086aeae,train
cattle_6071,cattle_6071_DSCF1095.jpg,BeefCattle_Muzzle_Individualized/cattle_6071/cattle_6071_DSCF1095.jpg,199,157,1095,2d98036a6e2bd6eb603c5fc476355e3385de7fc4,0a98e0719086aeca,train
cattle_6071,cattle_6071_DSCF1096.jpg,BeefCattle_Muzzle_Individualized/cattle_6071/cattle_6071_DSCF1096.jpg,201,158,1096,bc7c338d9106be5914e91d858cea44371d3d1207,1a90e0719086ae8a,train
cattle_6084,cattle_6084_DSCF0482.jpg,BeefCattle_Muzzle_Individualized/cattle_6084/cattle_6084_DSCF0482.jpg,112,84,482,3831ad627707ccc94b33bc3f4c44458ff34fc99a,86c6e87017b7b6b6,dev
cattle_6084,cattle_6084_DSCF0483.jpg,BeefCattle_Muzzle_Individualized/cattle_6084/cattle_6084_DSCF0483.jpg,109,85,483,68c34c3f5396432ad9f51b4b612d9f4b5ee4a777,8fc6e07013a7b6b6,dev
cattle_6084,cattle_6084_DSCF0484.jpg,BeefCattle_Muzzle_Individualized/cattle_6084/cattle_6084_DSCF0484.jpg,109,87,484,c6c5345ccc1605545764582317fc8f0dc7a013a1,8ec6e87017a7b6b4,dev
cattle_6084,cattle_6084_DSCF0485.jpg,BeefCattle_Muzzle_Individualized/cattle_6084/cattle_6084_DSCF0485.jpg,107,83,485,fbd674ee0242821c391dfd52d6a3bdcf21a059cc,87c4f0f03727b6b6,dev
cattle_6084,cattle_6084_DSCF0486.jpg,BeefCattle_Muzzle_Individualized/cattle_6084/cattle_6084_DSCF0486.jpg,109,85,486,4b19748bef3c09a1abf50c9a3cde9d48c469a567,87c4f87137a7b6b4,dev
cattle_6084,cattle_6084_DSCF0488.jpg,BeefCattle_Muzzle_Individualized/cattle_6084/cattle_6084_DSCF0488.jpg,111,82,488,c7370f401a43ad81145e76fb481734f13f1fa75e,86c4f0f137a7b6b4,dev
cattle_6084,cattle_6084_DSCF0489.jpg,BeefCattle_Muzzle_Individualized/cattle_6084/cattle_6084_DSCF0489.jpg,108,86,489,c0be286da1ec4b14ce38469a9c4c513438292ecc,8fc4f0f13727b6b4,dev
cattle_6084,cattle_6084_DSCF0490.jpg,BeefCattle_Muzzle_Individualized/cattle_6084/cattle_6084_DSCF0490.jpg,105,80,490,c93318884fc21014e7faa6a4099b83464af47478,86c4e8702727b6b6,dev
cattle_6084,cattle_6084_DSCF0493.jpg,BeefCattle_Muzzle_Individualized/cattle_6084/cattle_6084_DSCF0493.jpg,107,84,493,7f77dc510d247bddcfeca8ba9162b5a6956a9222,8ec4e8f13727b6b4,dev
cattle_6084,cattle_6084_DSCF0498.jpg,BeefCattle_Muzzle_Individualized/cattle_6084/cattle_6084_DSCF0498.jpg,106,83,498,5b850a57de87d331c5a7ad90c8663bb57e07b848,86c6f8703727b6b6,dev
cattle_6084,cattle_6084_DSCF0501.jpg,BeefCattle_Muzzle_Individualized/cattle_6084/cattle_6084_DSCF0501.jpg,110,84,501,0be0f2da0908fe08d02d9b720345114a71f9929d,86c6f87117a7b6b4,dev
cattle_6084,cattle_6084_DSCF0502.jpg,BeefCattle_Muzzle_Individualized/cattle_6084/cattle_6084_DSCF0502.jpg,106,85,502,9bdf704c4f2e2fd3daf16d86f0c27ab32936c5d8,86c4f8f13727b6a4,dev
cattle_6084,cattle_6084_DSCF0504.jpg,BeefCattle_Muzzle_Individualized/cattle_6084/cattle_6084_DSCF0504.jpg,112,85,504,6a6cb14bc397fd71bb84da3356382fa68a97c1ab,87e6f07117b7b6b4,dev
cattle_6084,cattle_6084_DSCF0505.jpg,BeefCattle_Muzzle_Individualized/cattle_6084/cattle_6084_DSCF0505.jpg,109,83,505,a2ef7876255e1e62b51dd2ab093d4f84c8c3a5c1,87e4f8f13727b6b4,dev
cattle_6084,cattle_6084_DSCF0507.jpg,BeefCattle_Muzzle_Individualized/cattle_6084/cattle_6084_DSCF0507.jpg,109,83,507,086a87e47f0168d95fd2941a8f994ca889a1529c,86e4f0711727b6b4,dev
cattle_6084,cattle_6084_DSCF0511.jpg,BeefCattle_Muzzle_Individualized/cattle_6084/cattle_6084_DSCF0511.jpg,105,86,511,07158f3d7633c00e0df8144d5241ede454d30445,86c6e8f13727b6b6,dev
cattle_6084,cattle_6084_DSCF0512.jpg,BeefCattle_Muzzle_Individualized/cattle_6084/cattle_6084_DSCF0512.jpg,103,85,512,be9eca2054ecc91a263c7090703d841c287828e7,8ec6e8f127273624,dev
cattle_6084,cattle_6084_DSCF0517.jpg,BeefCattle_Muzzle_Individualized/cattle_6084/cattle_6084_DSCF0517.jpg,111,87,517,a23f4a8e960a7defec2f733196468bb496bfc8bf,87c4f07117b7b6b6,dev
cattle_6098,cattle_6098_DSCF1432.jpg,BeefCattle_Muzzle_Individualized/cattle_6098/cattle_6098_DSCF1432.jpg,210,166,1432,8dc3ee17ede7cf847c22aac472894a28f09ba77e,0bd8f0715587c59d,dev
cattle_6098,cattle_6098_DSCF1433.jpg,BeefCattle_Muzzle_Individualized/cattle_6098/cattle_6098_DSCF1433.jpg,210,169,1433,c7043ec321fa622d50662871e5091035ac8e1a61,2bdaf0715197a59d,dev
cattle_6098,cattle_6098_DSCF1434.jpg,BeefCattle_Muzzle_Individualized/cattle_6098/cattle_6098_DSCF1434.jpg,205,166,1434,c029f95297d174454f3c5e37ed7b147872b67c84,0bd8f8715397c59d,dev
cattle_6098,cattle_6098_DSCF1435.jpg,BeefCattle_Muzzle_Individualized/cattle_6098/cattle_6098_DSCF1435.jpg,207,157,1435,f17397917ed16ee4676a2bd84965017020e799c6,8bd8f0715197b7dd,dev
cattle_6098,cattle_6098_DSCF1437.jpg,BeefCattle_Muzzle_Individualized/cattle_6098/cattle_6098_DSCF1437.jpg,209,162,1437,3fa036f2f5736100406928f8ce633c49a159d4e7,8bd8f0715397c5dd,dev
cattle_6098,cattle_6098_DSCF1438.jpg,BeefCattle_Muzzle_Individualized/cattle_6098/cattle_6098_DSCF1438.jpg,199,154,1438,16a0741f698aa67607cd481b972e601637a347e7,8bd0f0f1b5a7a7bd,dev
cattle_6098,cattle_6098_DSCF1439.jpg,BeefCattle_Muzzle_Individualized/cattle_6098/cattle_6098_DSCF1439.jpg,209,157,1439,7e0fdc9b0d732c0c7f4dd6c29c01fcec82c39c3c,8bd8f0715197a59d,dev
cattle_6098,cattle_6098_DSCF1446.jpg,BeefCattle_Muzzle_Individualized/cattle_6098/cattle_6098_DSCF1446.jpg,207,161,1446,dde2cb4e3006bf86754122d69d662bc9fc4b3b64,8bdaf87111b7e7bd,dev
cattle_6098,cattle_6098_DSCF1447.jpg,BeefCattle_Muzzle_Individualized/cattle_6098/cattle_6098_DSCF1447.jpg,209,164,1447,4ca541ce549f69f4268b5e8a47d1aaac22ed0a6a,2bd8f0715197e5dd,dev
cattle_6098,cattle_6098_DSCF1449.jpg,BeefCattle_Muzzle_Individualized/cattle_6098/cattle_6098_DSCF1449.jpg,207,159,1449,7137b9a815c5911a638be4420474e9749ef9e5bc,0bd8f0715197d5dd,dev
cattle_6098,cattle_6098_DSCF1450.jpg,BeefCattle_Muzzle_Individualized/cattle_6098/cattle_6098_DSCF1450.jpg,202,165,1450,d35516bb3a14a8501e1e91fc01f88840a88f8d26,09daf0715197e59d,dev
cattle_6124,cattle_6124_DSCF8476.jpg,BeefCattle_Muzzle_Individualized/cattle_6124/cattle_6124_DSCF8476.jpg,106,82,8476,952b4602dc30c5c6b4ff551354e13d0ba8cbce91,8fcee870798e8e8e,test
cattle_6124,cattle_6124_DSCF8482.jpg,BeefCattle_Muzzle_Individualized/cattle_6124/cattle_6124_DSCF8482.jpg,99,81,8482,4f11cdfa4adfc8517a3daab978d082d95f8733ed,8f8ec860718e8e8e,test
cattle_6124,cattle_6124_DSCF8483.jpg,BeefCattle_Muzzle_Individualized/cattle_6124/cattle_6124_DSCF8483.jpg,89,82,8483,e6eac39975a54a64cef750c3d472a153f550d1f2,0e9cd0e1619e8ece,test
cattle_6124,cattle_6124_DSCF8484.jpg,BeefCattle_Muzzle_Individualized/cattle_6124/cattle_6124_DSCF8484.jpg,107,86,8484,25e0086681225efc1ae9b8401eba4724c8e719dd,0e8ec871718e8e8e,test
cattle_6124,cattle_6124_DSCF8485.jpg,BeefCattle_Muzzle_Individualized/cattle_6124/cattle_6124_DSCF8485.jpg,107,85,8485,22c7e4632f3dd2bd98c0e093e8426e2b6deef30b,8fceec70718e8ece,test
cattle_6161,cattle_6161_DSCF7338.jpg,BeefCattle_Muzzle_Individualized/cattle_6161/cattle_6161_DSCF7338.jpg,131,108,7338,734464af8cb7f2064a93d966b0e68bd5b26d1fc9,8ee0f87007870767,train
cattle_6161,cattle_6161_DSCF7339.jpg,BeefCattle_Muzzle_Individualized/cattle_6161/cattle_6161_DSCF7339.jpg,134,115,7339,20fce9bed33ea117268839106045b374114b84d2,8eecf870068f0767,train
cattle_6161,cattle_6161_DSCF7340.jpg,BeefCattle_Muzzle_Individualized/cattle_6161/cattle_6161_DSCF7340.jpg,139,108,7340,3edf6bc6cde2756c91801d78df5ce02ebcbe0969,cee078708f870763,train
cattle_6161,cattle_6161_DSCF7342.jpg,BeefCattle_Muzzle_Individualized/cattle_6161/cattle_6161_DSCF7342.jpg,139,110,7342,a6771d8aeb820f8a9d5255e94347bc5b6b674783,cee8f870078f0767,train
cattle_6161,cattle_6161_DSCF7343.jpg,BeefCattle_Muzzle_Individualized/cattle_6161/cattle_6161_DSCF7343.jpg,132,106,7343,4845696e1fb0a7645dafbf429698f8fe0b23b865,8ee4f878448f8707,train
cattle_6161,cattle_6161_DSCF7344.jpg,BeefCattle_Muzzle_Individualized/cattle_6161/cattle_6161_DSCF7344.jpg,216,177,7344,a91eaf27551317e3d2eec222ea4255cbc8cbd33e,8ecce070068f0705,train
cattle_6161,cattle_6161_DSCF7345.jpg,BeefCattle_Muzzle_Individualized/cattle_6161/cattle_6161_DSCF7345.jpg,219,168,7345,22d8a74bec4b1a17334d784c20898c0a0f775e49,8ec8e850078f0707,train
cattle_6161,cattle_6161_DSCF7346.jpg,BeefCattle_Muzzle_Individualized/cattle_6161/cattle_6161_DSCF7346.jpg,213,177,7346,4cadac93ff54a555319a86ccb30e8d2e7b50f055,8ecce8d0068f0705,train
cattle_6161,cattle_6161_DSCF7347.jpg,BeefCattle_Muzzle_Individualized/cattle_6161/cattle_6161_DSCF7347.jpg,219,175,7347,72b15d681dc1b913e8131fb452e002ccb99d7004,8ecce870068f0723,train
cattle_6161,cattle_6161_DSCF7348.jpg,BeefCattle_Muzzle_Individualized/cattle_6161/cattle_6161_DSCF7348.jpg,216,174,7348,cff99ce3acb78d3159b4ef584ed039050a0123f9,8ec8f8d0878f0723,train
cattle_6161,cattle_6161_DSCF7351.jpg,BeefCattle_Muzzle_Individualized/cattle_6161/cattle_6161_DSCF7351.jpg,216,174,7351,bf02a8102f605b14c08ac44a1f904c94881288ea,8ec8f850078f0721,train
cattle_6161,cattle_6161_DSCF7362.jpg,BeefCattle_Muzzle_Individualized/cattle_6161/cattle_6161_DSCF7362.jpg,266,210,7362,9c879f3abe00320aaf14cbc810a4a8d199266d4f,8ec8e0d0c68f0727,train
cattle_6161,cattle_6161_DSCF7364.jpg,BeefCattle_Muzzle_Individualized/cattle_6161/cattle_6161_DSCF7364.jpg,269,214,7364,be38de8ed5874b804d20cbb65b4d7f36ce537864,8ec8e078468f0707,train
cattle_6167,cattle_6167_DSCF9101.jpg,BeefCattle_Muzzle_Individualized/cattle_6167/cattle_6167_DSCF9101.jpg,128,92,9101,145fca8515e6972b90aab22cc4541b80cd31ba06,0ecce0696f8f0f07,train
cattle_6167,cattle_6167_DSCF9102.jpg,BeefCattle_Muzzle_Individualized/cattle_6167/cattle_6167_DSCF9102.jpg,125,89,9102,1530436dccf8343b8fae71b0b27de6fa4ab43e5c,0ecce4616f8e0f0f,train
cattle_6167,cattle_6167_DSCF9103.jpg,BeefCattle_Muzzle_Individualized/cattle_6167/cattle_6167_DSCF9103.jpg,125,85,9103,861742c40da2bfd1bef6d38f0b5fcdb3311675ad,8ecce461670e0f0f,train
cattle_6167,cattle_6167_DSCF9105.jpg,BeefCattle_Muzzle_Individualized/cattle_6167/cattle_6167_DSCF9105.jpg,123,90,9105,76b3dff72f2ee3a636cf193c7befe2bf934f125b,8ecce460660e0707,train
cattle_6167,cattle_6167_DSCF9106.jpg,BeefCattle_Muzzle_Individualized/cattle_6167/cattle_6167_DSCF9106.jpg,123,87,9106,4f424522280506adc2c8b065c1b645ab869abaa6,8ecce470670e070f,train
cattle_6167,cattle_6167_DSCF9109.jpg,BeefCattle_Muzzle_Individualized/cattle_6167/cattle_6167_DSCF9109.jpg,128,89,9109,4afc33e6475d0353eb447b09722b84cb3c8bc6a4,8eec6470660e0707,train
cattle_6167,cattle_6167_DSCF9111.jpg,BeefCattle_Muzzle_Individualized/cattle_6167/cattle_6167_DSCF9111.jpg,125,93,9111,f13a0832238d026db0a66a8a65fabd6a553f718c,0ecce461650e0f07,train
cattle_6167,cattle_6167_DSCF9117.jpg,BeefCattle_Muzzle_Individualized/cattle_6167/cattle_6167_DSCF9117.jpg,120,92,9117,7cd237a5a71a8a79fa3e452a2bc0a776f774dcd9,0ecce460668e070f,train
cattle_6167,cattle_6167_DSCF9119.jpg,BeefCattle_Muzzle_Individualized/cattle_6167/cattle_6167_DSCF9119.jpg,123,93,9119,e9584b48d9dc49e5cb227684f34a5930a22eea01,0ecce460678e0f07,train
cattle_6171,cattle_6171_DSCF7898.jpg,BeefCattle_Muzzle_Individualized/cattle_6171/cattle_6171_DSCF7898.jpg,272,206,7898,7e87ef4cd5344d3066f30d47e65d54fe666320c8,88c8f8709096a4c0,train
cattle_6171,cattle_6171_DSCF7901.jpg,BeefCattle_Muzzle_Individualized/cattle_6171/cattle_6171_DSCF7901.jpg,267,214,7901,453d3fa252a41046e272860ba97a7a12b96185f3,0888f8701096a6c8,train
cattle_6171,cattle_6171_DSCF7902.jpg,BeefCattle_Muzzle_Individualized/cattle_6171/cattle_6171_DSCF7902.jpg,269,192,7902,e962afabccb425defaeef48dbb972d947f6f79d1,888ce8703094b6e8,train
cattle_6171,cattle_6171_DSCF7903.jpg,BeefCattle_Muzzle_Individualized/cattle_6171/cattle_6171_DSCF7903.jpg,267,189,7903,994de8b16c485d46616cf71cf507b03f90b0484b,88c8e07030b6a4e8,train
cattle_6171,cattle_6171_DSCF7904.jpg,BeefCattle_Muzzle_Individualized/cattle_6171/cattle_6171_DSCF7904.jpg,267,187,7904,38763195c0c6930683ea16ebcd3939405af814f3,88c8f87030b4b6e8,train
cattle_6171,cattle_6171_DSCF7905.jpg,BeefCattle_Muzzle_Individualized/cattle_6171/cattle_6171_DSCF7905.jpg,271,191,7905,1791c56a313639a17a3818b51bcfd2fc544fec3d,88ccf8703096b6e8,train
cattle_6171,cattle_6171_DSCF7907.jpg,BeefCattle_Muzzle_Individualized/cattle_6171/cattle_6171_DSCF7907.jpg,269,187,7907,c23268918b38f3bb1e4404a62a30e1bb36c68864,88d8f87030b6a6e8,train
cattle_6171,cattle_6171_DSCF7908.jpg,BeefCattle_Muzzle_Individualized/cattle_6171/cattle_6171_DSCF7908.jpg,264,190,7908,6f4209ab069c9580160b5e952ff52c58ae0aaf68,8888c87030b4b6e8,train
cattle_6184,cattle_6184_DSCF7233.jpg,BeefCattle_Muzzle_Individualized/cattle_6184/cattle_6184_DSCF7233.jpg,176,138,7233,0e9465ccc13c504728004ccf12ee2542c6a19c2a,8cf0f07135a7a6f0,train
cattle_6184,cattle_6184_DSCF7234.jpg,BeefCattle_Muzzle_Individualized/cattle_6184/cattle_6184_DSCF7234.jpg,174,137,7234,bde44e1b90537bf0fce4e6af6e34d9784eb34ff7,8df0f0717127a6f2,train
cattle_6184,cattle_6184_DSCF7235.jpg,BeefCattle_Muzzle_Individualized/cattle_6184/cattle_6184_DSCF7235.jpg,179,137,7235,1e4cbd1536d2fba0a9d6e1d5db11eb377bfedc7f,8df0f0713187a6f2,train
cattle_6184,cattle_6184_DSCF7239.jpg,BeefCattle_Muzzle_Individualized/cattle_6184/cattle_6184_DSCF7239.jpg,174,130,7239,7a791853e89875a32297b2228caf2d979c7c0155,8ef0f8713127a6f6,train
cattle_6184,cattle_6184_DSCF7241.jpg,BeefCattle_Muzzle_Individualized/cattle_6184/cattle_6184_DSCF7241.jpg,174,132,7241,5c2a5e6ec5e35c9bcb4280f758a206b11b4bd395,8cf0f8717107a6f6,train
cattle_6184,cattle_6184_DSCF7242.jpg,BeefCattle_Muzzle_Individualized/cattle_6184/cattle_6184_DSCF7242.jpg,181,137,7242,99a87cb772df140c0a3dd487fb8df5946d1296bf,8cf0f0717187a6f0,train
cattle_6184,cattle_6184_DSCF7244.jpg,BeefCattle_Muzzle_Individualized/cattle_6184/cattle_6184_DSCF7244.jpg,182,135,7244,12e56d2b8870e07ce91b25107c21ee47df651692,8cf0787131a7a6f4,train
cattle_6184,cattle_6184_DSCF7245.jpg,BeefCattle_Muzzle_Individualized/cattle_6184/cattle_6184_DSCF7245.jpg,179,135,7245,19068fc182adcefe6d373dc23e943608f2168c4c,ade8f0717187a6f6,train
cattle_6189,cattle_6189_DSCF7249.jpg,BeefCattle_Muzzle_Individualized/cattle_6189/cattle_6189_DSCF7249.jpg,196,154,7249,a7816362c589a68882ea647e3c73732c263c03a1,0f8ec8d95a86b2a4,train
cattle_6189,cattle_6189_DSCF7250.jpg,BeefCattle_Muzzle_Individualized/cattle_6189/cattle_6189_DSCF7250.jpg,197,140,7250,528e33aa4dd51db68d5e91ea9b735cd6443b728a,0f8eccd85986b3b2,train
cattle_6189,cattle_6189_DSCF7251.jpg,BeefCattle_Muzzle_Individualized/cattle_6189/cattle_6189_DSCF7251.jpg,196,145,7251,261d60f50a6e0905602ce9dc5580b751058e502f,0f8ec8d94a86b2b2,train
cattle_6189,cattle_6189_DSCF7253.jpg,BeefCattle_Muzzle_Individualized/cattle_6189/cattle_6189_DSCF7253.jpg,196,147,7253,8e0e533f4d1bc01f3dce81ff35d34695e7780391,0f8ec8d85896b3b2,train
cattle_6189,cattle_6189_DSCF7255.jpg,BeefCattle_Muzzle_Individualized/cattle_6189/cattle_6189_DSCF7255.jpg,201,142,7255,706204c2ad68370abed1b041ad80d9ebac610bf3,2f8eccd8e8869392,train
cattle_6189,cattle_6189_DSCF7256.jpg,BeefCattle_Muzzle_Individualized/cattle_6189/cattle_6189_DSCF7256.jpg,201,149,7256,8c79eaaed61c5904d010a6978a65ca561acde381,4f8eccd8e88693d2,train
cattle_6189,cattle_6189_DSCF7258.jpg,BeefCattle_Muzzle_Individualized/cattle_6189/cattle_6189_DSCF7258.jpg,197,140,7258,04d982932f7077ea6d7f2a0edf883498e6a0fbd5,0f8ec8d95186a6b6,train
cattle_6189,cattle_6189_DSCF7259.jpg,BeefCattle_Muzzle_Individualized/cattle_6189/cattle_6189_DSCF7259.jpg,195,140,7259,5228822e59d15dd8907a0952c854effa2bb63ea2,8fcec8d9d0a6b6b6,train
cattle_6189,cattle_6189_DSCF7260.jpg,BeefCattle_Muzzle_Individualized/cattle_6189/cattle_6189_DSCF7260.jpg,195,135,7260,a9025015182cd5742fd56fd1fee18205e0aecadf,8fcec8d9d886b6b2,train
cattle_6191,cattle_6191_DSCF8938.jpg,BeefCattle_Muzzle_Individualized/cattle_6191/cattle_6191_DSCF8938.jpg,186,153,8938,2953c52527295498d47497173816e01af07f06c7,8ec8f071538e86d4,dev
cattle_6191,cattle_6191_DSCF8939.jpg,BeefCattle_Muzzle_Individualized/cattle_6191/cattle_6191_DSCF8939.jpg,195,154,8939,331a9ae896653bd019a511f99ddcfd7fdf5a1df0,8fc8f070718a86c4,dev
cattle_6191,cattle_6191_DSCF8940.jpg,BeefCattle_Muzzle_Individualized/cattle_6191/cattle_6191_DSCF8940.jpg,193,154,8940,17dbd56576993152244eb486eb5a971b55f7c67b,8ed0f071538a84cc,dev
cattle_6191,cattle_6191_DSCF8941.jpg,BeefCattle_Muzzle_Individualized/cattle_6191/cattle_6191_DSCF8941.jpg,189,150,8941,0c0ae22a829c63184090289027ec27c1123ce541,0ed0f070538e86c4,dev
cattle_6191,cattle_6191_DSCF8942.jpg,BeefCattle_Muzzle_Individualized/cattle_6191/cattle_6191_DSCF8942.jpg,194,156,8942,e830705644d37de788d647029fed3035b8a819f4,0ed8f071738684d4,dev
cattle_6191,cattle_6191_DSCF8943.jpg,BeefCattle_Muzzle_Individualized/cattle_6191/cattle_6191_DSCF8943.jpg,185,158,8943,8db720430681cc10489bdd82535c047bbfa3fe9e,0fccf0705b8a86c4,dev
cattle_6191,cattle_6191_DSCF8944.jpg,BeefCattle_Muzzle_Individualized/cattle_6191/cattle_6191_DSCF8944.jpg,193,155,8944,47f5f849d33f977d22614b090a8e4b5047200b4a,8fc8f0705b8686c4,dev
cattle_6191,cattle_6191_DSCF8945.jpg,BeefCattle_Muzzle_Individualized/cattle_6191/cattle_6191_DSCF8945.jpg,195,157,8945,3b6affc3a738a7355a3a61a3dff18805e3cc8a80,8fccf070728e84cc,dev
cattle_6191,cattle_6191_DSCF8949.jpg,BeefCattle_Muzzle_Individualized/cattle_6191/cattle_6191_DSCF8949.jpg,209,161,8949,bf504a8e819d26e1e7a16de54e6a3146927f90a1,8ee8f070538684d4,dev
cattle_6191,cattle_6191_DSCF8950.jpg,BeefCattle_Muzzle_Individualized/cattle_6191/cattle_6191_DSCF8950.jpg,207,157,8950,449fad2afb83550aefa276a354a9ee8b05e3219b,8ef8f070138e84dc,dev
cattle_6191,cattle_6191_DSCF8951.jpg,BeefCattle_Muzzle_Individualized/cattle_6191/cattle_6191_DSCF8951.jpg,209,160,8951,c0bc22f37fa7cab52cef52e5ed96eed020390c2b,8ed8f070538684cc,dev
cattle_6191,cattle_6191_DSCF8952.jpg,BeefCattle_Muzzle_Individualized/cattle_6191/cattle_6191_DSCF8952.jpg,205,160,8952,7cb0d6f4c77979da9d1b02c90af989aaa26dee44,8ef0f070138694d4,dev
cattle_6191,cattle_6191_DSCF8953.jpg,BeefCattle_Muzzle_Individualized/cattle_6191/cattle_6191_DSCF8953.jpg,205,168,8953,c71ea3b4234f2fc95b32331ad8d00db5a75dc68b,8fc8f070538e84dc,dev
cattle_6191,cattle_6191_DSCF8954.jpg,BeefCattle_Muzzle_Individualized/cattle_6191/cattle_6191_DSCF8954.jpg,205,154,8954,4eeb9cfc2fae7098bb11f6d329b3fe5fcb44db87,8ef0f070118e8cd6,dev
cattle_6191,cattle_6191_DSCF8955.jpg,BeefCattle_Muzzle_Individualized/cattle_6191/cattle_6191_DSCF8955.jpg,209,160,8955,823160fce9c9ae96db5000c9926be7debf3b0c78,0e98f070318384c4,dev
cattle_6191,cattle_6191_DSCF8956.jpg,BeefCattle_Muzzle_Individualized/cattle_6191/cattle_6191_DSCF8956.jpg,204,159,8956,0148f129b5b6bd03bcaed7b126f7db80f633cbd7,0e98f0707183848c,dev
cattle_6196,cattle_6196_DSCF8921.jpg,BeefCattle_Muzzle_Individualized/cattle_6196/cattle_6196_DSCF8921.jpg,158,121,8921,58cf02656f53bdb70c700d6f7ca33d26ef6ec109,9ed8f071808690f0,train
cattle_6196,cattle_6196_DSCF8924.jpg,BeefCattle_Muzzle_Individualized/cattle_6196/cattle_6196_DSCF8924.jpg,160,121,8924,f54a23c21b3c4a77fcd751c0df2d02bcbc093a83,9cd8f0719082d0f0,train
cattle_6196,cattle_6196_DSCF8925.jpg,BeefCattle_Muzzle_Individualized/cattle_6196/cattle_6196_DSCF8925.jpg,160,124,8925,8eec3608e0069cc0f11297ed8de3b6a25e9979ba,9898f071808680f0,train
cattle_6196,cattle_6196_DSCF8926.jpg,BeefCattle_Muzzle_Individualized/cattle_6196/cattle_6196_DSCF8926.jpg,155,123,8926,80c78a88a59fe12e859a69cabb90e8ce706c4cce,9cd8e061808690e0,train
cattle_6196,cattle_6196_DSCF8931.jpg,BeefCattle_Muzzle_Individualized/cattle_6196/cattle_6196_DSCF8931.jpg,163,124,8931,f51dc39ec80d255ba74bbe208a2b5f41c422ede1,9ec8f071d082c0f0,train
cattle_6196,cattle_6196_DSCF8932.jpg,BeefCattle_Muzzle_Individualized/cattle_6196/cattle_6196_DSCF8932.jpg,155,132,8932,72d2d85589f8c7f2d087abe8d1152b2ba6c50fb0,1898f061808690e0,train
cattle_6196,cattle_6196_DSCF8933.jpg,BeefCattle_Muzzle_Individualized/cattle_6196/cattle_6196_DSCF8933.jpg,156,120,8933,afceedeec771876780ec1e5a71122d3f06d5f1e7,9c98f061c08680f0,train
cattle_6196,cattle_6196_DSCF8934.jpg,BeefCattle_Muzzle_Individualized/cattle_6196/cattle_6196_DSCF8934.jpg,155,129,8934,88280ab9ae8eb0e97e165de50c1fec373808d5a5,9898f071808290e0,train
cattle_6196,cattle_6196_DSCF8935.jpg,BeefCattle_Muzzle_Individualized/cattle_6196/cattle_6196_DSCF8935.jpg,156,128,8935,3d8a53f51c90134c6596c3c570dd8b73c0e0cd1a,9c98e071808690e8,train
cattle_6197,cattle_6197_DSCF7197.jpg,BeefCattle_Muzzle_Individualized/cattle_6197/cattle_6197_DSCF7197.jpg,210,155,7197,f252d1f02a00e81704b81ba4f2fd1c92f19f27c9,ce8cc0e171968686,train
cattle_6197,cattle_6197_DSCF7198.jpg,BeefCattle_Muzzle_Individualized/cattle_6197/cattle_6197_DSCF7198.jpg,205,160,7198,98c46bdc7da20457c07a752256aa39b95d8d9e3e,cd8cc0c071968e86,train
cattle_6197,cattle_6197_DSCF7199.jpg,BeefCattle_Muzzle_Individualized/cattle_6197/cattle_6197_DSCF7199.jpg,164,132,7199,9c751ec0754a233d136dddc04797f05d4e8ea621,cccce0e071368e9e,train
cattle_6197,cattle_6197_DSCF7200.jpg,BeefCattle_Muzzle_Individualized/cattle_6197/cattle_6197_DSCF7200.jpg,167,128,7200,cf94fb39b8aadeeac55aa35860fad5a8517f6b67,cecce06071968e9e,train
cattle_6197,cattle_6197_DSCF7204.jpg,BeefCattle_Muzzle_Individualized/cattle_6197/cattle_6197_DSCF7204.jpg,163,123,7204,d35e81391b68da9ede9af4e7e35563521e2f2283,cecce06171160e9e,train
cattle_6197,cattle_6197_DSCF7207.jpg,BeefCattle_Muzzle_Individualized/cattle_6197/cattle_6197_DSCF7207.jpg,168,121,7207,b5d0631ea2eb20e6b138b84346e1666a9076df38,8ecce07111968e9e,train
cattle_6199,cattle_6199_DSCF7521.jpg,BeefCattle_Muzzle_Individualized/cattle_6199/cattle_6199_DSCF7521.jpg,156,116,7521,0a5217ffea61eb8e29bb3c77183bdadbf9a28a94,a8ecf071418e8ea0,dev
cattle_6199,cattle_6199_DSCF7522.jpg,BeefCattle_Muzzle_Individualized/cattle_6199/cattle_6199_DSCF7522.jpg,156,115,7522,55ce95ab64a3540431a648a7b556a744bbbb4254,acd47079838e828a,dev
cattle_6199,cattle_6199_DSCF7523.jpg,BeefCattle_Muzzle_Individualized/cattle_6199/cattle_6199_DSCF7523.jpg,156,109,7523,40f8af80df53177fda7ac764647de7b3b3384270,bcf47079438e86d2,dev
cattle_6199,cattle_6199_DSCF7524.jpg,BeefCattle_Muzzle_Individualized/cattle_6199/cattle_6199_DSCF7524.jpg,153,121,7524,21a731489466ecb7734a33012cca341dceafe407,ecb4f071618e8282,dev
cattle_6199,cattle_6199_DSCF7525.jpg,BeefCattle_Muzzle_Individualized/cattle_6199/cattle_6199_DSCF7525.jpg,148,115,7525,ee04162be18cb201ddc14f64c54d5708d195dd44,fcf47079838e8286,dev
cattle_6199,cattle_6199_DSCF7526.jpg,BeefCattle_Muzzle_Individualized/cattle_6199/cattle_6199_DSCF7526.jpg,148,121,7526,c07bf1c6c74fe9c77dd8c05ad2a6fb348e1fbefd,fcd4f07043878284,dev
cattle_6199,cattle_6199_DSCF7527.jpg,BeefCattle_Muzzle_Individualized/cattle_6199/cattle_6199_DSCF7527.jpg,150,118,7527,01471605f67ae898288166aff60b4a9e65e276fe,fcd4f079438e8282,dev
cattle_6199,cattle_6199_DSCF7528.jpg,BeefCattle_Muzzle_Individualized/cattle_6199/cattle_6199_DSCF7528.jpg,145,118,7528,8bf03a316918b2da6f10591a9451e57db906d24b,fcd4f07873878280,dev
cattle_6199,cattle_6199_DSCF7529.jpg,BeefCattle_Muzzle_Individualized/cattle_6199/cattle_6199_DSCF7529.jpg,147,112,7529,89e134cebf842076866f68bcf8b9500cfa6d3f29,b5cee0701b868ea0,dev
cattle_6199,cattle_6199_DSCF7530.jpg,BeefCattle_Muzzle_Individualized/cattle_6199/cattle_6199_DSCF7530.jpg,147,115,7530,c44ce6e3f09c71adc45170f578229037639a3582,3d8cf4701b8e8ea0,dev
cattle_6199,cattle_6199_DSCF7531.jpg,BeefCattle_Muzzle_Individualized/cattle_6199/cattle_6199_DSCF7531.jpg,147,113,7531,5820e8c328c0f520fdc09ffa0ad67cef7129cab2,ecd4f079938e8282,dev
cattle_6199,cattle_6199_DSCF7532.jpg,BeefCattle_Muzzle_Individualized/cattle_6199/cattle_6199_DSCF7532.jpg,148,114,7532,7f197015c660c7474ddb93642189458736f657d1,6c94f079738e8ea2,dev
cattle_6199,cattle_6199_DSCF7533.jpg,BeefCattle_Muzzle_Individualized/cattle_6199/cattle_6199_DSCF7533.jpg,147,114,7533,e4e0cf7758fecb8b6a006d73d23c41f342d97812,6d8cf47079868ea2,dev
cattle_6199,cattle_6199_DSCF7534.jpg,BeefCattle_Muzzle_Individualized/cattle_6199/cattle_6199_DSCF7534.jpg,140,110,7534,25fc359fa1b55f2281431ebceaee3f657bee3a10,76cef078138786a2,dev
cattle_6210,cattle_6210_DSCF7791.jpg,BeefCattle_Muzzle_Individualized/cattle_6210/cattle_6210_DSCF7791.jpg,85,59,7791,98c2b43cb7704d28eb1bda7c5276580416144302,9888c8e95988080b,dev
cattle_6210,cattle_6210_DSCF7792.jpg,BeefCattle_Muzzle_Individualized/cattle_6210/cattle_6210_DSCF7792.jpg,90,62,7792,6821bb473fed278934ff2ad0abf9e86c0b5540d7,9088c0e95389091b,dev
cattle_6210,cattle_6210_DSCF7793.jpg,BeefCattle_Muzzle_Individualized/cattle_6210/cattle_6210_DSCF7793.jpg,91,59,7793,80a35298b16e0b83a819c2e72f3019f2b7ccb77a,88c8e0695909090b,dev
cattle_6210,cattle_6210_DSCF7794.jpg,BeefCattle_Muzzle_Individualized/cattle_6210/cattle_6210_DSCF7794.jpg,87,60,7794,e271b30552b2b739eac8f6de4eec0cf00e611e27,9888c8e9d989890b,dev
cattle_6210,cattle_6210_DSCF7795.jpg,BeefCattle_Muzzle_Individualized/cattle_6210/cattle_6210_DSCF7795.jpg,90,64,7795,0b1450489f5e95126b30a883b9a69bfaf5ddcc00,98c8e8695989091b,dev
cattle_6210,cattle_6210_DSCF7796.jpg,BeefCattle_Muzzle_Individualized/cattle_6210/cattle_6210_DSCF7796.jpg,86,62,7796,2e558dfc3408fafb1f33e4b657ba510005a588be,88c8e8d9d9890b1b,dev
cattle_6210,cattle_6210_DSCF7816.jpg,BeefCattle_Muzzle_Individualized/cattle_6210/cattle_6210_DSCF7816.jpg,91,58,7816,b0de8ca5ff7cb7bcd51b35fc6dd7e90ec0d03b18,88c8e869598b890b,dev
cattle_6210,cattle_6210_DSCF7817.jpg,BeefCattle_Muzzle_Individualized/cattle_6210/cattle_6210_DSCF7817.jpg,94,71,7817,aa21581be4179974395bc66e4bbf9ef8311226d3,8a88e869598b191b,dev
cattle_6210,cattle_6210_DSCF7818.jpg,BeefCattle_Muzzle_Individualized/cattle_6210/cattle_6210_DSCF7818.jpg,90,66,7818,516de988ff46f6eccdae28e5df5b2ce8d3c24604,88c8e869d98b091b,dev
cattle_6213,cattle_6213_DSCF7599.jpg,BeefCattle_Muzzle_Individualized/cattle_6213/cattle_6213_DSCF7599.jpg,252,186,7599,adca409cd78af63e5edc17f0e9235a0073f0cb69,2b68f879599a98d8,test
cattle_6213,cattle_6213_DSCF7601.jpg,BeefCattle_Muzzle_Individualized/cattle_6213/cattle_6213_DSCF7601.jpg,260,184,7601,db442740b8f58d25c6d566655f72ea02c9c19dd8,93f0f87969ca88f8,test
cattle_6213,cattle_6213_DSCF7602.jpg,BeefCattle_Muzzle_Individualized/cattle_6213/cattle_6213_DSCF7602.jpg,252,186,7602,57dd3ab7cb3a6f41ea8207daacfb859d0cd33e9e,13f0f879698a98c8,test
cattle_6213,cattle_6213_DSCF7603.jpg,BeefCattle_Muzzle_Individualized/cattle_6213/cattle_6213_DSCF7603.jpg,257,194,7603,b5db64332ab20cf3acd607bdd2143ae5b2818ce1,2b60f879798a98d8,test
cattle_6213,cattle_6213_DSCF7604.jpg,BeefCattle_Muzzle_Individualized/cattle_6213/cattle_6213_DSCF7604.jpg,256,186,7604,c2f8d6bdbce69a5db72d6c38a8b0c71956a80e24,23f87879498a98d8,test
cattle_6213,cattle_6213_DSCF7605.jpg,BeefCattle_Muzzle_Individualized/cattle_6213/cattle_6213_DSCF7605.jpg,254,192,7605,59d3f83f618b7e0acd2314bb4da17009b5ec92d3,2be8f879498a98c8,test
cattle_6213,cattle_6213_DSCF7607.jpg,BeefCattle_Muzzle_Individualized/cattle_6213/cattle_6213_DSCF7607.jpg,260,193,7607,6883c995c72a52472d277f6a28d21d2bd2fdfb81,2be8f071519a98c8,test
cattle_6213,cattle_6213_DSCF7608.jpg,BeefCattle_Muzzle_Individualized/cattle_6213/cattle_6213_DSCF7608.jpg,261,190,7608,fdedae98ae0f47dbf18dfde45c71c984f077c236,21f87171509a98c8,test
cattle_6213,cattle_6213_DSCF7609.jpg,BeefCattle_Muzzle_Individualized/cattle_6213/cattle_6213_DSCF7609.jpg,263,188,7609,45fc6b8ec72e78fd727bb22bb0012dcfd16afeb8,29e87171519a98c8,test
cattle_6213,cattle_6213_DSCF7610.jpg,BeefCattle_Muzzle_Individualized/cattle_6213/cattle_6213_DSCF7610.jpg,260,192,7610,d1ce63e1e08bb968317a449ca5685096a19b7762,22e87871588a98cc,test
cattle_6216,cattle_6216_DSCF7585.jpg,BeefCattle_Muzzle_Individualized/cattle_6216/cattle_6216_DSCF7585.jpg,214,156,7585,e3649f5b86c270e025ec23b9e1d79fc9f1cd98a5,86c8f8710e1f1733,train
cattle_6216,cattle_6216_DSCF7586.jpg,BeefCattle_Muzzle_Individualized/cattle_6216/cattle_6216_DSCF7586.jpg,212,157,7586,410f1623cb9781c4483360acd991a52d84904b8f,8eccf8710d1e1f33,train
cattle_6216,cattle_6216_DSCF7587.jpg,BeefCattle_Muzzle_Individualized/cattle_6216/cattle_6216_DSCF7587.jpg,215,151,7587,25de9283e787ae4f43f386d457c0a93c7e9ab467,c6e8f8710e8f1733,train
cattle_6216,cattle_6216_DSCF7588.jpg,BeefCattle_Muzzle_Individualized/cattle_6216/cattle_6216_DSCF7588.jpg,210,154,7588,e83a6510d615e5a74444f00f8cec00fabc51f255,9eccf8714d0f1f73,train
cattle_6216,cattle_6216_DSCF7590.jpg,BeefCattle_Muzzle_Individualized/cattle_6216/cattle_6216_DSCF7590.jpg,217,152,7590,185747e07257d1943869408ee641875b2c52f1dc,86e8f8710d1e1773,train
cattle_6216,cattle_6216_DSCF7591.jpg,BeefCattle_Muzzle_Individualized/cattle_6216/cattle_6216_DSCF7591.jpg,204,152,7591,d401fbfbcdffa25ea20a2cb25c39bcc4008ed35d,caecf8780e8f9f73,train
cattle_6216,cattle_6216_DSCF7593.jpg,BeefCattle_Muzzle_Individualized/cattle_6216/cattle_6216_DSCF7593.jpg,213,163,7593,71aa77d7e585369ebcae8ca85acb676508d211f8,ceeef8780d8f1f73,train
cattle_6216,cattle_6216_DSCF7595.jpg,BeefCattle_Muzzle_Individualized/cattle_6216/cattle_6216_DSCF7595.jpg,215,164,7595,85f85dbab988dc7335c786b0663fa5ffbe6b6af0,8eccf8780d1f1f73,train
cattle_6216,cattle_6216_DSCF7613.jpg,BeefCattle_Muzzle_Individualized/cattle_6216/cattle_6216_DSCF7613.jpg,337,253,7613,f83b12b4b046a6eff0d2b9e66dd6706ca6c675fb,9edcf8700c8f0b23,train
cattle_6216,cattle_6216_DSCF7614.jpg,BeefCattle_Muzzle_Individualized/cattle_6216/cattle_6216_DSCF7614.jpg,339,251,7614,fe025c16c803c31f17b39bc9f708fbd82a084cc4,9edce8710c8e0b33,train
cattle_6216,cattle_6216_DSCF7616.jpg,BeefCattle_Muzzle_Individualized/cattle_6216/cattle_6216_DSCF7616.jpg,342,259,7616,dc680cffc412a85d74f32766cd66dd65d1505b26,8e9cf0f1499e0f13,train
cattle_6220,cattle_6220_DSCF7688.jpg,BeefCattle_Muzzle_Individualized/cattle_6220/cattle_6220_DSCF7688.jpg,126,95,7688,18a2133e42c26dae5c4738da10455735f8b8951d,a0a0d8e925979284,train
cattle_6220,cattle_6220_DSCF7689.jpg,BeefCattle_Muzzle_Individualized/cattle_6220/cattle_6220_DSCF7689.jpg,125,101,7689,feab89aec43c3bae437c710249579dd9fb07df7d,a080c861979396c4,train
cattle_6220,cattle_6220_DSCF7690.jpg,BeefCattle_Muzzle_Individualized/cattle_6220/cattle_6220_DSCF7690.jpg,125,95,7690,2d9fba352ad12880c5caddf88f9731535f26c4c4,a080c8e197979284,train
cattle_6220,cattle_6220_DSCF7691.jpg,BeefCattle_Muzzle_Individualized/cattle_6220/cattle_6220_DSCF7691.jpg,123,95,7691,52bf23528ecf1c899e6e3330c85bab2a71d90453,a080d8e127979284,train
cattle_6220,cattle_6220_DSCF7692.jpg,BeefCattle_Muzzle_Individualized/cattle_6220/cattle_6220_DSCF7692.jpg,123,89,7692,d201312d30cf05a37f292345f276be6796df13f5,a288c861879792c6,train
cattle_6220,cattle_6220_DSCF7693.jpg,BeefCattle_Muzzle_Individualized/cattle_6220/cattle_6220_DSCF7693.jpg,120,98,7693,a4252aa54c0d5e79634329330f8a89903bde2c7f,0080c8e927139684,train
cattle_6220,cattle_6220_DSCF7694.jpg,BeefCattle_Muzzle_Individualized/cattle_6220/cattle_6220_DSCF7694.jpg,128,99,7694,568dbddf99dad73312111c3721fd39eaace98f9d,e080c8e9879792c4,train
cattle_6220,cattle_6220_DSCF7695.jpg,BeefCattle_Muzzle_Individualized/cattle_6220/cattle_6220_DSCF7695.jpg,123,96,7695,d902f85f44152cb4e836ccf8dc01c1d40a7fecb0,c004d8c92d379294,train
cattle_6220,cattle_6220_DSCF7696.jpg,BeefCattle_Muzzle_Individualized/cattle_6220/cattle_6220_DSCF7696.jpg,126,95,7696,43cd7e4e2ae1f9c8be5e2ed970d2b8d3e376d881,a8a0c861979392c6,train
cattle_6220,cattle_6220_DSCF7697.jpg,BeefCattle_Muzzle_Individualized/cattle_6220/cattle_6220_DSCF7697.jpg,125,95,7697,ec4d7385e157178c738d814de6a118e42b99c926,e8a0c8c9279792c6,train
cattle_6220,cattle_6220_DSCF7698.jpg,BeefCattle_Muzzle_Individualized/cattle_6220/cattle_6220_DSCF7698.jpg,126,89,7698,23943c65cc2af943c2bb61499d85f2d27b210ce5,a280c8e1079393c6,train
cattle_6220,cattle_6220_DSCF7699.jpg,BeefCattle_Muzzle_Individualized/cattle_6220/cattle_6220_DSCF7699.jpg,128,85,7699,71c13f9b0ba6b0f3fbb72606b76d168dd94f9597,a088c8e187979286,train
cattle_6226,cattle_6226_DSCF7617.jpg,BeefCattle_Muzzle_Individualized/cattle_6226/cattle_6226_DSCF7617.jpg,210,169,7617,74301eebb2eec68045da208d1318165162bfb2ae,c4ccd8d99d1f1b0b,test
cattle_6226,cattle_6226_DSCF7618.jpg,BeefCattle_Muzzle_Individualized/cattle_6226/cattle_6226_DSCF7618.jpg,210,173,7618,d8b7c919cad3fd39bb66f49e3aee0c7283cabc62,948cd8d9991f3b0b,test
cattle_6226,cattle_6226_DSCF7619.jpg,BeefCattle_Muzzle_Individualized/cattle_6226/cattle_6226_DSCF7619.jpg,212,165,7619,bea86176287ca635e0d80f323d9da1bdb2cbf903,848cd8d9991e3f03,test
cattle_6226,cattle_6226_DSCF7621.jpg,BeefCattle_Muzzle_Individualized/cattle_6226/cattle_6226_DSCF7621.jpg,207,159,7621,80eb4f1473a584d3c434194dd079d132bc716aa0,8cccd8d9191f3b0b,test
cattle_6226,cattle_6226_DSCF7623.jpg,BeefCattle_Muzzle_Individualized/cattle_6226/cattle_6226_DSCF7623.jpg,199,157,7623,cdb14dc31f2342aa40b586b43816642d83cf653e,848cd8d8999f1b0b,test
cattle_6226,cattle_6226_DSCF7624.jpg,BeefCattle_Muzzle_Individualized/cattle_6226/cattle_6226_DSCF7624.jpg,201,155,7624,69bb92242c1258544b31d9161f3a00c69ec4824c,848cd8d9191f1b0b,test
cattle_6226,cattle_6226_DSCF7625.jpg,BeefCattle_Muzzle_Individualized/cattle_6226/cattle_6226_DSCF7625.jpg,194,147,7625,1d23b2914657b8182e61710e0d6f1742d0ed8239,8c9cd8f9191e3f03,test
cattle_6226,cattle_6226_DSCF7626.jpg,BeefCattle_Muzzle_Individualized/cattle_6226/cattle_6226_DSCF7626.jpg,192,154,7626,72aaf9f0c12e756720125b19a722c257fef23a31,849cd8d9191f1f03,test
cattle_6226,cattle_6226_DSCF7627.jpg,BeefCattle_Muzzle_Individualized/cattle_6226/cattle_6226_DSCF7627.jpg,202,161,7627,c243c894132fd8b0ca52960a5d62c22db59a62d5,ceceec6ccd9f1b0b,test
cattle_6226,cattle_6226_DSCF7629.jpg,BeefCattle_Muzzle_Individualized/cattle_6226/cattle_6226_DSCF7629.jpg,199,158,7629,9c39d7090938caabc5afd72897fea49c678898e6,ceccec6cdd9f1b03,test
cattle_6226,cattle_6226_DSCF7632.jpg,BeefCattle_Muzzle_Individualized/cattle_6226/cattle_6226_DSCF7632.jpg,204,161,7632,d5543b51003bb7cab35b12ecf119aad13bbba5bb,deceec6c4d9f1b03,test
cattle_6237,cattle_6237_DSCF7419.jpg,BeefCattle_Muzzle_Individualized/cattle_6237/cattle_6237_DSCF7419.jpg,92,73,7419,98f29cf55ce569b8881251ee6a8daf74a41c4208,888cc061919694d8,train
cattle_6237,cattle_6237_DSCF7420.jpg,BeefCattle_Muzzle_Individualized/cattle_6237/cattle_6237_DSCF7420.jpg,95,75,7420,0967b4f19e4b1ed002758bc1dbb5dd1e16f004a0,888cc071919494dc,train
cattle_6237,cattle_6237_DSCF7421.jpg,BeefCattle_Muzzle_Individualized/cattle_6237/cattle_6237_DSCF7421.jpg,89,75,7421,38456715e831b146dbe7cfa5d407b91c7b6e8fdd,8c8cc0f1909494d8,train
cattle_6237,cattle_6237_DSCF7423.jpg,BeefCattle_Muzzle_Individualized/cattle_6237/cattle_6237_DSCF7423.jpg,88,70,7423,229020d27e722998f0ebf73b86f83c1d126eb4f7,868cc0f1b19494d8,train
cattle_6237,cattle_6237_DSCF7424.jpg,BeefCattle_Muzzle_Individualized/cattle_6237/cattle_6237_DSCF7424.jpg,80,67,7424,63193e056e5e25b4e30d0ab771908001582edc44,068cc0c0b1969cdc,train
cattle_6253,cattle_6253_DSCF6947.jpg,BeefCattle_Muzzle_Individualized/cattle_6253/cattle_6253_DSCF6947.jpg,140,101,6947,b60b0d87cf864668daacc7b266949a29b7628602,1998d870d09090c0,test
cattle_6253,cattle_6253_DSCF6949.jpg,BeefCattle_Muzzle_Individualized/cattle_6253/cattle_6253_DSCF6949.jpg,136,100,6949,fdb6393335218c2b5eb7c1a8bc13aa7ae58c48fa,9898d8709090d0c0,test
cattle_6253,cattle_6253_DSCF6951.jpg,BeefCattle_Muzzle_Individualized/cattle_6253/cattle_6253_DSCF6951.jpg,134,103,6951,f6dae01a07edc12bf88ca3df9e5ecd791edc743d,0998d0f0909090cc,test
cattle_6253,cattle_6253_DSCF6952.jpg,BeefCattle_Muzzle_Individualized/cattle_6253/cattle_6253_DSCF6952.jpg,132,102,6952,7134ec0b1f63036632215a51d73cbb82ac2ea883,1998f0709090908c,test
cattle_6253,cattle_6253_DSCF6953.jpg,BeefCattle_Muzzle_Individualized/cattle_6253/cattle_6253_DSCF6953.jpg,139,107,6953,c4ca665cb24a953b16e7a9076afb9c0c682c599c,0d89d870f09090cc,test
cattle_6253,cattle_6253_DSCF6954.jpg,BeefCattle_Muzzle_Individualized/cattle_6253/cattle_6253_DSCF6954.jpg,136,101,6954,313fbfda61e98757bfbb298429035ec5af7c731e,098cf8f0f09090cc,test
cattle_6266,cattle_6266_DSCF8031.jpg,BeefCattle_Muzzle_Individualized/cattle_6266/cattle_6266_DSCF8031.jpg,198,154,8031,1cd681752daf95296127b052b935bda33dd7b283,0c8cf0f070b08cf4,dev
cattle_6266,cattle_6266_DSCF8033.jpg,BeefCattle_Muzzle_Individualized/cattle_6266/cattle_6266_DSCF8033.jpg,191,166,8033,a0caaa5c955ab45e4f04b3994033322cce0758e4,0e8cf87070b084d6,dev
cattle_6266,cattle_6266_DSCF8034.jpg,BeefCattle_Muzzle_Individualized/cattle_6266/cattle_6266_DSCF8034.jpg,199,165,8034,6c60fd0e63245d8aa57946d7fc8dadf205413365,0c8c707070b0c4f6,dev
cattle_6266,cattle_6266_DSCF8035.jpg,BeefCattle_Muzzle_Individualized/cattle_6266/cattle_6266_DSCF8035.jpg,193,160,8035,0672a232bfe82b2c0624f981818cc6bb082d1b33,0c8cf070f0b08cb6,dev
cattle_6266,cattle_6266_DSCF8036.jpg,BeefCattle_Muzzle_Individualized/cattle_6266/cattle_6266_DSCF8036.jpg,199,161,8036,899323b57f6d01e06bd5cce218bb132080196d47,0c8cf87070f084d4,dev
cattle_6266,cattle_6266_DSCF8037.jpg,BeefCattle_Muzzle_Individualized/cattle_6266/cattle_6266_DSCF8037.jpg,205,158,8037,dceb597215975986a47153090e9cda739352579d,8ccc717170b0ccf4,dev
cattle_6266,cattle_6266_DSCF8038.jpg,BeefCattle_Muzzle_Individualized/cattle_6266/cattle_6266_DSCF8038.jpg,198,160,8038,f1a48b43acc3cd01ce1f1d8e7dca21f70401b168,8cdcf17170a4ccf4,dev
cattle_6266,cattle_6266_DSCF8039.jpg,BeefCattle_Muzzle_Individualized/cattle_6266/cattle_6266_DSCF8039.jpg,201,165,8039,c15c38128a20964f299e51aadca2e5e3e1beea63,8c9c717070b4e4f6,dev
cattle_6276,cattle_6276_DSCF7933.jpg,BeefCattle_Muzzle_Individualized/cattle_6276/cattle_6276_DSCF7933.jpg,244,186,7933,904fc826725a829ae9dec467a218c7aab2bf1235,88d87070908682cc,train
cattle_6276,cattle_6276_DSCF7934.jpg,BeefCattle_Muzzle_Individualized/cattle_6276/cattle_6276_DSCF7934.jpg,250,185,7934,c41f0183adf238505a0b8c9b39911b07c839c6ad,08d8f071908484cc,train
cattle_6276,cattle_6276_DSCF7935.jpg,BeefCattle_Muzzle_Individualized/cattle_6276/cattle_6276_DSCF7935.jpg,244,194,7935,5889a9c89d6c0445f8723b8effbbcf3ed4227da8,08d8f070909682cc,train
cattle_6276,cattle_6276_DSCF7938.jpg,BeefCattle_Muzzle_Individualized/cattle_6276/cattle_6276_DSCF7938.jpg,255,188,7938,a366173730bc52a494e3d38cf96616f08173b7aa,88d87170909e80cc,train
cattle_6276,cattle_6276_DSCF7941.jpg,BeefCattle_Muzzle_Individualized/cattle_6276/cattle_6276_DSCF7941.jpg,253,189,7941,e0438a74d6665c5abcbaee7d10ac2fb812e3fcac,88c87070d09692cc,train
cattle_6276,cattle_6276_DSCF7942.jpg,BeefCattle_Muzzle_Individualized/cattle_6276/cattle_6276_DSCF7942.jpg,247,185,7942,a0e3d0f7dccbc632ddba2c9ca997ffb3f95ecc99,88d87070909e82c4,train
cattle_6276,cattle_6276_DSCF7943.jpg,BeefCattle_Muzzle_Individualized/cattle_6276/cattle_6276_DSCF7943.jpg,243,192,7943,3ce50af7614cb0b393697b2d8af45beb04952c78,08c8f070d09e92e0,train
cattle_6276,cattle_6276_DSCF7945.jpg,BeefCattle_Muzzle_Individualized/cattle_6276/cattle_6276_DSCF7945.jpg,246,191,7945,42f121a2f1ca87b735123c64544448de31437a7a,08d8f070d09682c6,train
cattle_6276,cattle_6276_DSCF7946.jpg,BeefCattle_Muzzle_Individualized/cattle_6276/cattle_6276_DSCF7946.jpg,247,185,7946,a29b264c4188bef290adf4e68a0ae64fef41df07,08d8f0f1d09682e2,train
cattle_6276,cattle_6276_DSCF7947.jpg,BeefCattle_Muzzle_Individualized/cattle_6276/cattle_6276_DSCF7947.jpg,255,183,7947,b136a605e251b99491267fe03a2c560f3d9984f6,88d0f1f09096804c,train
cattle_6277,cattle_6277_DSCF7125.jpg,BeefCattle_Muzzle_Individualized/cattle_6277/cattle_6277_DSCF7125.jpg,187,146,7125,f2f4d195d4bfe3ca558e87f5c9f8ca383926cfef,ecccc0e1618696c2,train
cattle_6277,cattle_6277_DSCF7126.jpg,BeefCattle_Muzzle_Individualized/cattle_6277/cattle_6277_DSCF7126.jpg,182,130,7126,d519c796fc750448c966ab60b965bee029cf4959,efc4f060658796c2,train
cattle_6277,cattle_6277_DSCF7127.jpg,BeefCattle_Muzzle_Individualized/cattle_6277/cattle_6277_DSCF7127.jpg,191,138,7127,52c331a70d46de2629bfb606508932c886d1ee23,e6ccf061279696c6,train
cattle_6277,cattle_6277_DSCF7128.jpg,BeefCattle_Muzzle_Individualized/cattle_6277/cattle_6277_DSCF7128.jpg,185,141,7128,07787eacfa80a3a9e76a0ec066b6e4f326694aa2,eeccf061659696c2,train
cattle_6277,cattle_6277_DSCF7129.jpg,BeefCattle_Muzzle_Individualized/cattle_6277/cattle_6277_DSCF7129.jpg,190,144,7129,f6357f023cf70a1c4fc6eeb7bc19dafc10767726,edcce860619696e2,train
cattle_6277,cattle_6277_DSCF7131.jpg,BeefCattle_Muzzle_Individualized/cattle_6277/cattle_6277_DSCF7131.jpg,185,132,7131,069c85ffc7cc5186b2fa35a85a1e8e4e4e191c87,efccf060618696c2,train
cattle_6277,cattle_6277_DSCF7134.jpg,BeefCattle_Muzzle_Individualized/cattle_6277/cattle_6277_DSCF7134.jpg,188,149,7134,1f41419b81b499ebba357fedb2419fbae24b75c4,efccf061659686c6,train
cattle_6277,cattle_6277_DSCF7135.jpg,BeefCattle_Muzzle_Individualized/cattle_6277/cattle_6277_DSCF7135.jpg,184,144,7135,ed564260be7c7627e8a583b8298e54139e665701,efcce0e0658787e2,train
cattle_6278,cattle_6278_DSCF7933.jpg,BeefCattle_Muzzle_Individualized/cattle_6278/cattle_6278_DSCF7933.jpg,215,157,7933,642ccf7c5c4799e07f9f3a6653f9691e86687992,0888f0711190c8cc,train
cattle_6278,cattle_6278_DSCF7934.jpg,BeefCattle_Muzzle_Individualized/cattle_6278/cattle_6278_DSCF7934.jpg,213,157,7934,50c1f88fa75fda7b5fbddc8a630fc6acd6bc5138,0888e8711180c8cc,train
cattle_6278,cattle_6278_DSCF7935.jpg,BeefCattle_Muzzle_Individualized/cattle_6278/cattle_6278_DSCF7935.jpg,212,152,7935,5374bd0ec81f715d9ccc708947be3b4174206b96,888860711188c8cc,train
cattle_6278,cattle_6278_DSCF7936.jpg,BeefCattle_Muzzle_Individualized/cattle_6278/cattle_6278_DSCF7936.jpg,213,158,7936,d8f495a7c191a28472862c212c9c0c63e9afa90e,8888e0711080c8cc,train
cattle_6278,cattle_6278_DSCF7938.jpg,BeefCattle_Muzzle_Individualized/cattle_6278/cattle_6278_DSCF7938.jpg,210,146,7938,482196b7ce0a2a2a99d4e98b21f8c83f3e6903f5,088860711190c8ec,train
cattle_6278,cattle_6278_DSCF7939.jpg,BeefCattle_Muzzle_Individualized/cattle_6278/cattle_6278_DSCF7939.jpg,212,151,7939,4a18e5dec842ea2e99760bfa091f9add8e228e68,189870711080e8cc,train
cattle_6278,cattle_6278_DSCF7944.jpg,BeefCattle_Muzzle_Individualized/cattle_6278/cattle_6278_DSCF7944.jpg,216,165,7944,b42319850e23e33c7869ff567e88ecddab241713,88d870711090c8cc,train
cattle_6282,cattle_6282_DSCF6798.jpg,BeefCattle_Muzzle_Individualized/cattle_6282/cattle_6282_DSCF6798.jpg,83,55,6798,f1949c9960e0f538487bfe5826efedc7b32c9979,ece46431b1cb8e8e,train
cattle_6282,cattle_6282_DSCF6799.jpg,BeefCattle_Muzzle_Individualized/cattle_6282/cattle_6282_DSCF6799.jpg,88,62,6799,d13106edd98fc86a8304ce124a8761bf8096006c,e8e8697133ca8e8e,train
cattle_6282,cattle_6282_DSCF6800.jpg,BeefCattle_Muzzle_Individualized/cattle_6282/cattle_6282_DSCF6800.jpg,86,61,6800,24624b7748635045cf6765f8618599519e706951,c8ec6971a38e8e8e,train
cattle_6282,cattle_6282_DSCF6803.jpg,BeefCattle_Muzzle_Individualized/cattle_6282/cattle_6282_DSCF6803.jpg,83,58,6803,567feb67d1d38f6dd6e1039f0ed237ead81d6321,e4e46430b9c1c78f,train
cattle_6282,cattle_6282_DSCF6804.jpg,BeefCattle_Muzzle_Individualized/cattle_6282/cattle_6282_DSCF6804.jpg,91,61,6804,32ed5bbe44bf32b2e999d206d9a6c344d5d2c2f2,cccc617131cac68e,train
cattle_6282,cattle_6282_DSCF6805.jpg,BeefCattle_Muzzle_Individualized/cattle_6282/cattle_6282_DSCF6805.jpg,86,59,6805,3c8b68833de06f0164d8df47e3eb9e00e2862ca0,ecece47131c3c7ce,train
cattle_6282,cattle_6282_DSCF6807.jpg,BeefCattle_Muzzle_Individualized/cattle_6282/cattle_6282_DSCF6807.jpg,148,107,6807,7fda1548ff2309e1bd24f0c683d710e84f0eb728,ecec6071b1ca87ce,train
cattle_6282,cattle_6282_DSCF6808.jpg,BeefCattle_Muzzle_Individualized/cattle_6282/cattle_6282_DSCF6808.jpg,142,103,6808,1da917f0abe4736fc3108ce51e55ebf67ffe06ce,e8e46071b18b878e,train
cattle_6282,cattle_6282_DSCF6809.jpg,BeefCattle_Muzzle_Individualized/cattle_6282/cattle_6282_DSCF6809.jpg,139,103,6809,d494cf7a817c6bdb0f9de8587b8aea2decedcb7d,ecc8647031838787,train
cattle_6282,cattle_6282_DSCF6810.jpg,BeefCattle_Muzzle_Individualized/cattle_6282/cattle_6282_DSCF6810.jpg,142,106,6810,bd930cda92ec1bb22291ab72cad08f2968bf5bb5,c4cce47031c18b8f,train
cattle_6282,cattle_6282_DSCF6811.jpg,BeefCattle_Muzzle_Individualized/cattle_6282/cattle_6282_DSCF6811.jpg,136,99,6811,41a6ba8823f1d0445ca0325baf0d48f937bcc48b,cce46471318b8b8f,train
cattle_6282,cattle_6282_DSCF6908.jpg,BeefCattle_Muzzle_Individualized/cattle_6282/cattle_6282_DSCF6908.jpg,196,141,6908,2423d70f8b8110151fce9003fbd81d66802afc8b,8ecee870f0c0c8cc,train
cattle_6287,cattle_6287_DSCF7489.jpg,BeefCattle_Muzzle_Individualized/cattle_6287/cattle_6287_DSCF7489.jpg,182,140,7489,3980abe077a6089c034f3c7acd25a6c0eab4f176,e9c0e0694a8eacec,test
cattle_6287,cattle_6287_DSCF7493.jpg,BeefCattle_Muzzle_Individualized/cattle_6287/cattle_6287_DSCF7493.jpg,179,141,7493,612678355bb6e7bd608a1aa94efbd175f1ebf3be,e9e0e8696a8facec,test
cattle_6287,cattle_6287_DSCF7494.jpg,BeefCattle_Muzzle_Individualized/cattle_6287/cattle_6287_DSCF7494.jpg,184,143,7494,79bf59536729eb647981df6fadaaa6116eafd8e6,e8e0e8696a8eacfc,test
cattle_6287,cattle_6287_DSCF7497.jpg,BeefCattle_Muzzle_Individualized/cattle_6287/cattle_6287_DSCF7497.jpg,179,140,7497,2c0debe1d625f2f33b7dac157a8199fd5e9609db,e9c0e869668eacec,test
cattle_6287,cattle_6287_DSCF7498.jpg,BeefCattle_Muzzle_Individualized/cattle_6287/cattle_6287_DSCF7498.jpg,182,140,7498,e1c8c5b12bd82f7c0052d2af8e7249710cd356df,e8c0e061668eacfc,test
cattle_6287,cattle_6287_DSCF7499.jpg,BeefCattle_Muzzle_Individualized/cattle_6287/cattle_6287_DSCF7499.jpg,179,137,7499,3a9f4524279f9e06e757c0bfa5ad399105727e89,e8e0e869ee8eacec,test
cattle_6287,cattle_6287_DSCF7500.jpg,BeefCattle_Muzzle_Individualized/cattle_6287/cattle_6287_DSCF7500.jpg,182,146,7500,619227df06191faeeb97d08cc3027a9f7c7e76d8,69c0e069648eacec,test
cattle_6287,cattle_6287_DSCF7501.jpg,BeefCattle_Muzzle_Individualized/cattle_6287/cattle_6287_DSCF7501.jpg,179,137,7501,6d9d081678cba2a70adfec75bd7087421e1aee9a,e8c0e8698e8eacec,test
cattle_6294,cattle_6294_DSCF9249.jpg,BeefCattle_Muzzle_Individualized/cattle_6294/cattle_6294_DSCF9249.jpg,235,186,9249,05288f71c26a6e03f9e46438c095df724cd27b9d,d8f071311116141c,train
cattle_6294,cattle_6294_DSCF9251.jpg,BeefCattle_Muzzle_Individualized/cattle_6294/cattle_6294_DSCF9251.jpg,225,186,9251,1798074da0367477dba3242313f693ed4fb21f70,d8f07171111e1616,train
cattle_6294,cattle_6294_DSCF9253.jpg,BeefCattle_Muzzle_Individualized/cattle_6294/cattle_6294_DSCF9253.jpg,235,189,9253,f739b2734bcc9f8f91bd63047e02ad00580a0554,d8d0717111161406,train
cattle_6294,cattle_6294_DSCF9255.jpg,BeefCattle_Muzzle_Individualized/cattle_6294/cattle_6294_DSCF9255.jpg,237,177,9255,843a5da24dcf520b31a8ac3bdf180437b0122055,d8d0717111161614,train
cattle_6294,cattle_6294_DSCF9256.jpg,BeefCattle_Muzzle_Individualized/cattle_6294/cattle_6294_DSCF9256.jpg,221,190,9256,9c17ce32bc5eab0f986132eeb9f5f2f7aec831bf,d8d0e16111161606,train
cattle_6294,cattle_6294_DSCF9257.jpg,BeefCattle_Muzzle_Individualized/cattle_6294/cattle_6294_DSCF9257.jpg,545,437,9257,b39c469e558dbd9b6aea4f4bc2bd600851bfa502,98d0e12331161404,train
cattle_6294,cattle_6294_DSCF9258.jpg,BeefCattle_Muzzle_Individualized/cattle_6294/cattle_6294_DSCF9258.jpg,527,455,9258,245c44c2e97606893af1e6a1e7229b8df52add90,c8d0e12111161616,train
cattle_6295,cattle_6295_DSCF7449.jpg,BeefCattle_Muzzle_Individualized/cattle_6295/cattle_6295_DSCF7449.jpg,94,72,7449,660aa4918d2e233ab5f5c6875d5f82a31527849d,88c85879999898c4,test
cattle_6295,cattle_6295_DSCF7451.jpg,BeefCattle_Muzzle_Individualized/cattle_6295/cattle_6295_DSCF7451.jpg,88,67,7451,6a1bb72c18f60f27543c3dd4739571fb1ad28630,88c86879999898ce,test
cattle_6295,cattle_6295_DSCF7452.jpg,BeefCattle_Muzzle_Individualized/cattle_6295/cattle_6295_DSCF7452.jpg,94,70,7452,efdccd74abc4d724aa976dd33e0b1a27496c3615,88d859799a9898cc,test
cattle_6295,cattle_6295_DSCF7453.jpg,BeefCattle_Muzzle_Individualized/cattle_6295/cattle_6295_DSCF7453.jpg,91,68,7453,a010d50302c348a5033d3d68372e07cf089d6d4a,88d8d851199898dc,test
cattle_6295,cattle_6295_DSCF7454.jpg,BeefCattle_Muzzle_Individualized/cattle_6295/cattle_6295_DSCF7454.jpg,94,68,7454,b5d9a22dc5afb8c2c41a458238421ee8fafdc830,88d8d951939898dc,test
cattle_6295,cattle_6295_DSCF7455.jpg,BeefCattle_Muzzle_Individualized/cattle_6295/cattle_6295_DSCF7455.jpg,88,70,7455,e9c3a7d1e4cd8c2ab8a7d3518308823d014d0e02,88d8d871139a9cce,test
cattle_6295,cattle_6295_DSCF7456.jpg,BeefCattle_Muzzle_Individualized/cattle_6295/cattle_6295_DSCF7456.jpg,89,67,7456,b5d2765d5e85cba1a8c6170d466403b7c858b7cf,8cd859319b9a9cc6,test
cattle_6295,cattle_6295_DSCF7457.jpg,BeefCattle_Muzzle_Individualized/cattle_6295/cattle_6295_DSCF7457.jpg,91,70,7457,29c5af64e6eaa75813e4ac63882b32cc5c64301d,eecc78793bbefcc6,test
cattle_6295,cattle_6295_DSCF7458.jpg,BeefCattle_Muzzle_Individualized/cattle_6295/cattle_6295_DSCF7458.jpg,94,70,7458,fded9e09a4259e5312d065d7ed7dc6de25da7a7a,ece87979b3bedcc4,test
cattle_6313,cattle_6313_DSCF8743.jpg,BeefCattle_Muzzle_Individualized/cattle_6313/cattle_6313_DSCF8743.jpg,94,65,8743,8e4211cb3dcc5036c171c69931f533a9cdb7148b,8eecf07111a6a69c,train
cattle_6313,cattle_6313_DSCF8744.jpg,BeefCattle_Muzzle_Individualized/cattle_6313/cattle_6313_DSCF8744.jpg,97,67,8744,a0e3e6cb06757198146a845f3ae0a089443d88c0,0bcce0717184ae9c,train
cattle_6313,cattle_6313_DSCF8745.jpg,BeefCattle_Muzzle_Individualized/cattle_6313/cattle_6313_DSCF8745.jpg,99,64,8745,26947a4fb2b056b6af57420ba23fff5769f3f6cd,cee470719586d6dc,train
cattle_6313,cattle_6313_DSCF8746.jpg,BeefCattle_Muzzle_Individualized/cattle_6313/cattle_6313_DSCF8746.jpg,95,65,8746,dda075ed7fcf781e321611ddef975da1ddaf674e,c7e678707096d6ce,train
cattle_6313,cattle_6313_DSCF8747.jpg,BeefCattle_Muzzle_Individualized/cattle_6313/cattle_6313_DSCF8747.jpg,97,62,8747,65d1c7d7760f8b294baa5bdf0779a6c02ce0c1d1,ceec7070118686dc,train
cattle_6313,cattle_6313_DSCF8748.jpg,BeefCattle_Muzzle_Individualized/cattle_6313/cattle_6313_DSCF8748.jpg,105,64,8748,f29fe15c3c1dcb49b5d20eba454d055acbd614ea,ceec70719186c6dc,train
cattle_6313,cattle_6313_DSCF8749.jpg,BeefCattle_Muzzle_Individualized/cattle_6313/cattle_6313_DSCF8749.jpg,97,64,8749,02a288201c6184d83b76cce3e0d9f1093eb56bf9,c6e470709596c6dc,train
cattle_6313,cattle_6313_DSCF8750.jpg,BeefCattle_Muzzle_Individualized/cattle_6313/cattle_6313_DSCF8750.jpg,100,73,8750,9b573917c113884d72a540e0324ca82e1d15b0b6,8fc6e0707196c6dc,train
cattle_6313,cattle_6313_DSCF8751.jpg,BeefCattle_Muzzle_Individualized/cattle_6313/cattle_6313_DSCF8751.jpg,99,70,8751,5d65d16cfc4d39cc33fcfb919b681afe1626f755,8bcee8717184a6dc,train
cattle_6313,cattle_6313_DSCF8752.jpg,BeefCattle_Muzzle_Individualized/cattle_6313/cattle_6313_DSCF8752.jpg,97,68,8752,67f74cf436ffa9cb127b52d006c7c340bc0b1a34,0bcee8707194a69c,train
cattle_6313,cattle_6313_DSCF8753.jpg,BeefCattle_Muzzle_Individualized/cattle_6313/cattle_6313_DSCF8753.jpg,94,65,8753,039eed4d367f7656683409bf09b78c8332980ae8,8fe4f0705186a69e,train
cattle_6313,cattle_6313_DSCF8754.jpg,BeefCattle_Muzzle_Individualized/cattle_6313/cattle_6313_DSCF8754.jpg,94,62,8754,e068428fe6a142be7539ea562fd822f8ea2a0925,8fe4f0707196a69c,train
cattle_6313,cattle_6313_DSCF8755.jpg,BeefCattle_Muzzle_Individualized/cattle_6313/cattle_6313_DSCF8755.jpg,105,67,8755,5cb246dc1a73157dd6fa949f062f3b6e588ecb9f,8fc6707031d4c6dc,train
cattle_6313,cattle_6313_DSCF8756.jpg,BeefCattle_Muzzle_Individualized/cattle_6313/cattle_6313_DSCF8756.jpg,97,65,8756,8cfc11c3656ef5c5d9c297dbfafa29ebf9d7c478,8fecf8717196a69c,train
cattle_6313,cattle_6313_DSCF8757.jpg,BeefCattle_Muzzle_Individualized/cattle_6313/cattle_6313_DSCF8757.jpg,100,68,8757,d0a3682cbb4f6cef0a868a14e549012f2ad38b39,8fcee8717194a69c,train
cattle_6313,cattle_6313_DSCF8758.jpg,BeefCattle_Muzzle_Individualized/cattle_6313/cattle_6313_DSCF8758.jpg,106,67,8758,eba044f65eb3835664eb0f98742b2e07f10617d0,c7e47870b1d6c6dc,train
cattle_6313,cattle_6313_DSCF8775.jpg,BeefCattle_Muzzle_Individualized/cattle_6313/cattle_6313_DSCF8775.jpg,100,64,8775,803f29c628ecc57ec24a2b23b6b82cadada45c8f,ceec7071519686dc,train
cattle_6313,cattle_6313_DSCF8776.jpg,BeefCattle_Muzzle_Individualized/cattle_6313/cattle_6313_DSCF8776.jpg,94,70,8776,f3b95ad0533a64c32a896d948e03dd744841e106,8fccf07055868e9e,train
cattle_6313,cattle_6313_DSCF8777.jpg,BeefCattle_Muzzle_Individualized/cattle_6313/cattle_6313_DSCF8777.jpg,97,65,8777,c42c5e91d2c72f6976c4c142fdc94a0e1f8852d1,cee470705586c6de,train
cattle_6313,cattle_6313_DSCF8781.jpg,BeefCattle_Muzzle_Individualized/cattle_6313/cattle_6313_DSCF8781.jpg,94,65,8781,33b14195cad6bbeaf684581ed87cb5d78404048e,c6e87070958696de,train
cattle_6313,cattle_6313_DSCF8782.jpg,BeefCattle_Muzzle_Individualized/cattle_6313/cattle_6313_DSCF8782.jpg,95,64,8782,6ba84b19ef54a07c2671a1a882a4be2bf8ad1a2a,8fecf070719686ce,train
cattle_6313,cattle_6313_DSCF8783.jpg,BeefCattle_Muzzle_Individualized/cattle_6313/cattle_6313_DSCF8783.jpg,99,72,8783,5c553113c4a639cdba5126641ed06c931968fc20,8eec70719586dcfc,train
cattle_6313,cattle_6313_DSCF8786.jpg,BeefCattle_Muzzle_Individualized/cattle_6313/cattle_6313_DSCF8786.jpg,92,59,8786,cf39dd535158a3c8f84fde0705b0fb1c1f0d8e5f,c6e470705196a68e,train
cattle_6313,cattle_6313_DSCF8788.jpg,BeefCattle_Muzzle_Individualized/cattle_6313/cattle_6313_DSCF8788.jpg,92,67,8788,aff07c95da6c47d248dd855c9aa9f7c205f76852,8fe4f8705586869e,train
cattle_6313,cattle_6313_DSCF8789.jpg,BeefCattle_Muzzle_Individualized/cattle_6313/cattle_6313_DSCF8789.jpg,97,72,8789,6a4e8059cf8c83dcb904367eb2bd839435dafa63,8fe4f0715586c6dc,train
cattle_6313,cattle_6313_DSCF8790.jpg,BeefCattle_Muzzle_Individualized/cattle_6313/cattle_6313_DSCF8790.jpg,92,68,8790,10dfb3f964852e176072bbbb00e28914f9d84c8a,8dc6f070709686ce,train
cattle_6313,cattle_6313_DSCF8792.jpg,BeefCattle_Muzzle_Individualized/cattle_6313/cattle_6313_DSCF8792.jpg,100,64,8792,ded678bb34ebc9ac1548929ee99fee33e92aa377,c6e070715586c6dc,train
cattle_6331,cattle_6331_DSCF8743.jpg,BeefCattle_Muzzle_Individualized/cattle_6331/cattle_6331_DSCF8743.jpg,83,61,8743,13799cd02be83e7193c78fa13159ad6c1bb27a24,f4f07171919eb28e,train
cattle_6331,cattle_6331_DSCF8744.jpg,BeefCattle_Muzzle_Individualized/cattle_6331/cattle_6331_DSCF8744.jpg,81,64,8744,a5b436068c6b4f08dc504cd9ebf7b94af8449817,daf07070598b938f,train
cattle_6331,cattle_6331_DSCF8745.jpg,BeefCattle_Muzzle_Individualized/cattle_6331/cattle_6331_DSCF8745.jpg,91,62,8745,4f250b3e1c924feb8639ecefee7dae0d197ffa2f,fef0703171cadac2,train
cattle_6331,cattle_6331_DSCF8746.jpg,BeefCattle_Muzzle_Individualized/cattle_6331/cattle_6331_DSCF8746.jpg,88,65,8746,a71d2d3245c4ebbd3b8d8b41ff77261d03cb58bc,cef07071718a928e,train
cattle_6331,cattle_6331_DSCF8747.jpg,BeefCattle_Muzzle_Individualized/cattle_6331/cattle_6331_DSCF8747.jpg,91,61,8747,4583ec502a0c9adb84693585af1947ae1608fad7,fcf07171718a9282,train
cattle_6331,cattle_6331_DSCF8748.jpg,BeefCattle_Muzzle_Individualized/cattle_6331/cattle_6331_DSCF8748.jpg,91,64,8748,a82b088f9acbef3b4a31be9461d44b6915406641,ecf0707171ca92c2,train
cattle_6331,cattle_6331_DSCF8749.jpg,BeefCattle_Muzzle_Individualized/cattle_6331/cattle_6331_DSCF8749.jpg,89,56,8749,d06d6cd5001319d597f2a19a022512d66f61b029,9cf0717171829e92,train
cattle_6331,cattle_6331_DSCF8750.jpg,BeefCattle_Muzzle_Individualized/cattle_6331/cattle_6331_DSCF8750.jpg,83,65,8750,fe3019eca8d34eac92a7c66aad702e0be493f634,9af07071d18a9288,train
cattle_6331,cattle_6331_DSCF8751.jpg,BeefCattle_Muzzle_Individualized/cattle_6331/cattle_6331_DSCF8751.jpg,92,61,8751,71f710a747c643159928e12f2bd55cb1926313e1,c8f07171718a9292,train
cattle_6331,cattle_6331_DSCF8752.jpg,BeefCattle_Muzzle_Individualized/cattle_6331/cattle_6331_DSCF8752.jpg,86,65,8752,c43383f959c0022a3a48e1c21290a449af7a5f99,ccf0f071718a928a,train
cattle_6331,cattle_6331_DSCF8753.jpg,BeefCattle_Muzzle_Individualized/cattle_6331/cattle_6331_DSCF8753.jpg,86,61,8753,2c57f20fb11b447d0cfd06d3a1453895358b2909,b4f0f171718e9282,train
cattle_6331,cattle_6331_DSCF8754.jpg,BeefCattle_Muzzle_Individualized/cattle_6331/cattle_6331_DSCF8754.jpg,92,64,8754,fa4de846d9bc81214d8e635253932fc6df5909e9,ecf07171718e928a,train
cattle_6331,cattle_6331_DSCF8755.jpg,BeefCattle_Muzzle_Individualized/cattle_6331/cattle_6331_DSCF8755.jpg,83,61,8755,fbe6a6812b7a67826a1e73fe6110604fe1ee3025,daf07070718b9bc3,train
cattle_6331,cattle_6331_DSCF8757.jpg,BeefCattle_Muzzle_Individualized/cattle_6331/cattle_6331_DSCF8757.jpg,86,61,8757,887cf1193be783c6bed9588a5137f7f72d8d0c2b,eaf07071718b9a92,train
cattle_6331,cattle_6331_DSCF8758.jpg,BeefCattle_Muzzle_Individualized/cattle_6331/cattle_6331_DSCF8758.jpg,88,62,8758,90e64ead22f88a007a2219aeaa3ed476a95fcc19,eef8707131cbdad2,train
cattle_6331,cattle_6331_DSCF8759.jpg,BeefCattle_Muzzle_Individualized/cattle_6331/cattle_6331_DSCF8759.jpg,89,62,8759,8efdb1a89700dfd4f5eb7f05edda3698da5d3e47,9cf0e17171869282,train
cattle_6331,cattle_6331_DSCF8760.jpg,BeefCattle_Muzzle_Individualized/cattle_6331/cattle_6331_DSCF8760.jpg,86,55,8760,1bfa82fcc9b0927e0a57cc5d504dc4e78c02160c,d4f07071718e9292,train
cattle_6331,cattle_6331_DSCF8761.jpg,BeefCattle_Muzzle_Individualized/cattle_6331/cattle_6331_DSCF8761.jpg,86,56,8761,d6aa1343947d9a9d166597aa39e03a34533f3c7f,aef0707171918a92,train
cattle_6331,cattle_6331_DSCF8763.jpg,BeefCattle_Muzzle_Individualized/cattle_6331/cattle_6331_DSCF8763.jpg,88,59,8763,4cb0d8a88f0b8dba436e815f5c9a309b05e2253b,bcf06171718e9282,train
cattle_6331,cattle_6331_DSCF8764.jpg,BeefCattle_Muzzle_Individualized/cattle_6331/cattle_6331_DSCF8764.jpg,89,62,8764,563fa76ada47960a687e2bda19fe92d79f98ff80,c8f0e06161ccd6d2,train
cattle_6331,cattle_6331_DSCF8765.jpg,BeefCattle_Muzzle_Individualized/cattle_6331/cattle_6331_DSCF8765.jpg,81,61,8765,f65011f0a63e03c494f28e2e606bfe62d07f53c8,ccf0e060618e9692,train
cattle_6331,cattle_6331_DSCF8766.jpg,BeefCattle_Muzzle_Individualized/cattle_6331/cattle_6331_DSCF8766.jpg,80,59,8766,1d41cdf9d553909d25734639dfae845527e2d851,94e0e060618e9682,train
cattle_6331,cattle_6331_DSCF8768.jpg,BeefCattle_Muzzle_Individualized/cattle_6331/cattle_6331_DSCF8768.jpg,83,62,8768,2f0590f389e4fa16e845644103ed872d61a69d01,d8b0e0e1618c96b2,train
cattle_6331,cattle_6331_DSCF8770.jpg,BeefCattle_Muzzle_Individualized/cattle_6331/cattle_6331_DSCF8770.jpg,83,55,8770,c6d19cff386a46cc617bf02b6f160159ccc23174,9ef0707171878b92,train
cattle_6331,cattle_6331_DSCF8771.jpg,BeefCattle_Muzzle_Individualized/cattle_6331/cattle_6331_DSCF8771.jpg,91,64,8771,76db763617694a735972047ea976e32e4288601b,ccf0e17171869682,train
cattle_6331,cattle_6331_DSCF8773.jpg,BeefCattle_Muzzle_Individualized/cattle_6331/cattle_6331_DSCF8773.jpg,94,58,8773,a1893318261905e83b2b4b455cffc4698c750444,ecf0f17171829692,train
cattle_6331,cattle_6331_DSCF8774.jpg,BeefCattle_Muzzle_Individualized/cattle_6331/cattle_6331_DSCF8774.jpg,94,62,8774,0e5186e63548bc1174043c2524b7b88e7a2fb04d,ecf4f17171c3cad2,train
cattle_6333,cattle_6333_DSCF8733.jpg,BeefCattle_Muzzle_Individualized/cattle_6333/cattle_6333_DSCF8733.jpg,94,65,8733,036906dbd621aede816e7724a5c38b32aa81f1a7,a3f0707175d6c4f0,test
cattle_6333,cattle_6333_DSCF8734.jpg,BeefCattle_Muzzle_Individualized/cattle_6333/cattle_6333_DSCF8734.jpg,97,67,8734,a8c31f1fb13d8bf5961430e8b171e5d1d3dab034,22f0f17171d6c4d0,test
cattle_6333,cattle_6333_DSCF8736.jpg,BeefCattle_Muzzle_Individualized/cattle_6333/cattle_6333_DSCF8736.jpg,92,65,8736,b4c0bb96e99b5481bbc072c5f8a6181b991a8480,32f0707174d6c4f0,test
cattle_6333,cattle_6333_DSCF8743.jpg,BeefCattle_Muzzle_Individualized/cattle_6333/cattle_6333_DSCF8743.jpg,99,67,8743,377dc5cea7573bfb0731c7c6feaa900421e4e925,a2f07171949cd4d0,test
cattle_6333,cattle_6333_DSCF8744.jpg,BeefCattle_Muzzle_Individualized/cattle_6333/cattle_6333_DSCF8744.jpg,105,65,8744,e27c1fca150b71aecc5793933fd22d7df4583fbf,a6f06173d29cccf0,test
cattle_6333,cattle_6333_DSCF8745.jpg,BeefCattle_Muzzle_Individualized/cattle_6333/cattle_6333_DSCF8745.jpg,99,62,8745,5dba3ba6bc76527c385c89ad801fc8354c4ff605,26f4e17171948cd4,test
cattle_6333,cattle_6333_DSCF8746.jpg,BeefCattle_Muzzle_Individualized/cattle_6333/cattle_6333_DSCF8746.jpg,97,62,8746,287b63714aea5b4d3660664cb2e9f2026a6ab1df,26f0e1717196ccd0,test
cattle_6333,cattle_6333_DSCF8747.jpg,BeefCattle_Muzzle_Individualized/cattle_6333/cattle_6333_DSCF8747.jpg,102,64,8747,af4a1a067b426a44193a174fc93b8da47c2453ba,b2f07071b1d6c470,test
cattle_6333,cattle_6333_DSCF8748.jpg,BeefCattle_Muzzle_Individualized/cattle_6333/cattle_6333_DSCF8748.jpg,99,65,8748,db493546e98657f29e9616f22d3b0036a2303909,a6f06171d596c4f0,test
cattle_6333,cattle_6333_DSCF8750.jpg,BeefCattle_Muzzle_Individualized/cattle_6333/cattle_6333_DSCF8750.jpg,103,64,8750,90362b5f4a9cb10677b7e8b75475c7ab3c4fcb11,b4e17173948cd4d0,test
cattle_6333,cattle_6333_DSCF8751.jpg,BeefCattle_Muzzle_Individualized/cattle_6333/cattle_6333_DSCF8751.jpg,97,62,8751,b2cbf36562e798bdf7173a7b6f8b51b3100cdaa7,a3f0707131d6c6d4,test
cattle_6333,cattle_6333_DSCF8752.jpg,BeefCattle_Muzzle_Individualized/cattle_6333/cattle_6333_DSCF8752.jpg,105,64,8752,1c6d87b12009d763f6ccdf3d017fa5864d1584d7,a6f07171b0d4c4f0,test
cattle_6333,cattle_6333_DSCF8753.jpg,BeefCattle_Muzzle_Individualized/cattle_6333/cattle_6333_DSCF8753.jpg,100,64,8753,067beed41694022351cae752ae4ac632ba44f156,b6e0617196d4d4f0,test
cattle_6333,cattle_6333_DSCF8754.jpg,BeefCattle_Muzzle_Individualized/cattle_6333/cattle_6333_DSCF8754.jpg,102,65,8754,68816b7bffef2ce4a33cba86a84859ad2b9a2fcd,b2f07171b6d6c470,test
cattle_6333,cattle_6333_DSCF8755.jpg,BeefCattle_Muzzle_Individualized/cattle_6333/cattle_6333_DSCF8755.jpg,99,64,8755,4a45af0d98a7e52441c3227f284148b16a0cc2da,b2f07171d6d6c4f0,test
cattle_6333,cattle_6333_DSCF8756.jpg,BeefCattle_Muzzle_Individualized/cattle_6333/cattle_6333_DSCF8756.jpg,95,64,8756,251621032ba0b4cf4fca15607def5672cf391624,b2f07031d6d6c478,test
cattle_6333,cattle_6333_DSCF8757.jpg,BeefCattle_Muzzle_Individualized/cattle_6333/cattle_6333_DSCF8757.jpg,99,64,8757,d4669e40dda1a49705f3be05c2ba1397e6345326,a6f061717496c4d0,test
cattle_6333,cattle_6333_DSCF8758.jpg,BeefCattle_Muzzle_Individualized/cattle_6333/cattle_6333_DSCF8758.jpg,94,61,8758,1ab836bb402e62a451118e7f53025108c50434a4,b2f0707175d6c6f0,test
cattle_6333,cattle_6333_DSCF8759.jpg,BeefCattle_Muzzle_Individualized/cattle_6333/cattle_6333_DSCF8759.jpg,92,62,8759,fd05afb012e712a6a8955f362c144fb843f7ec38,27f2e07171d6d6c0,test
cattle_6333,cattle_6333_DSCF8762.jpg,BeefCattle_Muzzle_Individualized/cattle_6333/cattle_6333_DSCF8762.jpg,91,62,8762,3fff54cca96f12c346aa7082a0b72af2180dc6ca,32f0e0717596c4d0,test
cattle_6333,cattle_6333_DSCF8764.jpg,BeefCattle_Muzzle_Individualized/cattle_6333/cattle_6333_DSCF8764.jpg,88,62,8764,92721e3a8b665cd6596946009221da5f97ffb213,b2e07071d6d6c6f8,test
cattle_6333,cattle_6333_DSCF8766.jpg,BeefCattle_Muzzle_Individualized/cattle_6333/cattle_6333_DSCF8766.jpg,94,64,8766,e85d09e77953c296ac9dedfdde75948d33c5e950,22f060717196c6d0,test
cattle_6333,cattle_6333_DSCF8767.jpg,BeefCattle_Muzzle_Individualized/cattle_6333/cattle_6333_DSCF8767.jpg,89,65,8767,1f32896cd8873f708b0e370d19f373ed96216466,b3f0707196d6c6f8,test
cattle_6333,cattle_6333_DSCF8770.jpg,BeefCattle_Muzzle_Individualized/cattle_6333/cattle_6333_DSCF8770.jpg,91,58,8770,874d000b5374db9b37aec8e9c79643cb19ce1998,b2f0607175d6c6c0,test
cattle_6333,cattle_6333_DSCF8771.jpg,BeefCattle_Muzzle_Individualized/cattle_6333/cattle_6333_DSCF8771.jpg,92,65,8771,2483f6ba08fcfc50102df4fb110f50620a4ae08e,22f0e1715496c4d0,test
cattle_6333,cattle_6333_DSCF8772.jpg,BeefCattle_Muzzle_Individualized/cattle_6333/cattle_6333_DSCF8772.jpg,92,62,8772,f477265c91fea114ff0ea880add898aa18e4aed7,23f0e07171d6c6c0,test
cattle_6333,cattle_6333_DSCF8773.jpg,BeefCattle_Muzzle_Individualized/cattle_6333/cattle_6333_DSCF8773.jpg,92,62,8773,a726f78924fb31a8964c2c3153a896f2937042f4,b2e0717174d6c4f0,test
cattle_6333,cattle_6333_DSCF8774.jpg,BeefCattle_Muzzle_Individualized/cattle_6333/cattle_6333_DSCF8774.jpg,92,65,8774,f62ab051ddd0ab67170933dc05db8eeab0d31da3,22f0607175d6c6f0,test
cattle_6333,cattle_6333_DSCF8775.jpg,BeefCattle_Muzzle_Individualized/cattle_6333/cattle_6333_DSCF8775.jpg,89,62,8775,2dbd694646c00a6c8e3f67a94dfaf8fe41c119c1,b2f070715596c6d0,test
cattle_6333,cattle_6333_DSCF8776.jpg,BeefCattle_Muzzle_Individualized/cattle_6333/cattle_6333_DSCF8776.jpg,92,61,8776,fdd5fd42b431581ff43290dbf5345f7f1e52c7ca,b2e071715496c4d0,test
cattle_6333,cattle_6333_DSCF8778.jpg,BeefCattle_Muzzle_Individualized/cattle_6333/cattle_6333_DSCF8778.jpg,103,65,8778,a9da76b5fa02734af14f5671e149b622c0e1e0d2,a6f061717194ccf0,test
cattle_6333,cattle_6333_DSCF8780.jpg,BeefCattle_Muzzle_Individualized/cattle_6333/cattle_6333_DSCF8780.jpg,103,61,8780,442f940dc8ae54080abf981afb64ea41a61326d1,b2f0707131d6c644,test
cattle_6333,cattle_6333_DSCF8781.jpg,BeefCattle_Muzzle_Individualized/cattle_6333/cattle_6333_DSCF8781.jpg,103,65,8781,199ac3bc511a193adc11f9c048c3c7bfdf4600ad,a6f4717171d6ccd0,test
cattle_6333,cattle_6333_DSCF8783.jpg,BeefCattle_Muzzle_Individualized/cattle_6333/cattle_6333_DSCF8783.jpg,99,67,8783,448658a184ca8a3f0efd229f4f05932f69ea639a,b2f0707135d6cc70,test
cattle_6333,cattle_6333_DSCF8784.jpg,BeefCattle_Muzzle_Individualized/cattle_6333/cattle_6333_DSCF8784.jpg,109,68,8784,4191e14f0b42f7ac0f80a1a7840d1655ba04c323,8ef0617173d4c470,test
cattle_6333,cattle_6333_DSCF8785.jpg,BeefCattle_Muzzle_Individualized/cattle_6333/cattle_6333_DSCF8785.jpg,103,65,8785,593487ce9f85ffdcb5ea16479bc9c993b9f3e963,b2f0717176c6c470,test
cattle_6333,cattle_6333_DSCF8786.jpg,BeefCattle_Muzzle_Individualized/cattle_6333/cattle_6333_DSCF8786.jpg,105,65,8786,7801d21dda900e68de3fb5982b59bda0f3bd53ee,b6f0717134d6c470,test
cattle_6333,cattle_6333_DSCF8787.jpg,BeefCattle_Muzzle_Individualized/cattle_6333/cattle_6333_DSCF8787.jpg,102,59,8787,5a8e5b8c9c34471ef1587685d1554331e78288e2,b6f0617171d6ccd0,test
cattle_6333,cattle_6333_DSCF8789.jpg,BeefCattle_Muzzle_Individualized/cattle_6333/cattle_6333_DSCF8789.jpg,102,67,8789,698b8895cc4099f0f8f66a201f325bc14d829f93,aef0e17171d6c470,test
cattle_6333,cattle_6333_DSCF8790.jpg,BeefCattle_Muzzle_Individualized/cattle_6333/cattle_6333_DSCF8790.jpg,103,67,8790,d4a75190d38f13e7e7a1710c158415aa4a0b0c75,8eb0e07131d6c470,test
cattle_6333,cattle_6333_DSCF8791.jpg,BeefCattle_Muzzle_Individualized/cattle_6333/cattle_6333_DSCF8791.jpg,99,62,8791,8cdb913fc9056f1ac0e39e0efed67fa64f5b40a8,aef0607131d6c6c4,test
cattle_6442,cattle_6442_DSCF6968.jpg,BeefCattle_Muzzle_Individualized/cattle_6442/cattle_6442_DSCF6968.jpg,148,99,6968,2aade73bc76865295cebe746f511243b400bb467,aed4f4676efef1e8,train
cattle_6442,cattle_6442_DSCF6969.jpg,BeefCattle_Muzzle_Individualized/cattle_6442/cattle_6442_DSCF6969.jpg,116,79,6969,4f9f74c9d1a4313aa699ebf0f41aab58f67412ac,cee47179be96b2f2,train
cattle_6442,cattle_6442_DSCF6970.jpg,BeefCattle_Muzzle_Individualized/cattle_6442/cattle_6442_DSCF6970.jpg,109,79,6970,60b1dddbe5bc953916f5e895e0b6e1d95f128a5c,aeec61713f16b2f2,train
cattle_6442,cattle_6442_DSCF6971.jpg,BeefCattle_Muzzle_Individualized/cattle_6442/cattle_6442_DSCF6971.jpg,112,82,6971,431f0e6547c49ecbe73abe64a71392219ff0eeff,d7e47431bf57d3fb,train
cattle_6442,cattle_6442_DSCF6972.jpg,BeefCattle_Muzzle_Individualized/cattle_6442/cattle_6442_DSCF6972.jpg,109,78,6972,10dc2c0cdb6e2474d2cc59e85a075c2bca2bc826,8ee461713e96b2f2,train
cattle_6442,cattle_6442_DSCF6973.jpg,BeefCattle_Muzzle_Individualized/cattle_6442/cattle_6442_DSCF6973.jpg,106,79,6973,c1a8b0a8df4e7db891313f1b1f3164c8dfe1b2b4,afec61613b1692b2,train
cattle_6442,cattle_6442_DSCF6974.jpg,BeefCattle_Muzzle_Individualized/cattle_6442/cattle_6442_DSCF6974.jpg,106,79,6974,a6c61d31bd9fa8f73a6f123f5e7fb5253bb87c4d,aee475713f17b3fa,train
cattle_6442,cattle_6442_DSCF6975.jpg,BeefCattle_Muzzle_Individualized/cattle_6442/cattle_6442_DSCF6975.jpg,106,78,6975,eca379e8d1a6f2c933ffee1036cf3c8da4194e13,afcc61613b1e96f2,train
cattle_6442,cattle_6442_DSCF6976.jpg,BeefCattle_Muzzle_Individualized/cattle_6442/cattle_6442_DSCF6976.jpg,112,82,6976,27bc92790bb70f5eea3bab57c7feefae001bfe9e,abec61713b1692f2,train
cattle_6442,cattle_6442_DSCF6977.jpg,BeefCattle_Muzzle_Individualized/cattle_6442/cattle_6442_DSCF6977.jpg,108,82,6977,e6ff9a5b426459c9567970427039a38e9913ab86,ade475713f16f3fa,train
cattle_6442,cattle_6442_DSCF6978.jpg,BeefCattle_Muzzle_Individualized/cattle_6442/cattle_6442_DSCF6978.jpg,108,76,6978,0d7be97200e5c1d444e486160b648ee4589bed3d,aee471713f1693f2,train
cattle_6442,cattle_6442_DSCF6979.jpg,BeefCattle_Muzzle_Individualized/cattle_6442/cattle_6442_DSCF6979.jpg,128,96,6979,e430494209bc1b09c16d0cc725346aa1717fff03,aae871713f96b3f2,train
cattle_6442,cattle_6442_DSCF6980.jpg,BeefCattle_Muzzle_Individualized/cattle_6442/cattle_6442_DSCF6980.jpg,125,90,6980,5af382130a5c6455923404f8c8d79db16001bb5b,aae471713f9797b3,train
cattle_6446,cattle_6446_DSCF6939.jpg,BeefCattle_Muzzle_Individualized/cattle_6446/cattle_6446_DSCF6939.jpg,164,120,6939,4bc63ed79689f2df18e3386b3ec6ad381674090a,0c1c686919074e46,dev
cattle_6446,cattle_6446_DSCF6940.jpg,BeefCattle_Muzzle_Individualized/cattle_6446/cattle_6446_DSCF6940.jpg,167,118,6940,ecb16189364866248a9504b1f78f98004a04e9ea,1c5c786919064e47,dev
cattle_6446,cattle_6446_DSCF6941.jpg,BeefCattle_Muzzle_Individualized/cattle_6446/cattle_6446_DSCF6941.jpg,167,118,6941,0f650ee612ac37625851af1b4b0cf9b5eb1bb5df,0c1c7869190d0e47,dev
cattle_6446,cattle_6446_DSCF6942.jpg,BeefCattle_Muzzle_Individualized/cattle_6446/cattle_6446_DSCF6942.jpg,167,123,6942,d4cecb64944d157eab15ef379406150546e2cd73,8cc869790d0e4707,dev
cattle_6446,cattle_6446_DSCF6943.jpg,BeefCattle_Muzzle_Individualized/cattle_6446/cattle_6446_DSCF6943.jpg,165,113,6943,1033bed7787cd24ada8a6498bef33c0cd54dbcaf,0c4c686d19064e47,dev
cattle_6446,cattle_6446_DSCF6944.jpg,BeefCattle_Muzzle_Individualized/cattle_6446/cattle_6446_DSCF6944.jpg,160,124,6944,cc5dfc7aa145d68dc427c0e46d7efc5c4f352bcb,0cdced6d49478f07,dev
cattle_6446,cattle_6446_DSCF6945.jpg,BeefCattle_Muzzle_Individualized/cattle_6446/cattle_6446_DSCF6945.jpg,173,126,6945,2ec99332a3e9ad39b99e31914b47949384aba8d7,0c5c7979190e4f47,dev
cattle_6446,cattle_6446_DSCF6946.jpg,BeefCattle_Muzzle_Individualized/cattle_6446/cattle_6446_DSCF6946.jpg,171,135,6946,0eda4f5690fb41a4a8a1aa3eef6180d9136a0113,0c1c686919064607,dev
cattle_6458,cattle_6458_DSCF6981.jpg,BeefCattle_Muzzle_Individualized/cattle_6458/cattle_6458_DSCF6981.jpg,86,61,6981,8dd49d7bb8a674e497b87c1c6b223c9b8db70883,c6e4f071733696c6,test
cattle_6458,cattle_6458_DSCF6982.jpg,BeefCattle_Muzzle_Individualized/cattle_6458/cattle_6458_DSCF6982.jpg,85,70,6982,ce049c0135dc1990fbf77df1bc1e2fd8560338c5,eeceece171769696,test
cattle_6458,cattle_6458_DSCF6984.jpg,BeefCattle_Muzzle_Individualized/cattle_6458/cattle_6458_DSCF6984.jpg,92,68,6984,15950a8c455498b9fc10bd7724483e0bede91ebd,eeecec713296d6d6,test
cattle_6458,cattle_6458_DSCF7001.jpg,BeefCattle_Muzzle_Individualized/cattle_6458/cattle_6458_DSCF7001.jpg,162,129,7001,d200fd599758640162015fc11bb09ddadbe3c288,eecce8e1717ea6f2,test
cattle_6458,cattle_6458_DSCF7002.jpg,BeefCattle_Muzzle_Individualized/cattle_6458/cattle_6458_DSCF7002.jpg,157,129,7002,ee23c4232764166dddcf9209058133ae32e786d3,cecce8f1733ea6f6,test
cattle_6458,cattle_6458_DSCF7003.jpg,BeefCattle_Muzzle_Individualized/cattle_6458/cattle_6458_DSCF7003.jpg,157,127,7003,04d0bb29976bc9cf9a13776c238ef63cc6cd6d3c,eeece8f17136b6f2,test
cattle_6458,cattle_6458_DSCF7005.jpg,BeefCattle_Muzzle_Individualized/cattle_6458/cattle_6458_DSCF7005.jpg,161,120,7005,b5ec9ddaa703625d6cee3093b6da1d84bdc6afb5,eeeee8e9f1eeeee6,test
cattle_6458,cattle_6458_DSCF7006.jpg,BeefCattle_Muzzle_Individualized/cattle_6458/cattle_6458_DSCF7006.jpg,154,129,7006,f9a3e841ed6248b27fc691d51c3281f66387116c,e7c6e4e171eea6d2,test
cattle_6479,cattle_6479_DSCF7029.jpg,BeefCattle_Muzzle_Individualized/cattle_6479/cattle_6479_DSCF7029.jpg,131,98,7029,e85fb18709432de842319a30b0b324f89ecabd2a,fcf4717127a797c6,test
cattle_6479,cattle_6479_DSCF7030.jpg,BeefCattle_Muzzle_Individualized/cattle_6479/cattle_6479_DSCF7030.jpg,128,101,7030,1313ad6e835b6d66ce942aea405964984f2d11e2,fcf4f1712ea786c6,test
cattle_6479,cattle_6479_DSCF7031.jpg,BeefCattle_Muzzle_Individualized/cattle_6479/cattle_6479_DSCF7031.jpg,128,98,7031,05e7dc83f3eb0005ceb817f418618d2a55b6f8c6,fcf4f1716fa686c6,test
cattle_6479,cattle_6479_DSCF7032.jpg,BeefCattle_Muzzle_Individualized/cattle_6479/cattle_6479_DSCF7032.jpg,138,98,7032,7d3f1f8045119f5b48c3bb2dcd3b0714bd966d8c,eeecf16b6f6eaec4,test
cattle_6479,cattle_6479_DSCF7033.jpg,BeefCattle_Muzzle_Individualized/cattle_6479/cattle_6479_DSCF7033.jpg,131,100,7033,af378a1c1f904500b6735d560b87ac5dd60d3ff1,eeecf8e96feeeec4,test
cattle_6479,cattle_6479_DSCF7034.jpg,BeefCattle_Muzzle_Individualized/cattle_6479/cattle_6479_DSCF7034.jpg,127,103,7034,ddd7fc901dd6fe6fd1f2b0fdc5a5251085c294e2,eeece8e9edcececd,test
cattle_6479,cattle_6479_DSCF7035.jpg,BeefCattle_Muzzle_Individualized/cattle_6479/cattle_6479_DSCF7035.jpg,124,105,7035,d3f52349eaff758a117eb9d58313de391f521c45,ecf8f9f16f2e86c4,test
cattle_6479,cattle_6479_DSCF7036.jpg,BeefCattle_Muzzle_Individualized/cattle_6479/cattle_6479_DSCF7036.jpg,127,94,7036,eb0d9fb86c3147096a2a1f39e47ce727ddb04eae,fcf871713fa686c4,test
cattle_6479,cattle_6479_DSCF7037.jpg,BeefCattle_Muzzle_Individualized/cattle_6479/cattle_6479_DSCF7037.jpg,132,99,7037,28f2883eee016310a1d038193a1dac6bf9f46e0c,ecf8f1712fae86cc,test
cattle_6479,cattle_6479_DSCF7038.jpg,BeefCattle_Muzzle_Individualized/cattle_6479/cattle_6479_DSCF7038.jpg,132,99,7038,882d5ed831fa1a0e92f6aec49f67a2107b6ff831,ecfcf0717fae86cc,test
cattle_6479,cattle_6479_DSCF7039.jpg,BeefCattle_Muzzle_Individualized/cattle_6479/cattle_6479_DSCF7039.jpg,136,95,7039,e908e73772120db832bab9675780d7484532a716,fcfcf8717f2eaece,test
cattle_6479,cattle_6479_DSCF7040.jpg,BeefCattle_Muzzle_Individualized/cattle_6479/cattle_6479_DSCF7040.jpg,134,97,7040,4a52c71aaa62f6577259840045ff0caeab8108c2,f4f474716f2eaec6,test
cattle_6479,cattle_6479_DSCF7041.jpg,BeefCattle_Muzzle_Individualized/cattle_6479/cattle_6479_DSCF7041.jpg,129,97,7041,e349ae4b628256ea04a5b12ce76b2c365ff3027f,ecf4f471696e0ec6,test
cattle_6479,cattle_6479_DSCF7042.jpg,BeefCattle_Muzzle_Individualized/cattle_6479/cattle_6479_DSCF7042.jpg,134,99,7042,d42a77302659acc7db6403eeb102c9a4267de734,ecfcf0716b6eaecc,test
cattle_6479,cattle_6479_DSCF7043.jpg,BeefCattle_Muzzle_Individualized/cattle_6479/cattle_6479_DSCF7043.jpg,126,98,7043,88630468a947f0866f7241164fdf2d30c2dbb080,ecfcf0f16f6e4ecc,test
cattle_6499,cattle_6499_DSCF6854.jpg,BeefCattle_Muzzle_Individualized/cattle_6499/cattle_6499_DSCF6854.jpg,164,99,6854,2a01105c28a723b0c091376f83c772e12458a755,e8e8607131878707,dev
cattle_6499,cattle_6499_DSCF6856.jpg,BeefCattle_Muzzle_Individualized/cattle_6499/cattle_6499_DSCF6856.jpg,168,115,6856,4d8d1021d0e6df1f38b2a423cea3ed36ed47ab14,e8e8607131878f8f,dev
cattle_6499,cattle_6499_DSCF6857.jpg,BeefCattle_Muzzle_Individualized/cattle_6499/cattle_6499_DSCF6857.jpg,157,112,6857,bdf1400ab17740cf0e5789453a96ee2fc6e3f2cc,e8e8707031870787,dev
cattle_6499,cattle_6499_DSCF6858.jpg,BeefCattle_Muzzle_Individualized/cattle_6499/cattle_6499_DSCF6858.jpg,165,110,6858,ab222225e027786c9285ac1ad8656a217c3ac1e7,e8f8e07031070726,dev
cattle_6499,cattle_6499_DSCF6859.jpg,BeefCattle_Muzzle_Individualized/cattle_6499/cattle_6499_DSCF6859.jpg,171,110,6859,35dca9270d54f11734afa390e830c64a429903ef,e8f87070399797e6,dev
cattle_6499,cattle_6499_DSCF6860.jpg,BeefCattle_Muzzle_Individualized/cattle_6499/cattle_6499_DSCF6860.jpg,168,104,6860,1241be5f297d0c4770f98afc705e8c415f437532,e8f86071318787e7,dev
cattle_6499,cattle_6499_DSCF6862.jpg,BeefCattle_Muzzle_Individualized/cattle_6499/cattle_6499_DSCF6862.jpg,164,110,6862,884a4e1ca0e8529522f431a29d801ed19889c168,e8f8687031870787,dev
cattle_6505,cattle_6505_DSCF6985.jpg,BeefCattle_Muzzle_Individualized/cattle_6505/cattle_6505_DSCF6985.jpg,97,76,6985,197e52a43c372c536bf66ab3c6609fe86ad9c58c,f4f4707077c3e2c6,train
cattle_6505,cattle_6505_DSCF6986.jpg,BeefCattle_Muzzle_Individualized/cattle_6505/cattle_6505_DSCF6986.jpg,89,72,6986,c03c6711530268a1c62a22f66ded9e10f1f247c3,f0f47878f8c7c3c6,train
cattle_6505,cattle_6505_DSCF6987.jpg,BeefCattle_Muzzle_Individualized/cattle_6505/cattle_6505_DSCF6987.jpg,137,107,6987,0549849dd8f917d20f475edc2d4c44052a173e96,e6e4e071766686c6,train
cattle_6505,cattle_6505_DSCF6988.jpg,BeefCattle_Muzzle_Individualized/cattle_6505/cattle_6505_DSCF6988.jpg,134,108,6988,87adae68a2990ca51967e2e9caf02239e6bc9452,e6f4e0616666c6c6,train
cattle_6505,cattle_6505_DSCF6989.jpg,BeefCattle_Muzzle_Individualized/cattle_6505/cattle_6505_DSCF6989.jpg,139,113,6989,d25b0a60c75b43b95d530ccce564379809b4b508,e6e4e061666ececc,train
cattle_6505,cattle_6505_DSCF6990.jpg,BeefCattle_Muzzle_Individualized/cattle_6505/cattle_6505_DSCF6990.jpg,140,107,6990,8aa27999d413223496d92ff88b97f99d087d3a9c,f2f4f0757686a68e,train
cattle_6505,cattle_6505_DSCF6991.jpg,BeefCattle_Muzzle_Individualized/cattle_6505/cattle_6505_DSCF6991.jpg,143,106,6991,b8e5c772934b184aa482e79b9e11097dc0e60b7e,e6f4f071768687c6,train
cattle_6505,cattle_6505_DSCF6992.jpg,BeefCattle_Muzzle_Individualized/cattle_6505/cattle_6505_DSCF6992.jpg,132,99,6992,4b4b7779f2781c9cff06aadfc89f71ef6724ae2d,f4e4f0f56ec6e68e,train
cattle_6505,cattle_6505_DSCF6994.jpg,BeefCattle_Muzzle_Individualized/cattle_6505/cattle_6505_DSCF6994.jpg,139,110,6994,50d0bcec1e1e7ac9603c1e9b9e508b42721c2b7a,e0e4f071778686cc,train
cattle_6505,cattle_6505_DSCF6995.jpg,BeefCattle_Muzzle_Individualized/cattle_6505/cattle_6505_DSCF6995.jpg,126,108,6995,25cdde32c1e480491b36f088f193efeaabf38104,e7e4e0e9ecdedecc,train
cattle_6505,cattle_6505_DSCF6996.jpg,BeefCattle_Muzzle_Individualized/cattle_6505/cattle_6505_DSCF6996.jpg,137,103,6996,310c4244fda6c32a64b5bc23d22b592d1da97e4a,e6e4e0e1f6eececc,train
cattle_6505,cattle_6505_DSCF6997.jpg,BeefCattle_Muzzle_Individualized/cattle_6505/cattle_6505_DSCF6997.jpg,143,103,6997,43177f43172be4f9bafa57d9b2af50c02def6733,e6f4f0717776ceee,train
cattle_6505,cattle_6505_DSCF6998.jpg,BeefCattle_Muzzle_Individualized/cattle_6505/cattle_6505_DSCF6998.jpg,134,104,6998,221bffd660026665e81a0e707e8afee4d80780c7,f6f4f071778687ce,train
cattle_6506,cattle_6506_DSCF7044.jpg,BeefCattle_Muzzle_Individualized/cattle_6506/cattle_6506_DSCF7044.jpg,133,106,7044,6183607c03474461495eb012a7825439f38a7f22,b8f869692f0f868e,train
cattle_6506,cattle_6506_DSCF7045.jpg,BeefCattle_Muzzle_Individualized/cattle_6506/cattle_6506_DSCF7045.jpg,133,104,7045,778824d0c4e4349f06c9ae1eb7278545ad80ac60,b8f8e9692f2e0f8e,train
cattle_6506,cattle_6506_DSCF7046.jpg,BeefCattle_Muzzle_Individualized/cattle_6506/cattle_6506_DSCF7046.jpg,131,98,7046,f4fc8ddef889124bce8a5868dc0e6663efb7bc7b,f9f0ec65673737c6,train
cattle_6506,cattle_6506_DSCF7047.jpg,BeefCattle_Muzzle_Individualized/cattle_6506/cattle_6506_DSCF7047.jpg,131,99,7047,7e0045eadde95f980049791bf9282ce3173c9c6b,faf0fc656737a7c6,train
cattle_6506,cattle_6506_DSCF7048.jpg,BeefCattle_Muzzle_Individualized/cattle_6506/cattle_6506_DSCF7048.jpg,126,96,7048,8de258e5801a33f6f9fdd3bcca64e6014066aac8,edbaf0ed653737a6,train
cattle_6506,cattle_6506_DSCF7049.jpg,BeefCattle_Muzzle_Individualized/cattle_6506/cattle_6506_DSCF7049.jpg,130,98,7049,e51e4b1d9289fd9b837f090a590d6bab16787509,e8baf0ed6777f6e6,train
cattle_6506,cattle_6506_DSCF7050.jpg,BeefCattle_Muzzle_Individualized/cattle_6506/cattle_6506_DSCF7050.jpg,128,106,7050,b7f0875dba5c5882544717db2c77fbcd8124bdef,bdf86475378786c6,train
cattle_6506,cattle_6506_DSCF7051.jpg,BeefCattle_Muzzle_Individualized/cattle_6506/cattle_6506_DSCF7051.jpg,130,101,7051,3d196545e40e4931acf24d0a74d6c937973aac24,f8f8e9696f2e068e,train
cattle_6506,cattle_6506_DSCF7052.jpg,BeefCattle_Muzzle_Individualized/cattle_6506/cattle_6506_DSCF7052.jpg,131,101,7052,6dcc2071e21d54b8bc9ea639825d7b229748fb14,f8fce9696f2f87c6,train
cattle_6506,cattle_6506_DSCF7053.jpg,BeefCattle_Muzzle_Individualized/cattle_6506/cattle_6506_DSCF7053.jpg,128,101,7053,84bb420b66aa4b1c34c091fece2d1656d36ea5f2,fcf8e161670787c6,train
cattle_6506,cattle_6506_DSCF7054.jpg,BeefCattle_Muzzle_Individualized/cattle_6506/cattle_6506_DSCF7054.jpg,114,103,7054,df1b1bac5fd4db7b8f61cc552ba4fd9a8cadb63c,fcf0703b8bc787c7,train
cattle_6506,cattle_6506_DSCF7055.jpg,BeefCattle_Muzzle_Individualized/cattle_6506/cattle_6506_DSCF7055.jpg,123,103,7055,faa82db57de0a7cd8bac876ac46919c14dd61972,b9fcec613707078e,train
cattle_6506,cattle_6506_DSCF7056.jpg,BeefCattle_Muzzle_Individualized/cattle_6506/cattle_6506_DSCF7056.jpg,130,101,7056,3aaf11a762ee64609bb5797493e60c48d8647f61,b8f86c61378787c6,train
cattle_6506,cattle_6506_DSCF7057.jpg,BeefCattle_Muzzle_Individualized/cattle_6506/cattle_6506_DSCF7057.jpg,130,101,7057,1111c0d946ffb9ae9449f1ff4bbd2e01d62217e6,b8f8ed613787878e,train
cattle_6506,cattle_6506_DSCF7059.jpg,BeefCattle_Muzzle_Individualized/cattle_6506/cattle_6506_DSCF7059.jpg,130,104,7059,19fc064adeb1aef995b92899e9c26ba55fddb628,f8fcec61770787ce,train
cattle_6506,cattle_6506_DSCF7060.jpg,BeefCattle_Muzzle_Individualized/cattle_6506/cattle_6506_DSCF7060.jpg,131,96,7060,f66af7b230869c06bd91e54df6e1aea59a766ff3,b8fc6c6177378786,train
cattle_6530,cattle_6530_DSCF7007.jpg,BeefCattle_Muzzle_Individualized/cattle_6530/cattle_6530_DSCF7007.jpg,274,209,7007,1cd7980301d241f2bac61498816cea0650e64dfc,f0f0747076b3e3c6,train
cattle_6530,cattle_6530_DSCF7008.jpg,BeefCattle_Muzzle_Individualized/cattle_6530/cattle_6530_DSCF7008.jpg,269,220,7008,9b8ea5b30cc309a814f55bb939e62c854d45d827,e8f0f06566e7a3c6,train
cattle_6530,cattle_6530_DSCF7009.jpg,BeefCattle_Muzzle_Individualized/cattle_6530/cattle_6530_DSCF7009.jpg,250,226,7009,bbe10ad3a494152d4b7b0e3343bc001126e4d18a,e7e5e8e4e662c293,train
cattle_6530,cattle_6530_DSCF7010.jpg,BeefCattle_Muzzle_Individualized/cattle_6530/cattle_6530_DSCF7010.jpg,238,201,7010,f64b63b3e0f241f2ef98c5d2759b061a150bea80,f8f070707393d3c6,train
cattle_6530,cattle_6530_DSCF7011.jpg,BeefCattle_Muzzle_Individualized/cattle_6530/cattle_6530_DSCF7011.jpg,264,209,7011,a9be912cfc097c43cd9360617ae8a64b4a03114a,e6e4e1ede666e7ce,train
cattle_6530,cattle_6530_DSCF7012.jpg,BeefCattle_Muzzle_Individualized/cattle_6530/cattle_6530_DSCF7012.jpg,226,191,7012,0740319df77b2209cad82b777fa55add3dedf8f0,f8f8397963c9e1e3,train
cattle_6530,cattle_6530_DSCF7013.jpg,BeefCattle_Muzzle_Individualized/cattle_6530/cattle_6530_DSCF7013.jpg,269,225,7013,9c1b20e2c8ecc305f8927bf85204555853abb9f2,e3e4e0e1e6e7a3c3,train
cattle_6530,cattle_6530_DSCF7014.jpg,BeefCattle_Muzzle_Individualized/cattle_6530/cattle_6530_DSCF7014.jpg,266,207,7014,58861818028136e0ad1533e06ddc5003ce8515f2,ece8c1cbeeeea6ce,train
cattle_6530,cattle_6530_DSCF7015.jpg,BeefCattle_Muzzle_Individualized/cattle_6530/cattle_6530_DSCF7015.jpg,278,213,7015,f9044e2b3c26673fd974b7dd4d9de4bf977c1a68,eee4e0e16666a782,train
cattle_6530,cattle_6530_DSCF7016.jpg,BeefCattle_Muzzle_Individualized/cattle_6530/cattle_6530_DSCF7016.jpg,264,214,7016,785a42f8310118d5e1de259e99252bafbef149f8,e5e4f0783f33e3ca,train
cattle_6606,cattle_6606_DSCF8652.jpg,BeefCattle_Muzzle_Individualized/cattle_6606/cattle_6606_DSCF8652.jpg,181,118,8652,0097198cc1eb68e5f23d99eb1647d9322961bcc3,cecce0717196c6c4,train
cattle_6606,cattle_6606_DSCF8653.jpg,BeefCattle_Muzzle_Individualized/cattle_6606/cattle_6606_DSCF8653.jpg,184,121,8653,c3bc7333978a4f1cf56f72e53b09ca31cc5e776a,cfcce87171b684c4,train
cattle_6606,cattle_6606_DSCF8655.jpg,BeefCattle_Muzzle_Individualized/cattle_6606/cattle_6606_DSCF8655.jpg,219,146,8655,48a4d1adf2ec2d618fdda12146a226ecc8a7ab3a,cfcce8f1f1ac8ca4,train
cattle_6606,cattle_6606_DSCF8696.jpg,BeefCattle_Muzzle_Individualized/cattle_6606/cattle_6606_DSCF8696.jpg,212,158,8696,af3b6b93f5d62809bced63c3124c2e74c3d33a99,e7c6e87171968685,train
cattle_6606,cattle_6606_DSCF8697.jpg,BeefCattle_Muzzle_Individualized/cattle_6606/cattle_6606_DSCF8697.jpg,212,147,8697,c5ade40e315c6ab17ffe018a27391082ad3b7eb3,e7e4f87174968685,train
cattle_6606,cattle_6606_DSCF8700.jpg,BeefCattle_Muzzle_Individualized/cattle_6606/cattle_6606_DSCF8700.jpg,215,146,8700,59c6857f20223f1cc9f482c834162a6638003a30,e7e4e87171968e85,train
cattle_6606,cattle_6606_DSCF8701.jpg,BeefCattle_Muzzle_Individualized/cattle_6606/cattle_6606_DSCF8701.jpg,216,149,8701,e4ec245e0a8aa4dcbad43736e029e98d87aea968,e7e4787171968685,train
cattle_6606,cattle_6606_DSCF8702.jpg,BeefCattle_Muzzle_Individualized/cattle_6606/cattle_6606_DSCF8702.jpg,216,151,8702,9b631009f94b008557b844a1c7281e44ce6527a0,e7ece871f5968c95,train
cattle_6606,cattle_6606_DSCF8703.jpg,BeefCattle_Muzzle_Individualized/cattle_6606/cattle_6606_DSCF8703.jpg,205,147,8703,01b8ef87cd954795602c6c28c59aa1d480058524,c6e4f871f4868694,train
cattle_8050,cattle_8050_DSCF8486.jpg,BeefCattle_Muzzle_Individualized/cattle_8050/cattle_8050_DSCF8486.jpg,114,86,8486,7ec9aec6c2324e8214171438458fd6bb536fde8c,e8c8c869718e8ece,train
cattle_8050,cattle_8050_DSCF8489.jpg,BeefCattle_Muzzle_Individualized/cattle_8050/cattle_8050_DSCF8489.jpg,111,82,8489,84eadbd4a6462bab42530b7c2a8b509c347c9ceb,e0c8d879618c8e8e,train
cattle_8094,cattle_8094_DSCF8490.jpg,BeefCattle_Muzzle_Individualized/cattle_8094/cattle_8094_DSCF8490.jpg,137,91,8490,47f0a3aa49cbffcfe4d839813c78e673f632582a,8f8ed47060868ec6,dev
cattle_8094,cattle_8094_DSCF8491.jpg,BeefCattle_Muzzle_Individualized/cattle_8094/cattle_8094_DSCF8491.jpg,132,89,8491,2c77667ae22159bce70f9fbf363cfbfd982fae89,0e8ed4e0610e8e8e,dev
cattle_8094,cattle_8094_DSCF8492.jpg,BeefCattle_Muzzle_Individualized/cattle_8094/cattle_8094_DSCF8492.jpg,125,91,8492,53f8af4ab1caef86d9bb660227ed387a83544a5e,8fc6f87064868e8c,dev
cattle_8094,cattle_8094_DSCF8493.jpg,BeefCattle_Muzzle_Individualized/cattle_8094/cattle_8094_DSCF8493.jpg,120,94,8493,05a9a12c6f161f131a5ab47f7b339f71954ee6e5,86c6e878308686cc,dev
cattle_8094,cattle_8094_DSCF8496.jpg,BeefCattle_Muzzle_Individualized/cattle_8094/cattle_8094_DSCF8496.jpg,130,93,8496,2b7e65f7de292d0e3465b1f3e675955e3f0bf815,0f8ed0f060868e86,dev
cattle_8094,cattle_8094_DSCF8497.jpg,BeefCattle_Muzzle_Individualized/cattle_8094/cattle_8094_DSCF8497.jpg,135,91,8497,e174a097411a6bb60afa237285628a6edda1a76e,8fcef07064868ec6,dev
cattle_8094,cattle_8094_DSCF8498.jpg,BeefCattle_Muzzle_Individualized/cattle_8094/cattle_8094_DSCF8498.jpg,136,94,8498,b4201b26c416eb20db81be14342130ff05502cc0,8ecef070618e8e9c,dev
cattle_8094,cattle_8094_DSCF8500.jpg,BeefCattle_Muzzle_Individualized/cattle_8094/cattle_8094_DSCF8500.jpg,133,91,8500,8cd428dc5fb6d745724e9fec48041653c4db023a,8e8ef0e0498e8e9c,dev
cattle_8094,cattle_8094_DSCF8501.jpg,BeefCattle_Muzzle_Individualized/cattle_8094/cattle_8094_DSCF8501.jpg,138,94,8501,288ba6c468053e7c2f11ba6a9bed0915536596b7,8fcef470618c8edc,dev
cattle_9021,cattle_9021_DSCF8547.jpg,BeefCattle_Muzzle_Individualized/cattle_9021/cattle_9021_DSCF8547.jpg,169,132,8547,7ff5ba13bd6c6e53fbd0c4be325ba06ba96a6359,8a88e070b19e96d0,train
cattle_9021,cattle_9021_DSCF8548.jpg,BeefCattle_Muzzle_Individualized/cattle_9021/cattle_9021_DSCF8548.jpg,165,134,8548,a44faec2172248ff0aae395a47ddaa1d102399f9,0b88e070919e96d0,train
cattle_9021,cattle_9021_DSCF8550.jpg,BeefCattle_Muzzle_Individualized/cattle_9021/cattle_9021_DSCF8550.jpg,169,137,8550,6b8a79caf270ef6e735b736dc2dce8a0a5448257,0a8cc0e0709e94d0,train
cattle_9021,cattle_9021_DSCF8551.jpg,BeefCattle_Muzzle_Individualized/cattle_9021/cattle_9021_DSCF8551.jpg,170,130,8551,f164494c4e0b50a4411a64070195f2ba58c4ab46,8ac8e070909e96d0,train
cattle_9021,cattle_9021_DSCF8552.jpg,BeefCattle_Muzzle_Individualized/cattle_9021/cattle_9021_DSCF8552.jpg,175,134,8552,b8754a849e70d3e259c1754fca5c05e4af8b990f,8ac8e070a09ec6d0,train
cattle_9021,cattle_9021_DSCF8554.jpg,BeefCattle_Muzzle_Individualized/cattle_9021/cattle_9021_DSCF8554.jpg,167,132,8554,aebfa80f393d12db92fd86a51124b68b57b868f6,0a88c070909e94d0,train
cattle_9021,cattle_9021_DSCF8555.jpg,BeefCattle_Muzzle_Individualized/cattle_9021/cattle_9021_DSCF8555.jpg,161,132,8555,9d3809f1918f341059cf6395dee280f322967afe,89c8e870909e96d2,train
cattle_9029,cattle_9029_DSCF8545.jpg,BeefCattle_Muzzle_Individualized/cattle_9029/cattle_9029_DSCF8545.jpg,181,144,8545,65ce8bbdef14951e06cc906a087a8996d673da57,8ecce878598e8ea2,train
cattle_9029,cattle_9029_DSCF8546.jpg,BeefCattle_Muzzle_Individualized/cattle_9029/cattle_9029_DSCF8546.jpg,184,144,8546,0b9be0d703fcd6e1e4491f3b790a1420a83271e9,8ecce878598e8e96,train
cattle_9029,cattle_9029_DSCF8547.jpg,BeefCattle_Muzzle_Individualized/cattle_9029/cattle_9029_DSCF8547.jpg,182,145,8547,f52886413853f5a2d0b1e63a1f2c8b0d78f51325,8ccce878198e8ea6,train
cattle_9029,cattle_9029_DSCF8548.jpg,BeefCattle_Muzzle_Individualized/cattle_9029/cattle_9029_DSCF8548.jpg,182,143,8548,2a4fd83b1b0c93e1f6b22cc1a850be5bfd5909bf,88cce8f8118e8eb6,train
cattle_9029,cattle_9029_DSCF8554.jpg,BeefCattle_Muzzle_Individualized/cattle_9029/cattle_9029_DSCF8554.jpg,186,142,8554,9dc391632410b6313e0cfd9d9131720e6de16eb6,88cce878118e86ac,train
cattle_9029,cattle_9029_DSCF8557.jpg,BeefCattle_Muzzle_Individualized/cattle_9029/cattle_9029_DSCF8557.jpg,186,144,8557,8c79c0f22a8e3e6feb8a3ab5103c7ba8046efc62,88cce878198e8ebc,train
cattle_9029,cattle_9029_DSCF8558.jpg,BeefCattle_Muzzle_Individualized/cattle_9029/cattle_9029_DSCF8558.jpg,183,140,8558,39bfe00b6fabe79bbbbc895e2db2a22e4d5cb5b1,86c4f87899868696,train
cattle_9029,cattle_9029_DSCF8559.jpg,BeefCattle_Muzzle_Individualized/cattle_9029/cattle_9029_DSCF8559.jpg,175,141,8559,c047b00085ef994327e2790003d1e209f7a0fff8,86e4f47888869296,train
cattle_9029,cattle_9029_DSCF8561.jpg,BeefCattle_Muzzle_Individualized/cattle_9029/cattle_9029_DSCF8561.jpg,178,139,8561,657d6b82e9d4c50438ce9a893614ee2a718d1732,8ecce878718e8692,train
cattle_9029,cattle_9029_DSCF8564.jpg,BeefCattle_Muzzle_Individualized/cattle_9029/cattle_9029_DSCF8564.jpg,176,143,8564,718c500ffbba4e2e2f57a8be4c7a6d64d86c0ac3,8ecce878558e86a6,train
cattle_9029,cattle_9029_DSCF8567.jpg,BeefCattle_Muzzle_Individualized/cattle_9029/cattle_9029_DSCF8567.jpg,176,147,8567,c839f5ff8547510443fe1dce46576138d24cd386,8ecce878498e86b6,train
cattle_9634,cattle_9634_DSCF8586.jpg,BeefCattle_Muzzle_Individualized/cattle_9634/cattle_9634_DSCF8586.jpg,150,129,8586,ef27f5c0e0f9e20d950a8dceeab92eac55195564,8e86cc68379796b2,train
cattle_9634,cattle_9634_DSCF8587.jpg,BeefCattle_Muzzle_Individualized/cattle_9634/cattle_9634_DSCF8587.jpg,149,120,8587,e2f4f51db298077a88642ad148809bf5a7c97045,86cccc69171692b2,train
cattle_9634,cattle_9634_DSCF8589.jpg,BeefCattle_Muzzle_Individualized/cattle_9634/cattle_9634_DSCF8589.jpg,145,117,8589,4b0d0dc427e14834643bea7593f13fc0b13a1fd1,86c6cc60171793b3,train
cattle_9634,cattle_9634_DSCF8590.jpg,BeefCattle_Muzzle_Individualized/cattle_9634/cattle_9634_DSCF8590.jpg,150,126,8590,07c7c3b1087d13728b8a124d25ac46a44e9c7f34,8ec6cc69179692b2,train
cattle_9634,cattle_9634_DSCF8591.jpg,BeefCattle_Muzzle_Individualized/cattle_9634/cattle_9634_DSCF8591.jpg,147,121,8591,0ce0565caeb36ee26bede7623b8c405dc9a1a3d6,8ecccc691716b6b2,train
cattle_9634,cattle_9634_DSCF8593.jpg,BeefCattle_Muzzle_Individualized/cattle_9634/cattle_9634_DSCF8593.jpg,147,120,8593,a1458f959cdb8e29a48d56e02e9a6261e2eec895,86c4ec61179796b2,train
cattle_9634,cattle_9634_DSCF8601.jpg,BeefCattle_Muzzle_Individualized/cattle_9634/cattle_9634_DSCF8601.jpg,149,122,8601,c17d1a4d75a4b99ec7f32c36fcc94daf8914aa03,8686cc6c139797b2,train
cattle_9634,cattle_9634_DSCF8602.jpg,BeefCattle_Muzzle_Individualized/cattle_9634/cattle_9634_DSCF8602.jpg,147,117,8602,ff998952c38af1d21a9a4a4bd9caa112e1cdf34a,86ccec69171796b2,train
cattle_9634,cattle_9634_DSCF8603.jpg,BeefCattle_Muzzle_Individualized/cattle_9634/cattle_9634_DSCF8603.jpg,150,125,8603,36c4323fd7199776f878013cc13782514dfb8b9c,86c6e460139796b2,train
cattle_9634,cattle_9634_DSCF8605.jpg,BeefCattle_Muzzle_Individualized/cattle_9634/cattle_9634_DSCF8605.jpg,149,124,8605,6548bfaec17a0b649e27b0c47334a8fbab8b99bd,86c4e471179792b2,train
cattle_9634,cattle_9634_DSCF8606.jpg,BeefCattle_Muzzle_Individualized/cattle_9634/cattle_9634_DSCF8606.jpg,150,122,8606,94bc02a87e8b1085ae4115be5034cfd4daa895e7,86c6e46457979392,train
cattle_9634,cattle_9634_DSCF8607.jpg,BeefCattle_Muzzle_Individualized/cattle_9634/cattle_9634_DSCF8607.jpg,145,119,8607,526cea2d4550608c375373fda3630f589d7820c9,86c4e470179796f2,train
cattle_9634,cattle_9634_DSCF8610.jpg,BeefCattle_Muzzle_Individualized/cattle_9634/cattle_9634_DSCF8610.jpg,149,119,8610,a8ec5974a11771b06e62491a466188cb8011775e,86c66474178793b2,train
cattle_9634,cattle_9634_DSCF8613.jpg,BeefCattle_Muzzle_Individualized/cattle_9634/cattle_9634_DSCF8613.jpg,138,115,8613,fcb33bd0eda11043353d1dfcb33d7004a924cf8d,87c6e474139393b3,train
cattle_9634,cattle_9634_DSCF8614.jpg,BeefCattle_Muzzle_Individualized/cattle_9634/cattle_9634_DSCF8614.jpg,146,122,8614,dec1308d5017b076f8b5a59d3ac92b39f0ce227a,86c6e474179796b2,train
cattle_9634,cattle_9634_DSCF8615.jpg,BeefCattle_Muzzle_Individualized/cattle_9634/cattle_9634_DSCF8615.jpg,143,119,8615,6a62ba670abeb6c1245cb6f057ccea085bb93f84,86c6e474539397b2,train
cattle_9634,cattle_9634_DSCF8616.jpg,BeefCattle_Muzzle_Individualized/cattle_9634/cattle_9634_DSCF8616.jpg,145,125,8616,b61bce6137afcb3f12956d9924e5e6e09ba8ca6e,86c6e4704b8b9392,train
cattle_9634,cattle_9634_DSCF8617.jpg,BeefCattle_Muzzle_Individualized/cattle_9634/cattle_9634_DSCF8617.jpg,143,122,8617,d1f1a45208fddc86ad0354bee36a140f6fc52314,86c6e474138792b6,train
cattle_9634,cattle_9634_DSCF8618.jpg,BeefCattle_Muzzle_Individualized/cattle_9634/cattle_9634_DSCF8618.jpg,140,122,8618,b7830ced1f2231f0f556f97eb610ad73c6d898f5,8686e47453939393,train
cattle_9634,cattle_9634_DSCF8620.jpg,BeefCattle_Muzzle_Individualized/cattle_9634/cattle_9634_DSCF8620.jpg,145,122,8620,362494b99ac809ae7bda59792c4ddc76fc3583f2,86c6e47443838392,train
cattle_9635,cattle_9635_DSCF8600.jpg,BeefCattle_Muzzle_Individualized/cattle_9635/cattle_9635_DSCF8600.jpg,127,140,8600,3622387233070286686acfdeb6ac8ebf38cc9dae,510400212326bcf4,train
cattle_9635,cattle_9635_DSCF8601.jpg,BeefCattle_Muzzle_Individualized/cattle_9635/cattle_9635_DSCF8601.jpg,129,135,8601,a643d515d500a60b4a8b77ad2b935ecca7d129c0,030800e12326bcf4,train
cattle_9635,cattle_9635_DSCF8602.jpg,BeefCattle_Muzzle_Individualized/cattle_9635/cattle_9635_DSCF8602.jpg,125,128,8602,d9e61890db015a419c66e6d5495dfcdf3f22917d,000840e14322acdc,train
cattle_9635,cattle_9635_DSCF8603.jpg,BeefCattle_Muzzle_Individualized/cattle_9635/cattle_9635_DSCF8603.jpg,122,124,8603,f7a0e977d8507769a20ad6a113a24eabb4135b4f,1028a0e1a1a2b6d4,train
cattle_9635,cattle_9635_DSCF8604.jpg,BeefCattle_Muzzle_Individualized/cattle_9635/cattle_9635_DSCF8604.jpg,121,129,8604,27caf7526bc7358a86701e62c433cece24bea00e,000840e1a12ebcfc,train
cattle_9635,cattle_9635_DSCF8605.jpg,BeefCattle_Muzzle_Individualized/cattle_9635/cattle_9635_DSCF8605.jpg,126,126,8605,0efb6aaa21b1aa486f043e4d99974cb2c691e4f1,000880a1a1a2bcd4,train
cattle_9635,cattle_9635_DSCF8606.jpg,BeefCattle_Muzzle_Individualized/cattle_9635/cattle_9635_DSCF8606.jpg,114,131,8606,7b8fbb6ab6a7ecdd49e75cf066c57dc338b4c397,8000c0c1c3ac9cfc,train
cattle_9736,cattle_9736_DSCF8515.jpg,BeefCattle_Muzzle_Individualized/cattle_9736/cattle_9736_DSCF8515.jpg,174,126,8515,720512f0817ca30cc87f0436b4cb374b4a428c31,0a8eccc8b19190b0,train
cattle_9736,cattle_9736_DSCF8516.jpg,BeefCattle_Muzzle_Individualized/cattle_9736/cattle_9736_DSCF8516.jpg,164,128,8516,e1df7befc90bd90dca84bb955b1435bde6757faa,0a8eccc8919110a0,train
cattle_9736,cattle_9736_DSCF8517.jpg,BeefCattle_Muzzle_Individualized/cattle_9736/cattle_9736_DSCF8517.jpg,170,129,8517,690db47f6e25eb4ad9c26a66a636e88f2720f6bc,0acce468318090a0,train
cattle_9736,cattle_9736_DSCF8518.jpg,BeefCattle_Muzzle_Individualized/cattle_9736/cattle_9736_DSCF8518.jpg,171,127,8518,1af08d1cba6d4f1e5bc6e661be7b1187a3682fb4,0a8ec468719090a0,train
cattle_9736,cattle_9736_DSCF8519.jpg,BeefCattle_Muzzle_Individualized/cattle_9736/cattle_9736_DSCF8519.jpg,175,132,8519,78edc9e1c39811af4ba0b7b97806675b5ce8e1bb,2a8ecce8719192b0,train
cattle_9736,cattle_9736_DSCF8520.jpg,BeefCattle_Muzzle_Individualized/cattle_9736/cattle_9736_DSCF8520.jpg,171,131,8520,6de23b2e36e65f86f0fb664e873adb7c41bf9aa5,0b8ecce8719190a0,train
cattle_9736,cattle_9736_DSCF8522.jpg,BeefCattle_Muzzle_Individualized/cattle_9736/cattle_9736_DSCF8522.jpg,173,127,8522,db9fea50bb110f2e1a92cdc0c7c6fc7f4107fd1a,0e8cccf871939080,train
cattle_9736,cattle_9736_DSCF8523.jpg,BeefCattle_Muzzle_Individualized/cattle_9736/cattle_9736_DSCF8523.jpg,174,130,8523,ba6d6efdbc2a4667e0e68957ec75524df3f647a9,0e8cc8f17192b080,train
cattle_9736,cattle_9736_DSCF8525.jpg,BeefCattle_Muzzle_Individualized/cattle_9736/cattle_9736_DSCF8525.jpg,171,130,8525,3abb162049d6f48788b8924b9ee7c4a1486ccc93,0eceecf871929000,train
cattle_9736,cattle_9736_DSCF8526.jpg,BeefCattle_Muzzle_Individualized/cattle_9736/cattle_9736_DSCF8526.jpg,166,133,8526,59c44068622bef13bc287952ec1725c6769835e6,0fcee46879809008,train
cattle_9736,cattle_9736_DSCF8527.jpg,BeefCattle_Muzzle_Individualized/cattle_9736/cattle_9736_DSCF8527.jpg,161,129,8527,a5c29afc04397179adb3cb453a1eb781e23677a1,0e8eccf071112020,train
cattle_9736,cattle_9736_DSCF8528.jpg,BeefCattle_Muzzle_Individualized/cattle_9736/cattle_9736_DSCF8528.jpg,171,133,8528,019c281bf7933e01055446e97b1f10f21e8e8303,0a8eccf871918020,train
cattle_9736,cattle_9736_DSCF8529.jpg,BeefCattle_Muzzle_Individualized/cattle_9736/cattle_9736_DSCF8529.jpg,172,128,8529,492506893801d1c49f16ef41065bbc030babb24d,8a8cc8f87192a0a0,train
cattle_9736,cattle_9736_DSCF8530.jpg,BeefCattle_Muzzle_Individualized/cattle_9736/cattle_9736_DSCF8530.jpg,172,129,8530,a8305541e2896bf568bfcea80ed23ba4c85f9ed7,8a8eccf87193b2b0,train
cattle_9736,cattle_9736_DSCF8531.jpg,BeefCattle_Muzzle_Individualized/cattle_9736/cattle_9736_DSCF8531.jpg,177,132,8531,bc42fa5cb49b0ed08f88d1cd28f7391618ad38d6,0a8ecc797192b0b0,train
cattle_9742,cattle_9742_DSCF8502.jpg,BeefCattle_Muzzle_Individualized/cattle_9742/cattle_9742_DSCF8502.jpg,205,168,8502,5df9d171c0055d2a0d724036f99a0e1ee70f05e9,89c0e061038b9a9c,dev
cattle_9742,cattle_9742_DSCF8515.jpg,BeefCattle_Muzzle_Individualized/cattle_9742/cattle_9742_DSCF8515.jpg,173,114,8515,5c35db41627d5d37de2da28055e2d686338d4225,0880c06021869098,dev
cattle_9742,cattle_9742_DSCF8516.jpg,BeefCattle_Muzzle_Individualized/cattle_9742/cattle_9742_DSCF8516.jpg,175,126,8516,e0389f6b610745c6d14520768689b78ee773a789,4980c0602182909c,dev
cattle_9742,cattle_9742_DSCF8517.jpg,BeefCattle_Muzzle_Individualized/cattle_9742/cattle_9742_DSCF8517.jpg,172,125,8517,7dcca2161f4377431313f0dc174290ae2c3b1f68,4980c44021869098,dev
cattle_9742,cattle_9742_DSCF8518.jpg,BeefCattle_Muzzle_Individualized/cattle_9742/cattle_9742_DSCF8518.jpg,166,123,8518,cfe6efca7b1dd46ea2fe12c55dd73938d546f915,0980c4412186b09c,dev
cattle_9742,cattle_9742_DSCF8519.jpg,BeefCattle_Muzzle_Individualized/cattle_9742/cattle_9742_DSCF8519.jpg,179,126,8519,c16314c1d0d57a3c63c187d0ad3bd43ba9d2f4e3,c884c4612186928e,dev
cattle_9742,cattle_9742_DSCF8520.jpg,BeefCattle_Muzzle_Individualized/cattle_9742/cattle_9742_DSCF8520.jpg,178,123,8520,d399046c6592cc6233c33655734c0bb03a548d63,88c4c461218692de,dev
cattle_9742,cattle_9742_DSCF8521.jpg,BeefCattle_Muzzle_Individualized/cattle_9742/cattle_9742_DSCF8521.jpg,178,123,8521,e308d2e93ebf2b6051deff6e1a19794ef792f7b6,89c4c4612186939e,dev
cattle_9742,cattle_9742_DSCF8522.jpg,BeefCattle_Muzzle_Individualized/cattle_9742/cattle_9742_DSCF8522.jpg,173,123,8522,e78cf54d1aabc7c020f8df4975bc51e33b40f017,8982c4612186939e,dev
cattle_9742,cattle_9742_DSCF8523.jpg,BeefCattle_Muzzle_Individualized/cattle_9742/cattle_9742_DSCF8523.jpg,178,129,8523,17e0b9bab56743d472a12be436db1a9c9fbccdc6,c9c2c4612186929e,dev
cattle_9742,cattle_9742_DSCF8525.jpg,BeefCattle_Muzzle_Individualized/cattle_9742/cattle_9742_DSCF8525.jpg,173,124,8525,43d169e561104d87f774c942223732e13df99ccf,8bc6c461058693de,dev
cattle_9742,cattle_9742_DSCF8526.jpg,BeefCattle_Muzzle_Individualized/cattle_9742/cattle_9742_DSCF8526.jpg,170,123,8526,2ccc26c9075fe80da9f9ac7f58d82f71999c6222,8b84c449818693de,dev
cattle_9742,cattle_9742_DSCF8527.jpg,BeefCattle_Muzzle_Individualized/cattle_9742/cattle_9742_DSCF8527.jpg,178,126,8527,5cc7640423f13b68779b5bb95d5b5684e4a61838,c8c4c0612186929e,dev
cattle_9742,cattle_9742_DSCF8529.jpg,BeefCattle_Muzzle_Individualized/cattle_9742/cattle_9742_DSCF8529.jpg,172,131,8529,3f07d9f00fd9d52409df6e7a890bb0705d27dd60,c9c0c4612182939e,dev
cattle_9742,cattle_9742_DSCF8530.jpg,BeefCattle_Muzzle_Individualized/cattle_9742/cattle_9742_DSCF8530.jpg,175,134,8530,421dbaa661d9b741b3d5bd4f0126e271875b68fb,49c0c46121869396,dev
cattle_9742,cattle_9742_DSCF8532.jpg,BeefCattle_Muzzle_Individualized/cattle_9742/cattle_9742_DSCF8532.jpg,178,129,8532,0b9ec60c6442732696d4b6fef3ec30d9474a91de,c8c0e061258693cc,dev
cattle_9773,cattle_9773_DSCF8533.jpg,BeefCattle_Muzzle_Individualized/cattle_9773/cattle_9773_DSCF8533.jpg,140,103,8533,45e5ff1229b3658b98eea8e55ece220b27350a42,8080c0c041038386,train
cattle_9773,cattle_9773_DSCF8534.jpg,BeefCattle_Muzzle_Individualized/cattle_9773/cattle_9773_DSCF8534.jpg,142,106,8534,589d41e77b8241dcb605a5b377990b6248521395,8080c0c14183870e,train
cattle_9773,cattle_9773_DSCF8535.jpg,BeefCattle_Muzzle_Individualized/cattle_9773/cattle_9773_DSCF8535.jpg,139,102,8535,f9d5ac353461a44060ed63e5879992926bd4a43f,80c0c0610183870e,train
cattle_9773,cattle_9773_DSCF8541.jpg,BeefCattle_Muzzle_Individualized/cattle_9773/cattle_9773_DSCF8541.jpg,139,93,8541,361377947cba0ca00ae858a20dedc7160b621b6c,8080c0c061018307,train
cattle_9773,cattle_9773_DSCF8542.jpg,BeefCattle_Muzzle_Individualized/cattle_9773/cattle_9773_DSCF8542.jpg,135,107,8542,09ce955c1beee2ba611d41586eea4c7b8e58e647,8080c0c00103070e,train
cattle_9798,cattle_9798_DSCF8503.jpg,BeefCattle_Muzzle_Individualized/cattle_9798/cattle_9798_DSCF8503.jpg,248,183,8503,e3279d3695679f6c713110ee8ed0555f2fb7387e,8e8ecce8998e8e8e,train
cattle_9798,cattle_9798_DSCF8507.jpg,BeefCattle_Muzzle_Individualized/cattle_9798/cattle_9798_DSCF8507.jpg,236,171,8507,1d3574a31224ebf3769b9f2347cd03c0c71db726,0e8ec8f8a98e8e9e,train
cattle_9798,cattle_9798_DSCF8508.jpg,BeefCattle_Muzzle_Individualized/cattle_9798/cattle_9798_DSCF8508.jpg,236,171,8508,5b8df1803563ff7fc3c90219ef876d43315727c2,8e8ec4f8a98e8e9e,train
cattle_9798,cattle_9798_DSCF8509.jpg,BeefCattle_Muzzle_Individualized/cattle_9798/cattle_9798_DSCF8509.jpg,233,168,8509,67b9b69c4232aa93cd03cb8f8e491e7b89a7e27c,8e8ec8f8898e8e8e,train
cattle_9798,cattle_9798_DSCF8511.jpg,BeefCattle_Muzzle_Individualized/cattle_9798/cattle_9798_DSCF8511.jpg,233,177,8511,c15c0796ef9b5b630eda4369fc7dcacfa085174d,8eccf8f9898e8e9c,train
cattle_9798,cattle_9798_DSCF8512.jpg,BeefCattle_Muzzle_Individualized/cattle_9798/cattle_9798_DSCF8512.jpg,227,177,8512,52aa31d8229631a1218430d93f7c30e750a406c4,8ec4e8f9888e8ebe,train
cattle_9798,cattle_9798_DSCF8513.jpg,BeefCattle_Muzzle_Individualized/cattle_9798/cattle_9798_DSCF8513.jpg,236,180,8513,747c8865b30916789cf24a1b48c9e073bcf9e917,8ec4e8f8898e8e9c,train
cattle_9798,cattle_9798_DSCF8533.jpg,BeefCattle_Muzzle_Individualized/cattle_9798/cattle_9798_DSCF8533.jpg,194,148,8533,85bade662cbe2d60c06a733824fd092af3878404,8c8eccf8898e8e86,train
cattle_9798,cattle_9798_DSCF8534.jpg,BeefCattle_Muzzle_Individualized/cattle_9798/cattle_9798_DSCF8534.jpg,190,148,8534,01608fde3b557a858d8265e396ae0bbaee74f863,088eccd8298e9ea6,train
cattle_9798,cattle_9798_DSCF8535.jpg,BeefCattle_Muzzle_Individualized/cattle_9798/cattle_9798_DSCF8535.jpg,197,145,8535,a7d0802b0b2b9d2ba111a50f83f1726182d2ab9b,8e8cc8f8898e9ca4,train
cattle_9798,cattle_9798_DSCF8536.jpg,BeefCattle_Muzzle_Individualized/cattle_9798/cattle_9798_DSCF8536.jpg,194,159,8536,c6d89aa5ec7a3d57735c59c61c11e9b88b3e01d5,8e8ec8e8888e8e06,train
cattle_9798,cattle_9798_DSCF8538.jpg,BeefCattle_Muzzle_Individualized/cattle_9798/cattle_9798_DSCF8538.jpg,194,145,8538,d61a3b1f0451cc41e5fe35c5046fa9216a60176d,8e8ec8e8998e8ca4,train
cattle_9798,cattle_9798_DSCF8539.jpg,BeefCattle_Muzzle_Individualized/cattle_9798/cattle_9798_DSCF8539.jpg,194,137,8539,075e6cfaa4ad5c6f3f5a26c309631738519406a5,8ec6e8f8098e9cac,train
cattle_9798,cattle_9798_DSCF8543.jpg,BeefCattle_Muzzle_Individualized/cattle_9798/cattle_9798_DSCF8543.jpg,194,152,8543,a83bd84427dffcf1dfa70ef4ce0d01532bdcb966,8e86c8f8099c9c2c,train
cattle_9798,cattle_9798_DSCF8544.jpg,BeefCattle_Muzzle_Individualized/cattle_9798/cattle_9798_DSCF8544.jpg,201,145,8544,d77b3518a33df2b385e350f531b79c02e57213a3,8cceccf8998c9cac,train
cattle_9798,cattle_9798_DSCF8560.jpg,BeefCattle_Muzzle_Individualized/cattle_9798/cattle_9798_DSCF8560.jpg,180,137,8560,e156841ce5ed2cd49bfd686c59bb16549616e5c0,8eceec78b98e8cac,train
cattle_9798,cattle_9798_DSCF8561.jpg,BeefCattle_Muzzle_Individualized/cattle_9798/cattle_9798_DSCF8561.jpg,176,141,8561,22df7347edc09b290d7b7eeb7f29b67d29caa6a0,8e8eccf8399c9cbc,train
cattle_9798,cattle_9798_DSCF8562.jpg,BeefCattle_Muzzle_Individualized/cattle_9798/cattle_9798_DSCF8562.jpg,176,148,8562,f96283ae293c8117f353e6bddcab033d2f07a97a,0e8eccf8399c9c0c,train
cattle_9798,cattle_9798_DSCF8563.jpg,BeefCattle_Muzzle_Individualized/cattle_9798/cattle_9798_DSCF8563.jpg,172,134,8563,01127d6b4848b88d06d2c222f0994fa78a28aa55,8e8eccf8399e9cec,train
cattle_9798,cattle_9798_DSCF8564.jpg,BeefCattle_Muzzle_Individualized/cattle_9798/cattle_9798_DSCF8564.jpg,180,137,8564,080d9210ee634fc848d15ff1f1cf3a278ffb7cd2,8e8ec4e8798c9cfc,train
cattle_9798,cattle_9798_DSCF8565.jpg,BeefCattle_Muzzle_Individualized/cattle_9798/cattle_9798_DSCF8565.jpg,183,137,8565,338965ed6f00968ce584ddf56ec6a7cf464c9eec,8ecee478398c9cfc,train
cattle_9798,cattle_9798_DSCF8570.jpg,BeefCattle_Muzzle_Individualized/cattle_9798/cattle_9798_DSCF8570.jpg,172,130,8570,9056e6bd63472cd5837719bbdc9114e778eee2f3,8ec4f8f9381c9c5d,train
cattle_9798,cattle_9798_DSCF8573.jpg,BeefCattle_Muzzle_Individualized/cattle_9798/cattle_9798_DSCF8573.jpg,176,137,8573,30750ab6284cef112584405480d4513bdb405661,0e8eccf9391c9c5c,train
cattle_9798,cattle_9798_DSCF8580.jpg,BeefCattle_Muzzle_Individualized/cattle_9798/cattle_9798_DSCF8580.jpg,172,141,8580,e4dc6e5af253dcdfc7b488e63612e9b6ae9e8c24,8ec6ecf8289e9c3c,train
cattle_9801,cattle_9801_DSCF8586.jpg,BeefCattle_Muzzle_Individualized/cattle_9801/cattle_9801_DSCF8586.jpg,183,148,8586,6cdbb8b21100bced35b59544734c9a3fd7e7a58c,8e8ec8f8c88c8e0c,train
cattle_9801,cattle_9801_DSCF8587.jpg,BeefCattle_Muzzle_Individualized/cattle_9801/cattle_9801_DSCF8587.jpg,183,134,8587,78fba64d67256f0f62fe46ae335cbb61e59b90db,8eccf0f0c88e8e0c,train
cattle_9801,cattle_9801_DSCF8588.jpg,BeefCattle_Muzzle_Individualized/cattle_9801/cattle_9801_DSCF8588.jpg,181,138,8588,229562b98c3feed9a3c40a919be7bb010eed0aba,8e8cf0f0c88e8c0e,train
cattle_9801,cattle_9801_DSCF8589.jpg,BeefCattle_Muzzle_Individualized/cattle_9801/cattle_9801_DSCF8589.jpg,177,138,8589,268423bf2e52260631f97c80e5d6cd3cb168b166,0e8cf0f0cc8e8e0e,train
cattle_9801,cattle_9801_DSCF8592.jpg,BeefCattle_Muzzle_Individualized/cattle_9801/cattle_9801_DSCF8592.jpg,184,139,8592,f5d2876cd20a52d0ab7f8585e6e88e63cd5285ce,8ecef0f0cc8e8e0e,train
cattle_9801,cattle_9801_DSCF8595.jpg,BeefCattle_Muzzle_Individualized/cattle_9801/cattle_9801_DSCF8595.jpg,181,129,8595,e11557ddd6ab17c99fa89a0d901d4d543a12b365,8a8cf0f0c88c8e0c,train
